id,name,country,normal_month,tavg,tmin,tmax,prcp,wspd,pres,tsun,latitude,longitude
60096,Villa Cisneros,EH,1,18.5,14.6,22.4,3.5,,1019.1,15738.0,23.7,-15.8667
60096,Villa Cisneros,EH,2,19.1,15.2,23.0,1.6,,1018.2,15108.6,23.7,-15.8667
60096,Villa Cisneros,EH,3,19.6,15.8,23.5,1.8,,1016.2,17574.8,23.7,-15.8667
60096,Villa Cisneros,EH,4,19.6,16.3,22.8,1.4,,1015.4,18510.0,23.7,-15.8667
60096,Villa Cisneros,EH,5,20.2,16.9,23.6,1.0,,1015.5,19602.9,23.7,-15.8667
60096,Villa Cisneros,EH,6,21.4,18.2,24.6,0.2,,1015.6,17860.0,23.7,-15.8667
60096,Villa Cisneros,EH,7,21.8,18.8,24.8,0.2,,1014.0,16250.5,23.7,-15.8667
60096,Villa Cisneros,EH,8,22.6,19.6,25.7,2.5,,1013.1,15252.6,23.7,-15.8667
60096,Villa Cisneros,EH,9,23.3,20.0,26.6,3.5,,1014.6,14476.4,23.7,-15.8667
60096,Villa Cisneros,EH,10,22.8,19.3,26.3,3.8,,1015.2,16460.0,23.7,-15.8667
60096,Villa Cisneros,EH,11,21.4,17.8,25.0,1.0,,1016.4,15554.1,23.7,-15.8667
60096,Villa Cisneros,EH,12,19.4,15.6,23.2,6.8,,1018.1,14682.0,23.7,-15.8667
60101,Tanger Aerodrome,MA,1,12.8,8.7,16.9,94.7,,1022.3,10257.5,35.7333,-5.9
60101,Tanger Aerodrome,MA,2,13.2,8.9,17.5,60.3,,1021.4,10873.0,35.7333,-5.9
60101,Tanger Aerodrome,MA,3,14.8,10.4,19.2,67.7,,1018.3,13400.0,35.7333,-5.9
60101,Tanger Aerodrome,MA,4,16.4,12.0,20.7,60.6,,1015.8,15454.3,35.7333,-5.9
60101,Tanger Aerodrome,MA,5,18.9,14.1,23.7,36.6,,1015.9,18313.6,35.7333,-5.9
60101,Tanger Aerodrome,MA,6,22.2,17.3,27.1,7.4,,1016.3,19870.9,35.7333,-5.9
60101,Tanger Aerodrome,MA,7,24.2,19.3,29.1,1.2,,1015.5,21212.7,35.7333,-5.9
60101,Tanger Aerodrome,MA,8,24.9,20.1,29.7,1.6,,1015.1,19907.4,35.7333,-5.9
60101,Tanger Aerodrome,MA,9,23.2,18.9,27.5,27.2,,1016.2,15634.6,35.7333,-5.9
60101,Tanger Aerodrome,MA,10,20.5,16.4,24.7,87.4,,1016.9,13645.0,35.7333,-5.9
60101,Tanger Aerodrome,MA,11,16.2,12.4,20.1,109.6,,1018.5,11045.2,35.7333,-5.9
60101,Tanger Aerodrome,MA,12,13.9,10.1,17.7,116.7,,1021.3,9065.7,35.7333,-5.9
60115,Oujda,MA,1,10.6,4.5,16.6,33.1,,1023.2,12031.2,34.7833,-1.9333
60115,Oujda,MA,2,11.2,4.9,17.6,28.2,,1021.8,11965.0,34.7833,-1.9333
60115,Oujda,MA,3,13.6,6.9,20.4,34.0,,1018.5,13595.0,34.7833,-1.9333
60115,Oujda,MA,4,15.7,9.0,22.4,32.4,,1015.5,15383.5,34.7833,-1.9333
60115,Oujda,MA,5,19.0,12.0,26.1,26.6,,1015.3,18064.8,34.7833,-1.9333
60115,Oujda,MA,6,23.2,15.6,30.8,6.9,,1015.1,19698.3,34.7833,-1.9333
60115,Oujda,MA,7,26.4,18.7,34.2,1.7,,1014.1,19966.4,34.7833,-1.9333
60115,Oujda,MA,8,26.9,19.3,34.5,6.3,,1014.1,18765.7,34.7833,-1.9333
60115,Oujda,MA,9,23.1,16.1,30.1,29.6,,1015.6,15332.7,34.7833,-1.9333
60115,Oujda,MA,10,19.8,13.1,26.4,32.0,,1016.8,13587.3,34.7833,-1.9333
60115,Oujda,MA,11,14.6,8.6,20.7,36.7,,1018.4,11486.1,34.7833,-1.9333
60115,Oujda,MA,12,11.6,6.0,17.3,27.2,,1021.4,11107.5,34.7833,-1.9333
60120,Kenitra,MA,1,12.7,7.4,18.0,85.6,,1022.4,11169.6,34.3,-6.6
60120,Kenitra,MA,2,13.6,8.1,19.1,57.9,,1021.2,11741.5,34.3,-6.6
60120,Kenitra,MA,3,15.8,10.2,21.3,48.7,,1017.8,14224.6,34.3,-6.6
60120,Kenitra,MA,4,17.1,12.0,22.2,42.6,,1016.0,16490.0,34.3,-6.6
60120,Kenitra,MA,5,19.7,14.5,24.9,17.7,,1015.7,19260.0,34.3,-6.6
60120,Kenitra,MA,6,22.2,17.5,26.9,4.3,,1016.0,19642.5,34.3,-6.6
60120,Kenitra,MA,7,23.8,19.3,28.2,0.3,,1015.5,20457.4,34.3,-6.6
60120,Kenitra,MA,8,24.1,19.5,28.7,0.6,,1015.1,19312.2,34.3,-6.6
60120,Kenitra,MA,9,22.8,18.0,27.7,25.6,,1016.1,16050.0,34.3,-6.6
60120,Kenitra,MA,10,20.4,15.3,25.5,58.2,,1016.7,13905.6,34.3,-6.6
60120,Kenitra,MA,11,16.4,11.2,21.7,102.3,,1018.4,11607.5,34.3,-6.6
60120,Kenitra,MA,12,13.8,8.9,18.8,100.8,,1020.7,10048.6,34.3,-6.6
60135,Rabat-Sale,MA,1,12.5,7.3,17.6,76.4,,1021.9,11887.5,34.05,-6.7667
60135,Rabat-Sale,MA,2,13.0,7.6,18.5,51.0,,1021.6,12451.3,34.05,-6.7667
60135,Rabat-Sale,MA,3,14.9,9.4,20.4,50.4,,1017.8,14612.5,34.05,-6.7667
60135,Rabat-Sale,MA,4,16.2,10.9,21.4,40.2,,1016.0,16257.4,34.05,-6.7667
60135,Rabat-Sale,MA,5,18.4,13.2,23.7,16.3,,1015.7,18144.0,34.05,-6.7667
60135,Rabat-Sale,MA,6,20.9,15.9,25.9,3.5,,1016.2,18340.0,34.05,-6.7667
60135,Rabat-Sale,MA,7,22.5,17.9,27.2,0.4,,1015.5,19312.2,34.05,-6.7667
60135,Rabat-Sale,MA,8,23.0,18.2,27.9,0.9,,1015.2,18693.9,34.05,-6.7667
60135,Rabat-Sale,MA,9,21.8,16.7,26.8,14.9,,1016.0,15766.2,34.05,-6.7667
60135,Rabat-Sale,MA,10,19.7,14.4,25.0,52.7,,1016.6,13675.2,34.05,-6.7667
60135,Rabat-Sale,MA,11,15.8,10.8,20.9,96.8,,1018.3,11853.9,34.05,-6.7667
60135,Rabat-Sale,MA,12,13.6,8.8,18.5,93.1,,1020.7,10557.5,34.05,-6.7667
60150,Meknes,MA,1,10.7,5.1,16.3,61.7,,1021.8,12285.6,33.8833,-5.5333
60150,Meknes,MA,2,11.5,5.0,18.0,50.8,,1021.7,12790.4,33.8833,-5.5333
60150,Meknes,MA,3,14.0,7.6,20.5,52.9,,1017.3,14064.0,33.8833,-5.5333
60150,Meknes,MA,4,15.8,9.1,22.5,47.0,,1015.1,15968.6,33.8833,-5.5333
60150,Meknes,MA,5,19.4,11.8,26.9,28.0,,1014.8,17877.6,33.8833,-5.5333
60150,Meknes,MA,6,23.2,15.0,31.4,9.6,,1014.7,19278.3,33.8833,-5.5333
60150,Meknes,MA,7,26.1,17.3,34.9,1.1,,1013.9,20650.4,33.8833,-5.5333
60150,Meknes,MA,8,26.4,18.1,34.7,3.2,,1013.7,19716.5,33.8833,-5.5333
60150,Meknes,MA,9,23.2,15.7,30.7,20.3,,1015.2,15794.4,33.8833,-5.5333
60150,Meknes,MA,10,20.0,13.3,26.6,46.5,,1016.1,14113.6,33.8833,-5.5333
60150,Meknes,MA,11,14.8,8.7,20.8,68.9,,1018.5,12167.0,33.8833,-5.5333
60150,Meknes,MA,12,11.7,6.2,17.2,69.9,,1021.5,11504.3,33.8833,-5.5333
60155,Casablanca,MA,1,13.4,9.2,17.6,64.5,,1022.0,12384.0,33.5667,-7.6667
60155,Casablanca,MA,2,14.0,9.7,18.2,41.5,,1021.8,12960.0,33.5667,-7.6667
60155,Casablanca,MA,3,15.8,11.7,20.0,37.9,,1017.5,14905.0,33.5667,-7.6667
60155,Casablanca,MA,4,17.2,13.6,20.7,36.9,,1015.9,16526.1,33.5667,-7.6667
60155,Casablanca,MA,5,19.4,16.0,22.7,15.2,,1015.6,18650.4,33.5667,-7.6667
60155,Casablanca,MA,6,21.8,19.0,24.7,2.7,,1016.2,18208.6,33.5667,-7.6667
60155,Casablanca,MA,7,23.4,20.6,26.1,0.7,,1015.3,18286.4,33.5667,-7.6667
60155,Casablanca,MA,8,23.9,21.1,26.7,0.4,,1015.1,18090.0,33.5667,-7.6667
60155,Casablanca,MA,9,22.8,19.7,26.0,12.7,,1016.0,16204.8,33.5667,-7.6667
60155,Casablanca,MA,10,20.6,16.8,24.3,43.8,,1016.6,14785.0,33.5667,-7.6667
60155,Casablanca,MA,11,17.0,12.9,21.0,78.3,,1018.4,12794.3,33.5667,-7.6667
60155,Casablanca,MA,12,14.8,10.8,18.9,66.5,,1020.8,11547.3,33.5667,-7.6667
60195,Midelt,MA,1,7.0,1.3,12.7,11.7,,,14659.2,32.6833,-4.7333
60195,Midelt,MA,2,8.2,1.8,14.6,10.3,,,14525.2,32.6833,-4.7333
60195,Midelt,MA,3,11.0,4.7,17.4,17.8,,,15225.0,32.6833,-4.7333
60195,Midelt,MA,4,13.8,7.1,20.6,18.3,,,16879.1,32.6833,-4.7333
60195,Midelt,MA,5,17.2,10.2,24.1,19.3,,,18286.4,32.6833,-4.7333
60195,Midelt,MA,6,21.8,14.2,29.3,11.8,,,18868.4,32.6833,-4.7333
60195,Midelt,MA,7,26.0,17.7,34.3,6.4,,,18258.8,32.6833,-4.7333
60195,Midelt,MA,8,25.2,17.4,33.1,15.1,,,16606.4,32.6833,-4.7333
60195,Midelt,MA,9,20.6,13.6,27.6,19.6,,,15675.7,32.6833,-4.7333
60195,Midelt,MA,10,16.6,10.3,22.8,23.2,,,15207.3,32.6833,-4.7333
60195,Midelt,MA,11,10.7,5.1,16.3,18.2,,,14590.0,32.6833,-4.7333
60195,Midelt,MA,12,8.0,2.3,13.8,9.4,,,13800.0,32.6833,-4.7333
60220,Essaouira,MA,1,,,,44.2,,1021.7,12544.3,31.5167,-9.7833
60220,Essaouira,MA,2,,,,30.2,,1021.3,12844.3,31.5167,-9.7833
60220,Essaouira,MA,3,,,,36.5,,1017.2,14712.9,31.5167,-9.7833
60220,Essaouira,MA,4,,,,19.9,,1016.4,16075.0,31.5167,-9.7833
60220,Essaouira,MA,5,,,,5.9,,1015.9,17529.2,31.5167,-9.7833
60220,Essaouira,MA,6,,,,1.2,,1016.5,16090.9,31.5167,-9.7833
60220,Essaouira,MA,7,,,,0.1,,1015.1,16309.1,31.5167,-9.7833
60220,Essaouira,MA,8,,,,0.1,,1015.1,16995.0,31.5167,-9.7833
60220,Essaouira,MA,9,,,,2.8,,1016.3,15051.4,31.5167,-9.7833
60220,Essaouira,MA,10,,,,24.8,,1016.9,13731.4,31.5167,-9.7833
60220,Essaouira,MA,11,,,,46.5,,1019.1,13230.0,31.5167,-9.7833
60220,Essaouira,MA,12,,,,65.8,,1020.1,11480.0,31.5167,-9.7833
60230,Marrakech,MA,1,12.6,6.2,19.1,25.9,,1022.4,14180.8,31.6167,-8.0333
60230,Marrakech,MA,2,14.4,7.8,21.0,26.8,,1021.2,13792.8,31.6167,-8.0333
60230,Marrakech,MA,3,17.3,10.6,24.0,35.8,,1016.9,15140.8,31.6167,-8.0333
60230,Marrakech,MA,4,19.2,12.5,25.8,27.7,,1014.8,16597.5,31.6167,-8.0333
60230,Marrakech,MA,5,22.5,15.3,29.6,9.1,,1014.2,18435.0,31.6167,-8.0333
60230,Marrakech,MA,6,26.0,18.3,33.8,2.9,,1014.3,19480.0,31.6167,-8.0333
60230,Marrakech,MA,7,29.1,20.6,37.6,1.4,,1013.1,20209.6,31.6167,-8.0333
60230,Marrakech,MA,8,29.2,21.2,37.3,3.0,,1012.8,18962.5,31.6167,-8.0333
60230,Marrakech,MA,9,25.6,18.5,32.7,14.0,,1014.8,16296.0,31.6167,-8.0333
60230,Marrakech,MA,10,22.5,16.1,28.8,19.4,,1015.9,15390.0,31.6167,-8.0333
60230,Marrakech,MA,11,17.0,10.7,23.4,28.9,,1018.4,13807.8,31.6167,-8.0333
60230,Marrakech,MA,12,13.8,7.4,20.2,25.1,,1021.3,13595.0,31.6167,-8.0333
60265,Ouarzazate,MA,1,10.0,2.4,17.7,5.9,,,15857.5,30.9333,-6.9
60265,Ouarzazate,MA,2,12.2,4.8,19.7,13.3,,,15500.0,30.9333,-6.9
60265,Ouarzazate,MA,3,15.8,8.5,23.0,17.5,,,17392.8,30.9333,-6.9
60265,Ouarzazate,MA,4,19.6,12.3,26.9,9.2,,,19415.5,30.9333,-6.9
60265,Ouarzazate,MA,5,23.2,15.7,30.7,4.2,,,20464.8,30.9333,-6.9
60265,Ouarzazate,MA,6,27.6,19.8,35.4,7.5,,,20394.3,30.9333,-6.9
60265,Ouarzazate,MA,7,30.8,22.7,39.0,3.9,,,18798.3,30.9333,-6.9
60265,Ouarzazate,MA,8,29.9,22.2,37.6,12.0,,,17556.5,30.9333,-6.9
60265,Ouarzazate,MA,9,25.6,18.2,33.1,11.8,,,16833.9,30.9333,-6.9
60265,Ouarzazate,MA,10,20.8,13.8,27.7,17.3,,,16410.0,30.9333,-6.9
60265,Ouarzazate,MA,11,14.7,7.5,21.9,8.2,,,15583.6,30.9333,-6.9
60265,Ouarzazate,MA,12,10.6,3.3,18.0,11.1,,,15005.5,30.9333,-6.9
60318,Tetuan / Sania Ramel,MA,1,14.0,10.2,17.8,91.5,,1022.9,11138.6,35.5833,-5.3333
60318,Tetuan / Sania Ramel,MA,2,14.4,10.6,18.2,80.4,,1023.1,10650.0,35.5833,-5.3333
60318,Tetuan / Sania Ramel,MA,3,15.2,11.1,19.4,83.5,,1019.4,11605.7,35.5833,-5.3333
60318,Tetuan / Sania Ramel,MA,4,16.8,12.9,20.8,59.3,,1017.2,15136.4,35.5833,-5.3333
60318,Tetuan / Sania Ramel,MA,5,19.0,14.9,23.2,36.1,,1017.1,16301.5,35.5833,-5.3333
60318,Tetuan / Sania Ramel,MA,6,23.0,18.7,27.3,10.7,,1017.0,18180.0,35.5833,-5.3333
60318,Tetuan / Sania Ramel,MA,7,25.3,20.8,29.8,0.5,,1016.4,18750.0,35.5833,-5.3333
60318,Tetuan / Sania Ramel,MA,8,25.8,21.3,30.3,4.2,,1016.1,18460.0,35.5833,-5.3333
60318,Tetuan / Sania Ramel,MA,9,23.2,18.9,27.6,32.0,,1016.8,14312.3,35.5833,-5.3333
60318,Tetuan / Sania Ramel,MA,10,20.4,16.6,24.2,73.6,,1018.2,12120.0,35.5833,-5.3333
60318,Tetuan / Sania Ramel,MA,11,17.0,13.1,20.8,79.9,,1019.9,11089.1,35.5833,-5.3333
60318,Tetuan / Sania Ramel,MA,12,14.8,11.1,18.4,123.4,,1020.8,8705.0,35.5833,-5.3333
60351,Jijel Achouat,DZ,1,11.8,7.0,16.6,136.1,,1020.6,9378.3,36.8833,5.8167
60351,Jijel Achouat,DZ,2,11.6,6.8,16.4,123.1,,1019.9,10257.6,36.8833,5.8167
60351,Jijel Achouat,DZ,3,13.6,8.6,18.7,89.4,,1017.4,12703.2,36.8833,5.8167
60351,Jijel Achouat,DZ,4,15.6,10.6,20.7,76.2,,1014.7,13363.2,36.8833,5.8167
60351,Jijel Achouat,DZ,5,18.7,13.6,23.8,50.5,,1015.1,15917.5,36.8833,5.8167
60351,Jijel Achouat,DZ,6,22.6,17.1,28.0,14.7,,1015.5,17503.2,36.8833,5.8167
60351,Jijel Achouat,DZ,7,25.3,19.9,30.7,2.8,,1015.0,20476.8,36.8833,5.8167
60351,Jijel Achouat,DZ,8,26.2,20.8,31.5,16.0,,1014.6,19070.0,36.8833,5.8167
60351,Jijel Achouat,DZ,9,23.6,18.6,28.6,65.6,,1015.5,14746.4,36.8833,5.8167
60351,Jijel Achouat,DZ,10,20.4,15.0,25.9,107.6,,1016.4,13166.4,36.8833,5.8167
60351,Jijel Achouat,DZ,11,16.0,11.3,20.8,154.9,,1016.9,9378.3,36.8833,5.8167
60351,Jijel Achouat,DZ,12,13.0,8.2,17.9,173.1,,1019.2,8572.5,36.8833,5.8167
60353,Jijel Port,DZ,1,12.5,8.9,16.1,145.0,,1020.1,9257.1,36.8333,5.7833
60353,Jijel Port,DZ,2,12.4,8.5,16.3,115.0,,1019.7,9772.9,36.8333,5.7833
60353,Jijel Port,DZ,3,14.4,10.4,18.4,92.8,,1017.2,12257.6,36.8333,5.7833
60353,Jijel Port,DZ,4,16.4,12.2,20.5,76.7,,1014.5,13204.0,36.8333,5.7833
60353,Jijel Port,DZ,5,19.2,15.2,23.1,53.8,,1015.1,15446.7,36.8333,5.7833
60353,Jijel Port,DZ,6,22.8,18.7,26.9,12.2,,1015.4,18900.0,36.8333,5.7833
60353,Jijel Port,DZ,7,25.8,21.4,30.2,2.4,,1015.1,18794.1,36.8333,5.7833
60353,Jijel Port,DZ,8,26.2,22.1,30.3,13.4,,1014.6,18047.1,36.8333,5.7833
60353,Jijel Port,DZ,9,23.7,19.6,27.8,66.7,,1015.4,14921.5,36.8333,5.7833
60353,Jijel Port,DZ,10,21.2,17.1,25.3,104.0,,1016.3,12195.0,36.8333,5.7833
60353,Jijel Port,DZ,11,16.6,12.8,20.5,134.4,,1017.6,10144.6,36.8333,5.7833
60353,Jijel Port,DZ,12,14.0,10.2,17.7,183.4,,1018.6,8888.6,36.8333,5.7833
60355,Skikda,DZ,1,12.8,9.1,16.6,106.5,,1020.5,8727.3,36.9333,6.95
60355,Skikda,DZ,2,12.9,9.0,16.8,92.1,,1020.0,10610.0,36.9333,6.95
60355,Skikda,DZ,3,14.6,10.7,18.6,74.7,,1017.1,12732.0,36.9333,6.95
60355,Skikda,DZ,4,16.8,12.8,20.7,55.1,,1014.3,13910.0,36.9333,6.95
60355,Skikda,DZ,5,19.6,15.8,23.3,36.8,,1015.1,17065.3,36.9333,6.95
60355,Skikda,DZ,6,22.8,19.2,26.4,10.6,,1015.6,18654.5,36.9333,6.95
60355,Skikda,DZ,7,25.4,22.0,28.9,2.4,,1015.2,21111.0,36.9333,6.95
60355,Skikda,DZ,8,26.5,23.0,30.0,9.3,,1014.7,18857.1,36.9333,6.95
60355,Skikda,DZ,9,24.0,20.3,27.6,55.6,,1015.2,14304.7,36.9333,6.95
60355,Skikda,DZ,10,21.3,17.3,25.3,82.6,,1016.4,12553.3,36.9333,6.95
60355,Skikda,DZ,11,17.4,13.6,21.3,95.0,,1016.0,9584.0,36.9333,6.95
60355,Skikda,DZ,12,14.4,10.6,18.2,128.4,,1018.6,8036.8,36.9333,6.95
60360,Annaba,DZ,1,12.0,7.2,16.7,99.5,,1020.2,8949.2,36.8333,7.8167
60360,Annaba,DZ,2,11.8,6.6,16.9,79.4,,1019.7,10056.0,36.8333,7.8167
60360,Annaba,DZ,3,13.6,8.3,18.9,70.9,,1017.3,12791.5,36.8333,7.8167
60360,Annaba,DZ,4,15.8,10.4,21.2,52.6,,1014.2,13984.6,36.8333,7.8167
60360,Annaba,DZ,5,18.8,13.2,24.4,36.7,,1015.2,16703.1,36.8333,7.8167
60360,Annaba,DZ,6,22.4,16.7,28.2,11.5,,1015.7,19070.4,36.8333,7.8167
60360,Annaba,DZ,7,25.1,19.3,30.9,2.9,,1015.3,21347.5,36.8333,7.8167
60360,Annaba,DZ,8,26.0,20.4,31.6,12.5,,1014.9,19257.6,36.8333,7.8167
60360,Annaba,DZ,9,23.8,18.5,29.0,42.6,,1015.7,14412.0,36.8333,7.8167
60360,Annaba,DZ,10,20.8,15.1,26.4,60.6,,1016.4,12913.8,36.8333,7.8167
60360,Annaba,DZ,11,16.2,11.2,21.3,98.9,,1016.5,10031.5,36.8333,7.8167
60360,Annaba,DZ,12,13.0,8.3,17.8,109.8,,1019.0,8713.8,36.8333,7.8167
60367,El-Kala,DZ,1,12.2,8.7,15.8,111.0,,1020.7,,36.9,8.45
60367,El-Kala,DZ,2,12.3,8.5,16.1,95.5,,1020.3,,36.9,8.45
60367,El-Kala,DZ,3,14.2,10.1,18.4,60.4,,1018.5,,36.9,8.45
60367,El-Kala,DZ,4,16.2,11.9,20.5,71.4,,1015.4,,36.9,8.45
60367,El-Kala,DZ,5,19.4,15.2,23.6,41.1,,1015.7,,36.9,8.45
60367,El-Kala,DZ,6,23.0,18.5,27.5,9.7,,1016.7,,36.9,8.45
60367,El-Kala,DZ,7,25.9,21.5,30.3,2.6,,1016.1,,36.9,8.45
60367,El-Kala,DZ,8,26.6,22.3,31.0,9.4,,1015.8,,36.9,8.45
60367,El-Kala,DZ,9,24.0,19.6,28.3,59.0,,1015.9,,36.9,8.45
60367,El-Kala,DZ,10,21.4,16.9,25.8,85.5,,1017.5,,36.9,8.45
60367,El-Kala,DZ,11,16.8,12.8,20.7,130.0,,1017.3,,36.9,8.45
60367,El-Kala,DZ,12,13.8,10.2,17.4,143.0,,1018.5,,36.9,8.45
60369,Alger Port,DZ,1,14.0,10.9,17.2,79.1,,1020.3,,36.7667,3.1
60369,Alger Port,DZ,2,13.9,10.8,17.0,87.9,,1018.8,,36.7667,3.1
60369,Alger Port,DZ,3,15.4,12.3,18.6,63.4,,1017.7,,36.7667,3.1
60369,Alger Port,DZ,4,17.6,14.9,20.4,58.7,,1014.3,,36.7667,3.1
60369,Alger Port,DZ,5,19.9,17.2,22.6,40.8,,1015.3,,36.7667,3.1
60369,Alger Port,DZ,6,23.6,20.5,26.8,8.7,,1015.2,,36.7667,3.1
60369,Alger Port,DZ,7,26.3,23.3,29.3,1.8,,1014.7,,36.7667,3.1
60369,Alger Port,DZ,8,26.8,24.0,29.5,7.3,,1014.3,,36.7667,3.1
60369,Alger Port,DZ,9,24.8,22.2,27.3,33.8,,1016.0,,36.7667,3.1
60369,Alger Port,DZ,10,22.4,18.8,26.0,60.7,,1016.1,,36.7667,3.1
60369,Alger Port,DZ,11,18.2,14.6,21.8,136.3,,1016.2,,36.7667,3.1
60369,Alger Port,DZ,12,15.1,11.9,18.3,120.2,,1019.4,,36.7667,3.1
60387,Dellys,DZ,1,12.7,9.1,16.3,96.4,,1019.8,9616.4,36.9167,3.95
60387,Dellys,DZ,2,13.0,9.1,16.8,89.4,,1018.2,10065.0,36.9167,3.95
60387,Dellys,DZ,3,14.2,10.4,17.9,68.8,,1016.5,13312.9,36.9167,3.95
60387,Dellys,DZ,4,16.0,12.2,19.7,83.2,,1013.0,13897.5,36.9167,3.95
60387,Dellys,DZ,5,18.6,14.8,22.3,54.3,,1014.0,16712.0,36.9167,3.95
60387,Dellys,DZ,6,21.8,18.1,25.5,11.4,,1014.1,18405.0,36.9167,3.95
60387,Dellys,DZ,7,24.5,20.9,28.2,1.7,,1014.0,19637.6,36.9167,3.95
60387,Dellys,DZ,8,25.2,21.5,28.8,13.2,,1013.4,17844.7,36.9167,3.95
60387,Dellys,DZ,9,23.2,19.5,27.0,47.1,,1014.9,14193.8,36.9167,3.95
60387,Dellys,DZ,10,21.2,17.2,25.1,69.0,,1015.1,13540.0,36.9167,3.95
60387,Dellys,DZ,11,16.7,13.1,20.3,125.6,,1016.3,10007.4,36.9167,3.95
60387,Dellys,DZ,12,14.0,10.4,17.5,123.0,,1018.1,8913.8,36.9167,3.95
60390,Dar-El-Beida,DZ,1,11.2,5.5,17.0,79.7,,1021.7,10433.1,36.7167,3.25
60390,Dar-El-Beida,DZ,2,11.4,5.5,17.3,74.3,,1020.9,10953.6,36.7167,3.25
60390,Dar-El-Beida,DZ,3,13.4,7.5,19.4,57.6,,1018.1,13073.1,36.7167,3.25
60390,Dar-El-Beida,DZ,4,15.5,9.3,21.7,57.5,,1015.0,14277.7,36.7167,3.25
60390,Dar-El-Beida,DZ,5,18.8,12.6,25.0,39.3,,1015.5,16479.2,36.7167,3.25
60390,Dar-El-Beida,DZ,6,22.6,16.4,28.9,7.8,,1015.7,18677.5,36.7167,3.25
60390,Dar-El-Beida,DZ,7,25.6,19.3,32.0,1.8,,1015.1,20180.0,36.7167,3.25
60390,Dar-El-Beida,DZ,8,26.6,20.4,32.9,11.4,,1014.8,18652.5,36.7167,3.25
60390,Dar-El-Beida,DZ,9,23.8,17.9,29.7,27.7,,1016.0,14896.8,36.7167,3.25
60390,Dar-El-Beida,DZ,10,20.4,14.4,26.5,57.9,,1016.8,13476.9,36.7167,3.25
60390,Dar-El-Beida,DZ,11,15.6,10.0,21.2,101.0,,1017.6,10361.5,36.7167,3.25
60390,Dar-El-Beida,DZ,12,12.6,6.9,18.2,86.5,,1020.5,9650.8,36.7167,3.25
60395,Tizi-Ouzou,DZ,1,11.0,6.5,15.6,116.5,,1021.9,9436.4,36.7,4.05
60395,Tizi-Ouzou,DZ,2,11.6,6.6,16.6,94.3,,1020.5,9895.2,36.7,4.05
60395,Tizi-Ouzou,DZ,3,14.0,8.7,19.4,81.9,,1017.2,12722.7,36.7,4.05
60395,Tizi-Ouzou,DZ,4,16.5,10.9,22.1,79.5,,1014.6,13844.3,36.7,4.05
60395,Tizi-Ouzou,DZ,5,20.2,14.1,26.2,59.9,,1014.9,16377.6,36.7,4.05
60395,Tizi-Ouzou,DZ,6,25.0,18.2,31.9,10.6,,1014.7,17958.3,36.7,4.05
60395,Tizi-Ouzou,DZ,7,28.6,21.4,35.8,2.3,,1013.8,20250.0,36.7,4.05
60395,Tizi-Ouzou,DZ,8,29.0,21.9,36.1,6.2,,1014.0,18365.2,36.7,4.05
60395,Tizi-Ouzou,DZ,9,24.9,18.7,31.1,37.4,,1015.3,14828.2,36.7,4.05
60395,Tizi-Ouzou,DZ,10,21.4,15.4,27.3,65.7,,1016.4,13372.2,36.7,4.05
60395,Tizi-Ouzou,DZ,11,15.8,11.1,20.4,114.6,,1017.4,9710.0,36.7,4.05
60395,Tizi-Ouzou,DZ,12,12.2,8.1,16.4,124.9,,1020.2,8892.5,36.7,4.05
60401,Bejaia-Port / Béjaïa,DZ,1,13.6,10.1,17.0,137.0,,1020.1,,36.75,5.1
60401,Bejaia-Port / Béjaïa,DZ,2,13.8,10.2,17.4,89.9,,1020.2,,36.75,5.1
60401,Bejaia-Port / Béjaïa,DZ,3,15.8,12.0,19.6,60.4,,1018.3,,36.75,5.1
60401,Bejaia-Port / Béjaïa,DZ,4,17.3,13.6,21.0,69.3,,1015.3,,36.75,5.1
60401,Bejaia-Port / Béjaïa,DZ,5,20.2,16.7,23.8,45.9,,1015.5,,36.75,5.1
60401,Bejaia-Port / Béjaïa,DZ,6,24.0,20.2,27.7,9.3,,1016.3,,36.75,5.1
60401,Bejaia-Port / Béjaïa,DZ,7,26.6,23.1,30.2,6.0,,1015.6,,36.75,5.1
60401,Bejaia-Port / Béjaïa,DZ,8,27.1,23.6,30.6,9.8,,1015.2,,36.75,5.1
60401,Bejaia-Port / Béjaïa,DZ,9,24.6,21.1,28.1,59.2,,1015.9,,36.75,5.1
60401,Bejaia-Port / Béjaïa,DZ,10,22.4,18.6,26.1,76.4,,1017.1,,36.75,5.1
60401,Bejaia-Port / Béjaïa,DZ,11,18.0,14.5,21.5,102.0,,1017.7,,36.75,5.1
60401,Bejaia-Port / Béjaïa,DZ,12,15.2,11.9,18.6,142.6,,1019.0,,36.75,5.1
60402,Bejaia,DZ,1,12.2,7.6,16.8,115.3,,1020.6,9897.5,36.7167,5.0667
60402,Bejaia,DZ,2,12.0,7.4,16.7,96.7,,1020.4,10177.5,36.7167,5.0667
60402,Bejaia,DZ,3,14.2,9.3,19.2,77.1,,1017.7,12097.5,36.7167,5.0667
60402,Bejaia,DZ,4,16.2,11.4,20.9,60.5,,1014.9,13567.8,36.7167,5.0667
60402,Bejaia,DZ,5,18.8,14.4,23.3,43.0,,1015.5,16156.8,36.7167,5.0667
60402,Bejaia,DZ,6,22.4,17.9,27.0,13.5,,1015.9,18230.8,36.7167,5.0667
60402,Bejaia,DZ,7,25.2,20.8,29.6,6.0,,1015.3,19493.1,36.7167,5.0667
60402,Bejaia,DZ,8,26.2,21.5,30.8,12.3,,1014.9,18498.3,36.7167,5.0667
60402,Bejaia,DZ,9,23.8,19.2,28.3,55.4,,1015.8,13914.8,36.7167,5.0667
60402,Bejaia,DZ,10,21.1,16.2,26.0,73.4,,1016.7,12565.4,36.7167,5.0667
60402,Bejaia,DZ,11,16.3,11.5,21.1,97.1,,1017.2,10010.8,36.7167,5.0667
60402,Bejaia,DZ,12,13.4,8.9,17.9,111.6,,1019.1,9188.2,36.7167,5.0667
60403,Guelma,DZ,1,10.2,4.5,15.8,81.4,,1021.8,9420.0,36.4667,7.4667
60403,Guelma,DZ,2,10.6,4.5,16.6,71.1,,1020.6,10225.4,36.4667,7.4667
60403,Guelma,DZ,3,13.0,6.3,19.6,73.2,,1018.1,12202.5,36.4667,7.4667
60403,Guelma,DZ,4,15.5,8.4,22.6,62.1,,1014.9,13702.5,36.4667,7.4667
60403,Guelma,DZ,5,19.5,11.7,27.4,47.2,,1015.6,17020.0,36.4667,7.4667
60403,Guelma,DZ,6,24.3,15.6,33.0,15.7,,1015.7,18540.0,36.4667,7.4667
60403,Guelma,DZ,7,27.4,18.5,36.3,2.9,,1015.4,21433.0,36.4667,7.4667
60403,Guelma,DZ,8,27.9,19.5,36.3,13.6,,1014.9,18827.5,36.4667,7.4667
60403,Guelma,DZ,9,24.4,17.3,31.4,47.6,,1015.9,14522.7,36.4667,7.4667
60403,Guelma,DZ,10,20.5,13.6,27.4,44.7,,1017.0,13768.6,36.4667,7.4667
60403,Guelma,DZ,11,15.2,9.4,21.0,74.8,,1017.7,10368.5,36.4667,7.4667
60403,Guelma,DZ,12,11.8,6.5,17.1,83.1,,1020.0,9099.2,36.4667,7.4667
60405,Guelma / Bouchegouf,DZ,1,11.1,5.7,16.5,83.7,,1020.6,,36.5,7.7167
60405,Guelma / Bouchegouf,DZ,2,11.3,5.4,17.2,80.5,,1019.8,,36.5,7.7167
60405,Guelma / Bouchegouf,DZ,3,14.0,7.6,20.5,78.2,,1017.1,,36.5,7.7167
60405,Guelma / Bouchegouf,DZ,4,16.8,9.8,23.8,78.9,,1014.5,,36.5,7.7167
60405,Guelma / Bouchegouf,DZ,5,20.4,13.0,27.8,53.9,,1015.4,,36.5,7.7167
60405,Guelma / Bouchegouf,DZ,6,24.6,16.3,32.9,14.1,,1014.8,,36.5,7.7167
60405,Guelma / Bouchegouf,DZ,7,28.0,19.6,36.3,3.0,,1014.9,,36.5,7.7167
60405,Guelma / Bouchegouf,DZ,8,28.4,20.1,36.6,17.4,,1014.3,,36.5,7.7167
60405,Guelma / Bouchegouf,DZ,9,25.1,18.1,32.1,51.4,,1015.8,,36.5,7.7167
60405,Guelma / Bouchegouf,DZ,10,21.8,14.7,28.8,53.6,,1016.7,,36.5,7.7167
60405,Guelma / Bouchegouf,DZ,11,16.2,10.3,22.0,67.9,,1016.8,,36.5,7.7167
60405,Guelma / Bouchegouf,DZ,12,12.8,7.2,18.4,89.4,,1018.5,,36.5,7.7167
60410,Tenes,DZ,1,13.1,9.9,16.3,57.9,,1022.7,9674.1,36.5,1.3333
60410,Tenes,DZ,2,13.8,10.4,17.1,49.5,,1021.7,11065.3,36.5,1.3333
60410,Tenes,DZ,3,15.4,12.0,18.8,37.1,,1018.6,13994.3,36.5,1.3333
60410,Tenes,DZ,4,17.0,13.5,20.6,44.6,,1015.8,15385.3,36.5,1.3333
60410,Tenes,DZ,5,19.5,16.0,23.0,36.3,,1015.8,17448.6,36.5,1.3333
60410,Tenes,DZ,6,22.8,18.9,26.6,3.0,,1016.2,18682.5,36.5,1.3333
60410,Tenes,DZ,7,25.4,21.5,29.3,1.1,,1015.5,19998.0,36.5,1.3333
60410,Tenes,DZ,8,26.6,22.7,30.4,2.4,,1015.0,19232.0,36.5,1.3333
60410,Tenes,DZ,9,24.2,20.6,27.9,15.2,,1016.2,15816.7,36.5,1.3333
60410,Tenes,DZ,10,21.7,18.0,25.4,40.0,,1017.3,13388.6,36.5,1.3333
60410,Tenes,DZ,11,17.3,14.1,20.5,90.5,,1018.6,9813.3,36.5,1.3333
60410,Tenes,DZ,12,14.9,11.8,18.0,72.1,,1020.7,8650.0,36.5,1.3333
60415,Ain-Bessam / Oulad Zidane,DZ,1,8.4,4.1,12.8,68.6,,,10804.0,36.3167,3.5333
60415,Ain-Bessam / Oulad Zidane,DZ,2,8.8,4.3,13.4,52.7,,,11032.0,36.3167,3.5333
60415,Ain-Bessam / Oulad Zidane,DZ,3,11.4,6.3,16.4,52.8,,,12738.5,36.3167,3.5333
60415,Ain-Bessam / Oulad Zidane,DZ,4,14.2,8.5,19.8,52.1,,,14404.3,36.3167,3.5333
60415,Ain-Bessam / Oulad Zidane,DZ,5,18.3,12.0,24.6,42.3,,,17460.0,36.3167,3.5333
60415,Ain-Bessam / Oulad Zidane,DZ,6,23.9,16.7,31.1,13.2,,,20186.2,36.3167,3.5333
60415,Ain-Bessam / Oulad Zidane,DZ,7,27.4,19.9,35.0,2.5,,,20977.5,36.3167,3.5333
60415,Ain-Bessam / Oulad Zidane,DZ,8,27.3,20.0,34.6,11.2,,,19768.0,36.3167,3.5333
60415,Ain-Bessam / Oulad Zidane,DZ,9,22.5,16.2,28.8,32.8,,,15320.0,36.3167,3.5333
60415,Ain-Bessam / Oulad Zidane,DZ,10,18.6,13.2,24.0,37.5,,,14257.5,36.3167,3.5333
60415,Ain-Bessam / Oulad Zidane,DZ,11,12.5,8.2,16.8,57.3,,,10436.0,36.3167,3.5333
60415,Ain-Bessam / Oulad Zidane,DZ,12,9.0,5.1,13.0,60.6,,,9672.0,36.3167,3.5333
60417,Bouira,DZ,1,8.5,3.9,13.2,79.8,,1021.4,10194.5,36.3833,3.9
60417,Bouira,DZ,2,9.3,4.1,14.5,56.2,,1020.9,10987.2,36.3833,3.9
60417,Bouira,DZ,3,12.1,6.6,17.7,56.9,,1017.3,12955.0,36.3833,3.9
60417,Bouira,DZ,4,14.7,8.6,20.8,56.9,,1014.4,14645.5,36.3833,3.9
60417,Bouira,DZ,5,19.0,12.3,25.7,42.0,,1014.4,17235.7,36.3833,3.9
60417,Bouira,DZ,6,24.4,16.9,31.8,11.2,,1014.1,19020.0,36.3833,3.9
60417,Bouira,DZ,7,27.7,19.9,35.5,4.7,,1013.5,20141.7,36.3833,3.9
60417,Bouira,DZ,8,27.8,20.2,35.5,11.5,,1013.3,18977.5,36.3833,3.9
60417,Bouira,DZ,9,23.4,16.8,29.9,35.2,,1014.9,14908.7,36.3833,3.9
60417,Bouira,DZ,10,19.2,13.2,25.2,37.5,,1016.5,13345.4,36.3833,3.9
60417,Bouira,DZ,11,13.1,8.4,17.8,63.6,,1018.0,10269.6,36.3833,3.9
60417,Bouira,DZ,12,9.8,5.5,14.2,68.3,,1020.7,9552.0,36.3833,3.9
60419,Constantine,DZ,1,7.6,2.5,12.6,66.1,,1021.7,9681.6,36.2833,6.6167
60419,Constantine,DZ,2,7.9,2.4,13.4,56.3,,1020.7,10425.6,36.2833,6.6167
60419,Constantine,DZ,3,10.7,4.8,16.6,55.9,,1017.9,12806.4,36.2833,6.6167
60419,Constantine,DZ,4,13.7,7.2,20.2,52.4,,1014.6,14284.8,36.2833,6.6167
60419,Constantine,DZ,5,18.0,10.7,25.3,41.8,,1014.8,17072.3,36.2833,6.6167
60419,Constantine,DZ,6,23.2,15.2,31.3,15.3,,1014.7,19104.0,36.2833,6.6167
60419,Constantine,DZ,7,26.6,18.3,35.0,4.1,,1014.0,20742.5,36.2833,6.6167
60419,Constantine,DZ,8,26.4,18.4,34.5,15.5,,1014.0,18625.0,36.2833,6.6167
60419,Constantine,DZ,9,22.1,15.3,28.9,38.0,,1015.6,14383.2,36.2833,6.6167
60419,Constantine,DZ,10,18.0,11.6,24.4,36.7,,1017.0,13239.2,36.2833,6.6167
60419,Constantine,DZ,11,12.0,6.7,17.4,54.9,,1017.9,10280.8,36.2833,6.6167
60419,Constantine,DZ,12,8.6,3.6,13.5,71.2,,1020.8,9129.2,36.2833,6.6167
60421,Oum El Bouaghi,DZ,1,6.4,1.2,11.7,36.4,,,9991.4,35.8833,7.1167
60421,Oum El Bouaghi,DZ,2,7.1,1.3,12.9,30.3,,,11053.6,35.8833,7.1167
60421,Oum El Bouaghi,DZ,3,10.2,4.2,16.3,37.0,,,13235.5,35.8833,7.1167
60421,Oum El Bouaghi,DZ,4,13.4,6.9,20.0,36.0,,,14631.8,35.8833,7.1167
60421,Oum El Bouaghi,DZ,5,17.9,10.6,25.2,47.7,,,16917.3,35.8833,7.1167
60421,Oum El Bouaghi,DZ,6,23.3,15.3,31.3,20.7,,,18497.1,35.8833,7.1167
60421,Oum El Bouaghi,DZ,7,26.7,18.3,35.1,10.1,,,20590.4,35.8833,7.1167
60421,Oum El Bouaghi,DZ,8,26.2,18.4,34.1,23.9,,,18417.3,35.8833,7.1167
60421,Oum El Bouaghi,DZ,9,21.5,14.7,28.4,41.3,,,14706.0,35.8833,7.1167
60421,Oum El Bouaghi,DZ,10,17.3,10.9,23.7,30.0,,,13625.2,35.8833,7.1167
60421,Oum El Bouaghi,DZ,11,11.3,5.8,16.8,32.2,,,10748.2,35.8833,7.1167
60421,Oum El Bouaghi,DZ,12,7.6,2.7,12.6,38.4,,,9200.9,35.8833,7.1167
60423,Souk Ahras,DZ,1,7.5,3.5,11.5,113.7,,1021.6,9123.0,36.2833,7.9667
60423,Souk Ahras,DZ,2,8.0,3.6,12.3,103.4,,1020.7,10127.5,36.2833,7.9667
60423,Souk Ahras,DZ,3,10.6,5.6,15.6,84.6,,1017.6,12494.4,36.2833,7.9667
60423,Souk Ahras,DZ,4,13.4,8.0,18.9,75.7,,1014.1,13910.0,36.2833,7.9667
60423,Souk Ahras,DZ,5,17.6,11.4,23.7,62.7,,1014.7,16454.4,36.2833,7.9667
60423,Souk Ahras,DZ,6,22.8,15.8,29.8,21.9,,1014.6,18528.6,36.2833,7.9667
60423,Souk Ahras,DZ,7,26.1,18.8,33.4,7.5,,1013.9,20788.8,36.2833,7.9667
60423,Souk Ahras,DZ,8,26.2,19.2,33.2,19.8,,1014.1,19068.0,36.2833,7.9667
60423,Souk Ahras,DZ,9,22.0,16.1,27.8,45.0,,1014.4,14478.3,36.2833,7.9667
60423,Souk Ahras,DZ,10,18.2,12.7,23.7,51.4,,1016.7,13166.4,36.2833,7.9667
60423,Souk Ahras,DZ,11,12.4,8.1,16.8,75.2,,1017.7,10192.8,36.2833,7.9667
60423,Souk Ahras,DZ,12,8.8,5.0,12.7,119.3,,1019.7,8133.9,36.2833,7.9667
60425,Chlef,DZ,1,11.3,6.6,16.0,53.3,,1022.3,10544.3,36.2167,1.3333
60425,Chlef,DZ,2,12.0,6.7,17.4,52.5,,1021.1,11446.2,36.2167,1.3333
60425,Chlef,DZ,3,14.8,8.9,20.6,41.5,,1017.9,13536.0,36.2167,1.3333
60425,Chlef,DZ,4,17.6,11.3,24.0,48.2,,1014.8,15229.6,36.2167,1.3333
60425,Chlef,DZ,5,21.7,14.7,28.7,27.5,,1014.8,18139.2,36.2167,1.3333
60425,Chlef,DZ,6,26.6,18.9,34.2,6.7,,1014.7,19515.7,36.2167,1.3333
60425,Chlef,DZ,7,30.3,22.4,38.2,1.8,,1013.9,21360.0,36.2167,1.3333
60425,Chlef,DZ,8,30.1,22.6,37.6,4.3,,1013.7,19301.1,36.2167,1.3333
60425,Chlef,DZ,9,26.0,19.6,32.5,20.0,,1015.2,15707.0,36.2167,1.3333
60425,Chlef,DZ,10,21.9,15.8,28.0,30.9,,1016.7,14160.0,36.2167,1.3333
60425,Chlef,DZ,11,15.8,11.0,20.5,58.9,,1018.1,10682.6,36.2167,1.3333
60425,Chlef,DZ,12,12.4,7.9,16.9,45.6,,1020.9,9813.6,36.2167,1.3333
60430,Miliana,DZ,1,9.4,5.9,12.8,112.8,,1022.4,10317.5,36.3,2.2333
60430,Miliana,DZ,2,10.1,6.3,13.9,99.3,,1021.4,10986.9,36.3,2.2333
60430,Miliana,DZ,3,12.8,8.5,17.0,95.3,,1018.1,13332.0,36.3,2.2333
60430,Miliana,DZ,4,15.4,10.6,20.1,69.3,,1015.0,14642.5,36.3,2.2333
60430,Miliana,DZ,5,19.4,14.2,24.7,44.8,,1014.9,17704.6,36.3,2.2333
60430,Miliana,DZ,6,24.6,18.7,30.6,11.2,,1014.7,19993.8,36.3,2.2333
60430,Miliana,DZ,7,28.5,22.2,34.8,2.9,,1013.8,21223.2,36.3,2.2333
60430,Miliana,DZ,8,28.2,22.0,34.5,8.4,,1013.8,19833.6,36.3,2.2333
60430,Miliana,DZ,9,23.8,18.2,29.4,26.4,,1015.5,15417.5,36.3,2.2333
60430,Miliana,DZ,10,19.8,14.9,24.7,49.6,,1017.0,13991.5,36.3,2.2333
60430,Miliana,DZ,11,13.3,9.7,16.9,96.6,,1018.5,10158.5,36.3,2.2333
60430,Miliana,DZ,12,10.1,6.9,13.3,105.8,,1021.5,9392.5,36.3,2.2333
60437,Medea,DZ,1,6.7,4.0,9.4,100.9,,,9699.1,36.2667,2.75
60437,Medea,DZ,2,7.2,4.1,10.2,88.8,,,10652.5,36.2667,2.75
60437,Medea,DZ,3,10.0,6.6,13.4,77.2,,,13048.8,36.2667,2.75
60437,Medea,DZ,4,12.8,8.8,16.7,76.3,,,14110.4,36.2667,2.75
60437,Medea,DZ,5,17.1,12.8,21.4,53.2,,,17138.4,36.2667,2.75
60437,Medea,DZ,6,22.8,17.8,27.7,9.7,,,20133.6,36.2667,2.75
60437,Medea,DZ,7,26.6,21.4,31.8,3.4,,,21391.2,36.2667,2.75
60437,Medea,DZ,8,26.3,21.1,31.5,8.5,,,19362.5,36.2667,2.75
60437,Medea,DZ,9,21.5,16.9,26.2,36.1,,,15692.5,36.2667,2.75
60437,Medea,DZ,10,17.3,13.4,21.2,54.2,,,13684.8,36.2667,2.75
60437,Medea,DZ,11,10.6,7.8,13.5,90.8,,,9563.1,36.2667,2.75
60437,Medea,DZ,12,7.5,5.0,10.0,97.5,,,8720.0,36.2667,2.75
60444,Bordj Bou Arreridj,DZ,1,6.8,2.1,11.5,38.4,,,11050.0,36.0667,4.7667
60444,Bordj Bou Arreridj,DZ,2,7.6,2.5,12.7,26.0,,,11748.0,36.0667,4.7667
60444,Bordj Bou Arreridj,DZ,3,10.4,4.9,15.9,32.2,,,13744.6,36.0667,4.7667
60444,Bordj Bou Arreridj,DZ,4,13.9,7.8,20.0,38.8,,,15157.5,36.0667,4.7667
60444,Bordj Bou Arreridj,DZ,5,18.6,11.8,25.3,38.0,,,18002.4,36.0667,4.7667
60444,Bordj Bou Arreridj,DZ,6,24.0,16.6,31.5,21.3,,,19567.2,36.0667,4.7667
60444,Bordj Bou Arreridj,DZ,7,28.0,20.3,35.6,8.3,,,21174.5,36.0667,4.7667
60444,Bordj Bou Arreridj,DZ,8,27.2,19.6,34.8,15.1,,,18845.0,36.0667,4.7667
60444,Bordj Bou Arreridj,DZ,9,21.6,15.3,28.0,46.5,,,14859.1,36.0667,4.7667
60444,Bordj Bou Arreridj,DZ,10,17.5,11.7,23.3,30.5,,,14351.5,36.0667,4.7667
60444,Bordj Bou Arreridj,DZ,11,11.2,6.5,15.8,32.4,,,10821.6,36.0667,4.7667
60444,Bordj Bou Arreridj,DZ,12,7.4,3.2,11.5,33.5,,,10065.0,36.0667,4.7667
60445,Setif,DZ,1,5.5,0.6,10.4,42.9,,,11203.2,36.1833,5.4167
60445,Setif,DZ,2,6.2,0.9,11.5,33.9,,,11570.0,36.1833,5.4167
60445,Setif,DZ,3,9.3,3.6,15.0,36.3,,,14032.5,36.1833,5.4167
60445,Setif,DZ,4,12.5,6.3,18.7,43.9,,,15177.3,36.1833,5.4167
60445,Setif,DZ,5,17.0,10.3,23.8,42.6,,,18102.5,36.1833,5.4167
60445,Setif,DZ,6,22.6,14.9,30.2,19.8,,,19360.0,36.1833,5.4167
60445,Setif,DZ,7,26.4,18.6,34.3,11.1,,,21370.0,36.1833,5.4167
60445,Setif,DZ,8,25.9,18.3,33.5,13.7,,,19492.5,36.1833,5.4167
60445,Setif,DZ,9,20.8,14.0,27.6,42.2,,,15660.0,36.1833,5.4167
60445,Setif,DZ,10,16.4,10.2,22.5,28.1,,,14647.5,36.1833,5.4167
60445,Setif,DZ,11,10.0,4.8,15.1,38.8,,,11255.0,36.1833,5.4167
60445,Setif,DZ,12,6.5,1.9,11.1,41.3,,,10145.5,36.1833,5.4167
60452,Arzew,DZ,1,13.3,9.2,17.4,40.1,,1021.6,11202.9,35.8167,-0.2667
60452,Arzew,DZ,2,13.4,9.5,17.2,34.5,,1020.8,11216.0,35.8167,-0.2667
60452,Arzew,DZ,3,15.4,11.7,19.2,29.9,,1017.8,14070.0,35.8167,-0.2667
60452,Arzew,DZ,4,17.0,13.4,20.7,34.9,,1015.1,14052.0,35.8167,-0.2667
60452,Arzew,DZ,5,19.8,16.5,23.1,18.0,,1015.4,16028.6,35.8167,-0.2667
60452,Arzew,DZ,6,23.0,19.9,26.1,1.8,,1015.5,15583.6,35.8167,-0.2667
60452,Arzew,DZ,7,25.8,22.8,28.9,1.1,,1014.6,16481.5,35.8167,-0.2667
60452,Arzew,DZ,8,26.6,23.4,29.7,3.1,,1014.4,16933.8,35.8167,-0.2667
60452,Arzew,DZ,9,23.8,20.6,27.0,16.5,,1015.4,14541.4,35.8167,-0.2667
60452,Arzew,DZ,10,21.0,17.4,24.7,33.6,,1016.5,13964.0,35.8167,-0.2667
60452,Arzew,DZ,11,16.8,12.9,20.6,53.7,,1017.7,11227.5,35.8167,-0.2667
60452,Arzew,DZ,12,14.2,10.5,18.0,43.8,,1020.4,10466.2,35.8167,-0.2667
60457,Mostaganem Ville,DZ,1,11.1,5.9,16.4,55.9,,1021.5,11388.6,35.8833,0.1167
60457,Mostaganem Ville,DZ,2,11.8,6.5,17.2,47.8,,1020.6,12213.9,35.8833,0.1167
60457,Mostaganem Ville,DZ,3,13.8,8.4,19.2,34.1,,1017.9,14299.2,35.8833,0.1167
60457,Mostaganem Ville,DZ,4,15.8,10.3,21.4,38.5,,1014.9,15452.7,35.8833,0.1167
60457,Mostaganem Ville,DZ,5,18.8,13.3,24.4,24.4,,1014.9,17353.0,35.8833,0.1167
60457,Mostaganem Ville,DZ,6,22.6,16.8,28.5,2.9,,1015.0,19207.8,35.8833,0.1167
60457,Mostaganem Ville,DZ,7,25.6,19.7,31.5,1.2,,1014.1,19737.1,35.8833,0.1167
60457,Mostaganem Ville,DZ,8,26.2,20.3,32.1,3.1,,1013.8,18853.6,35.8833,0.1167
60457,Mostaganem Ville,DZ,9,23.3,17.8,28.8,23.3,,1015.1,15547.8,35.8833,0.1167
60457,Mostaganem Ville,DZ,10,20.1,14.3,25.9,33.9,,1016.4,14100.0,35.8833,0.1167
60457,Mostaganem Ville,DZ,11,15.1,10.2,20.0,68.8,,1017.4,11230.4,35.8833,0.1167
60457,Mostaganem Ville,DZ,12,12.3,7.5,17.1,58.9,,1020.4,10445.5,35.8833,0.1167
60461,Oran Port,DZ,1,13.6,10.5,16.6,35.5,,1021.2,,35.7,-0.65
60461,Oran Port,DZ,2,14.1,11.2,17.0,30.8,,1020.6,,35.7,-0.65
60461,Oran Port,DZ,3,15.5,12.9,18.1,28.3,,1017.7,,35.7,-0.65
60461,Oran Port,DZ,4,17.2,14.8,19.6,27.6,,1014.9,,35.7,-0.65
60461,Oran Port,DZ,5,19.4,17.3,21.5,17.6,,1015.1,,35.7,-0.65
60461,Oran Port,DZ,6,22.4,20.4,24.5,2.0,,1015.3,,35.7,-0.65
60461,Oran Port,DZ,7,25.0,23.0,26.9,0.8,,1014.6,,35.7,-0.65
60461,Oran Port,DZ,8,25.8,23.8,27.8,1.6,,1014.1,,35.7,-0.65
60461,Oran Port,DZ,9,23.7,21.6,25.8,20.9,,1015.3,,35.7,-0.65
60461,Oran Port,DZ,10,21.0,18.5,23.6,26.0,,1016.4,,35.7,-0.65
60461,Oran Port,DZ,11,17.2,14.4,20.1,55.1,,1017.6,,35.7,-0.65
60461,Oran Port,DZ,12,14.8,11.7,17.9,40.9,,1020.6,,35.7,-0.65
60467,M'Sila,DZ,1,9.0,3.5,14.6,17.3,,1020.8,11557.5,35.6667,4.5
60467,M'Sila,DZ,2,10.4,4.2,16.6,13.9,,1020.0,13291.2,35.6667,4.5
60467,M'Sila,DZ,3,13.8,7.6,20.1,16.0,,1016.6,15124.8,35.6667,4.5
60467,M'Sila,DZ,4,17.6,11.0,24.3,19.5,,1012.9,16085.0,35.6667,4.5
60467,M'Sila,DZ,5,23.0,16.4,29.6,19.2,,1012.5,19039.2,35.6667,4.5
60467,M'Sila,DZ,6,28.2,21.1,35.3,6.9,,1012.0,19660.8,35.6667,4.5
60467,M'Sila,DZ,7,31.8,24.7,38.9,4.4,,1011.5,20825.0,35.6667,4.5
60467,M'Sila,DZ,8,31.1,23.9,38.3,6.5,,1011.4,19242.9,35.6667,4.5
60467,M'Sila,DZ,9,25.6,19.2,32.0,21.6,,1013.5,15592.5,35.6667,4.5
60467,M'Sila,DZ,10,20.7,14.7,26.7,23.6,,1015.0,15120.0,35.6667,4.5
60467,M'Sila,DZ,11,14.0,8.7,19.4,19.0,,1017.5,11922.5,35.6667,4.5
60467,M'Sila,DZ,12,9.6,4.6,14.7,18.2,,1020.7,10322.5,35.6667,4.5
60468,Batna,DZ,1,6.4,0.2,12.5,28.4,,,10463.5,35.55,6.1833
60468,Batna,DZ,2,7.0,0.4,13.7,22.8,,,11146.4,35.55,6.1833
60468,Batna,DZ,3,10.2,3.1,17.3,34.3,,,13342.5,35.55,6.1833
60468,Batna,DZ,4,13.6,6.1,21.2,38.1,,,14887.5,35.55,6.1833
60468,Batna,DZ,5,18.2,10.0,26.3,41.7,,,17481.6,35.55,6.1833
60468,Batna,DZ,6,23.3,14.4,32.3,16.9,,,19356.5,35.55,6.1833
60468,Batna,DZ,7,26.8,17.4,36.1,7.0,,,21069.6,35.55,6.1833
60468,Batna,DZ,8,26.4,17.4,35.3,16.5,,,18724.8,35.55,6.1833
60468,Batna,DZ,9,21.8,14.2,29.3,33.3,,,14958.3,35.55,6.1833
60468,Batna,DZ,10,17.4,10.1,24.7,25.6,,,14303.5,35.55,6.1833
60468,Batna,DZ,11,11.1,4.8,17.4,25.4,,,11352.0,35.55,6.1833
60468,Batna,DZ,12,7.3,1.3,13.3,35.1,,,10047.3,35.55,6.1833
60471,Barika,DZ,1,,,,15.3,,,,35.3333,5.3333
60471,Barika,DZ,2,,,,18.8,,,,35.3333,5.3333
60471,Barika,DZ,3,,,,25.6,,,,35.3333,5.3333
60471,Barika,DZ,4,,,,28.8,,,,35.3333,5.3333
60471,Barika,DZ,5,,,,20.7,,,,35.3333,5.3333
60471,Barika,DZ,6,,,,7.2,,,,35.3333,5.3333
60471,Barika,DZ,7,,,,2.8,,,,35.3333,5.3333
60471,Barika,DZ,8,,,,4.7,,,,35.3333,5.3333
60471,Barika,DZ,9,,,,13.9,,,,35.3333,5.3333
60471,Barika,DZ,10,,,,31.2,,,,35.3333,5.3333
60471,Barika,DZ,11,,,,20.6,,,,35.3333,5.3333
60471,Barika,DZ,12,,,,20.5,,,,35.3333,5.3333
60475,Tebessa,DZ,1,7.2,1.9,12.6,28.9,,,10080.0,35.4833,8.1333
60475,Tebessa,DZ,2,7.9,2.1,13.7,23.1,,,11301.6,35.4833,8.1333
60475,Tebessa,DZ,3,11.0,4.7,17.2,35.0,,,13216.2,35.4833,8.1333
60475,Tebessa,DZ,4,14.6,7.9,21.3,35.9,,,14762.4,35.4833,8.1333
60475,Tebessa,DZ,5,19.2,11.7,26.6,37.3,,,17380.0,35.4833,8.1333
60475,Tebessa,DZ,6,24.0,15.9,32.2,24.6,,,19070.8,35.4833,8.1333
60475,Tebessa,DZ,7,27.4,18.9,35.9,14.3,,,20896.2,35.4833,8.1333
60475,Tebessa,DZ,8,26.8,18.6,35.1,25.5,,,19278.3,35.4833,8.1333
60475,Tebessa,DZ,9,22.2,15.3,29.0,51.8,,,14730.0,35.4833,8.1333
60475,Tebessa,DZ,10,18.0,11.6,24.4,38.1,,,13926.9,35.4833,8.1333
60475,Tebessa,DZ,11,12.0,6.4,17.6,32.5,,,11347.5,35.4833,8.1333
60475,Tebessa,DZ,12,8.2,3.1,13.4,28.2,,,9701.5,35.4833,8.1333
60476,Khenchella,DZ,1,6.4,1.8,11.1,39.6,,,9686.7,35.4167,7.15
60476,Khenchella,DZ,2,7.0,2.1,12.0,30.0,,,10177.5,35.4167,7.15
60476,Khenchella,DZ,3,10.6,4.9,16.2,48.3,,,12600.0,35.4167,7.15
60476,Khenchella,DZ,4,14.2,8.0,20.3,43.6,,,14265.0,35.4167,7.15
60476,Khenchella,DZ,5,18.1,11.3,24.9,61.5,,,15200.0,35.4167,7.15
60476,Khenchella,DZ,6,23.6,16.1,31.0,25.9,,,16537.9,35.4167,7.15
60476,Khenchella,DZ,7,26.9,18.9,34.9,18.0,,,18670.0,35.4167,7.15
60476,Khenchella,DZ,8,26.4,18.9,34.0,37.6,,,17660.0,35.4167,7.15
60476,Khenchella,DZ,9,21.6,15.4,27.8,58.2,,,13833.8,35.4167,7.15
60476,Khenchella,DZ,10,17.6,11.8,23.3,38.3,,,13187.4,35.4167,7.15
60476,Khenchella,DZ,11,11.0,6.3,15.8,38.3,,,10266.7,35.4167,7.15
60476,Khenchella,DZ,12,7.5,3.1,11.9,41.7,,,8996.7,35.4167,7.15
60490,Oran / Es Senia,DZ,1,11.5,5.7,17.3,45.8,,1021.8,11723.1,35.6333,-0.6
60490,Oran / Es Senia,DZ,2,12.1,6.3,17.9,42.7,,1020.9,11932.8,35.6333,-0.6
60490,Oran / Es Senia,DZ,3,14.6,8.7,20.5,37.2,,1017.9,14097.7,35.6333,-0.6
60490,Oran / Es Senia,DZ,4,16.6,10.9,22.4,35.0,,1015.1,15696.9,35.6333,-0.6
60490,Oran / Es Senia,DZ,5,19.6,14.1,25.0,23.0,,1015.1,17868.5,35.6333,-0.6
60490,Oran / Es Senia,DZ,6,23.4,17.8,28.9,3.7,,1015.2,19293.6,35.6333,-0.6
60490,Oran / Es Senia,DZ,7,26.0,20.4,31.6,0.8,,1014.5,20460.0,35.6333,-0.6
60490,Oran / Es Senia,DZ,8,26.6,20.9,32.2,2.4,,1014.2,19252.8,35.6333,-0.6
60490,Oran / Es Senia,DZ,9,23.9,18.3,29.5,17.2,,1015.5,15567.5,35.6333,-0.6
60490,Oran / Es Senia,DZ,10,20.3,14.4,26.2,36.4,,1016.4,14310.0,35.6333,-0.6
60490,Oran / Es Senia,DZ,11,15.4,10.0,20.8,62.2,,1017.8,11572.8,35.6333,-0.6
60490,Oran / Es Senia,DZ,12,12.5,7.0,18.0,48.5,,1020.8,10830.0,35.6333,-0.6
60492,Relizane,DZ,1,10.8,5.3,16.4,38.4,,1021.6,10554.5,35.7333,0.55
60492,Relizane,DZ,2,11.8,5.7,17.9,37.9,,1019.6,11029.1,35.7333,0.55
60492,Relizane,DZ,3,14.4,7.9,21.0,28.1,,1017.4,12632.7,35.7333,0.55
60492,Relizane,DZ,4,17.6,10.6,24.5,55.2,,1014.4,14706.0,35.7333,0.55
60492,Relizane,DZ,5,21.5,13.8,29.2,33.2,,1014.6,15815.0,35.7333,0.55
60492,Relizane,DZ,6,26.0,17.8,34.1,8.2,,1014.2,18450.0,35.7333,0.55
60492,Relizane,DZ,7,30.0,21.4,38.5,1.0,,1013.7,18665.5,35.7333,0.55
60492,Relizane,DZ,8,30.0,21.9,38.2,5.8,,1013.1,18410.0,35.7333,0.55
60492,Relizane,DZ,9,26.0,18.8,33.1,16.5,,1014.9,14185.0,35.7333,0.55
60492,Relizane,DZ,10,21.6,14.7,28.5,27.7,,1016.2,13509.2,35.7333,0.55
60492,Relizane,DZ,11,15.8,10.4,21.1,57.2,,1017.1,10495.0,35.7333,0.55
60492,Relizane,DZ,12,12.2,7.0,17.3,46.7,,1020.7,9615.0,35.7333,0.55
60506,Mascara Metmore,DZ,1,8.7,2.2,15.2,33.5,,1024.2,11604.7,35.6,0.3
60506,Mascara Metmore,DZ,2,9.8,3.6,15.9,34.7,,1022.2,11313.8,35.6,0.3
60506,Mascara Metmore,DZ,3,12.3,5.2,19.4,32.2,,1018.8,13877.6,35.6,0.3
60506,Mascara Metmore,DZ,4,14.7,7.4,22.0,27.2,,1015.5,15222.9,35.6,0.3
60506,Mascara Metmore,DZ,5,18.3,11.1,25.5,24.4,,1015.0,17449.4,35.6,0.3
60506,Mascara Metmore,DZ,6,23.8,15.5,32.1,3.5,,1014.9,19083.5,35.6,0.3
60506,Mascara Metmore,DZ,7,27.0,18.6,35.5,1.2,,1014.1,20223.8,35.6,0.3
60506,Mascara Metmore,DZ,8,26.8,18.7,35.0,5.9,,1013.9,18584.0,35.6,0.3
60506,Mascara Metmore,DZ,9,22.6,15.2,30.0,15.2,,1015.0,15544.3,35.6,0.3
60506,Mascara Metmore,DZ,10,19.2,12.2,26.1,32.7,,1017.0,13743.8,35.6,0.3
60506,Mascara Metmore,DZ,11,13.2,7.3,19.1,45.9,,1019.4,11244.7,35.6,0.3
60506,Mascara Metmore,DZ,12,10.2,5.0,15.5,37.5,,1021.8,10552.9,35.6,0.3
60507,Mascara-Ghriss,DZ,1,9.5,3.8,15.2,57.6,,1022.0,11322.9,35.2,0.1333
60507,Mascara-Ghriss,DZ,2,10.0,4.0,16.0,39.3,,1020.4,11335.4,35.2,0.1333
60507,Mascara-Ghriss,DZ,3,12.6,6.2,19.0,46.5,,1018.4,12800.0,35.2,0.1333
60507,Mascara-Ghriss,DZ,4,15.6,8.8,22.4,50.6,,1014.8,14247.3,35.2,0.1333
60507,Mascara-Ghriss,DZ,5,19.6,11.8,27.4,26.0,,1014.9,17210.8,35.2,0.1333
60507,Mascara-Ghriss,DZ,6,24.4,16.1,32.6,11.6,,1014.4,19285.7,35.2,0.1333
60507,Mascara-Ghriss,DZ,7,28.4,19.6,37.1,2.6,,1013.7,19204.6,35.2,0.1333
60507,Mascara-Ghriss,DZ,8,28.0,19.6,36.3,5.8,,1013.2,18780.0,35.2,0.1333
60507,Mascara-Ghriss,DZ,9,23.8,16.4,31.3,19.7,,1015.4,14592.9,35.2,0.1333
60507,Mascara-Ghriss,DZ,10,19.9,12.7,27.1,32.0,,1016.7,14644.3,35.2,0.1333
60507,Mascara-Ghriss,DZ,11,13.8,8.2,19.3,55.3,,1017.8,10465.7,35.2,0.1333
60507,Mascara-Ghriss,DZ,12,10.4,5.3,15.6,44.5,,1021.1,10149.2,35.2,0.1333
60511,Tiaret,DZ,1,6.3,1.0,11.6,45.7,,,10990.0,35.25,1.4333
60511,Tiaret,DZ,2,7.0,1.2,12.8,43.1,,,11653.6,35.25,1.4333
60511,Tiaret,DZ,3,9.8,3.4,16.2,37.9,,,13687.8,35.25,1.4333
60511,Tiaret,DZ,4,12.4,5.6,19.2,44.6,,,15065.7,35.25,1.4333
60511,Tiaret,DZ,5,16.6,8.9,24.4,29.6,,,17487.5,35.25,1.4333
60511,Tiaret,DZ,6,22.3,13.7,30.9,11.2,,,19867.8,35.25,1.4333
60511,Tiaret,DZ,7,26.6,17.6,35.5,4.0,,,20452.5,35.25,1.4333
60511,Tiaret,DZ,8,26.2,17.7,34.7,10.5,,,18867.3,35.25,1.4333
60511,Tiaret,DZ,9,21.2,13.6,28.8,31.3,,,15493.0,35.25,1.4333
60511,Tiaret,DZ,10,16.8,9.9,23.8,36.2,,,14515.2,35.25,1.4333
60511,Tiaret,DZ,11,10.8,5.4,16.1,40.9,,,11180.9,35.25,1.4333
60511,Tiaret,DZ,12,7.4,2.5,12.2,41.8,,,10130.0,35.25,1.4333
60514,Ksar Chellala,DZ,1,7.8,2.8,12.9,16.9,,,12005.2,35.1667,2.3167
60514,Ksar Chellala,DZ,2,9.0,3.4,14.5,19.2,,,12667.8,35.1667,2.3167
60514,Ksar Chellala,DZ,3,12.3,6.2,18.4,25.3,,,14530.9,35.1667,2.3167
60514,Ksar Chellala,DZ,4,15.4,9.0,21.7,25.6,,,15567.3,35.1667,2.3167
60514,Ksar Chellala,DZ,5,19.9,12.9,26.9,29.0,,,17426.1,35.1667,2.3167
60514,Ksar Chellala,DZ,6,25.3,17.4,33.3,12.9,,,19382.6,35.1667,2.3167
60514,Ksar Chellala,DZ,7,29.6,21.3,37.9,7.0,,,19840.0,35.1667,2.3167
60514,Ksar Chellala,DZ,8,28.8,21.0,36.6,10.1,,,17695.2,35.1667,2.3167
60514,Ksar Chellala,DZ,9,23.5,16.7,30.3,34.7,,,15710.0,35.1667,2.3167
60514,Ksar Chellala,DZ,10,18.8,12.5,25.0,29.6,,,14558.4,35.1667,2.3167
60514,Ksar Chellala,DZ,11,12.2,7.1,17.3,23.4,,,12208.8,35.1667,2.3167
60514,Ksar Chellala,DZ,12,8.4,3.8,13.0,23.2,,,10577.5,35.1667,2.3167
60515,Bou-Saada,DZ,1,9.5,4.5,14.5,14.5,,1023.3,11667.3,35.3333,4.2
60515,Bou-Saada,DZ,2,10.9,5.0,16.8,16.5,,1022.1,12172.2,35.3333,4.2
60515,Bou-Saada,DZ,3,14.6,8.2,20.9,14.0,,1018.6,13532.5,35.3333,4.2
60515,Bou-Saada,DZ,4,18.0,11.5,24.6,23.1,,1015.1,15280.0,35.3333,4.2
60515,Bou-Saada,DZ,5,23.0,16.2,29.8,20.7,,1014.6,17258.4,35.3333,4.2
60515,Bou-Saada,DZ,6,28.4,20.9,35.8,10.9,,1014.5,17942.5,35.3333,4.2
60515,Bou-Saada,DZ,7,32.0,24.1,39.8,6.7,,1013.3,18542.4,35.3333,4.2
60515,Bou-Saada,DZ,8,31.4,23.9,38.9,15.3,,1013.5,17473.0,35.3333,4.2
60515,Bou-Saada,DZ,9,26.0,19.8,32.3,30.3,,1015.4,14640.0,35.3333,4.2
60515,Bou-Saada,DZ,10,20.8,14.5,27.0,22.3,,1017.8,14585.0,35.3333,4.2
60515,Bou-Saada,DZ,11,14.2,8.8,19.5,20.0,,1019.3,11407.8,35.3333,4.2
60515,Bou-Saada,DZ,12,10.1,5.0,15.2,12.8,,1022.4,10794.8,35.3333,4.2
60517,Ghazaouet,DZ,1,13.2,9.0,17.5,57.0,,1021.9,,35.1,-1.8667
60517,Ghazaouet,DZ,2,13.6,9.4,17.8,43.0,,1021.3,,35.1,-1.8667
60517,Ghazaouet,DZ,3,15.0,11.0,18.9,37.7,,1018.6,,35.1,-1.8667
60517,Ghazaouet,DZ,4,16.6,12.8,20.5,32.0,,1015.9,,35.1,-1.8667
60517,Ghazaouet,DZ,5,19.2,15.6,22.8,30.3,,1016.1,,35.1,-1.8667
60517,Ghazaouet,DZ,6,22.6,19.2,26.0,3.9,,1016.4,,35.1,-1.8667
60517,Ghazaouet,DZ,7,25.4,22.0,28.7,0.8,,1015.5,,35.1,-1.8667
60517,Ghazaouet,DZ,8,26.0,22.6,29.3,5.3,,1014.8,,35.1,-1.8667
60517,Ghazaouet,DZ,9,23.4,19.8,27.0,20.4,,1016.3,,35.1,-1.8667
60517,Ghazaouet,DZ,10,20.5,16.5,24.5,40.2,,1017.2,,35.1,-1.8667
60517,Ghazaouet,DZ,11,17.0,12.9,21.2,58.0,,1018.6,,35.1,-1.8667
60517,Ghazaouet,DZ,12,14.2,10.0,18.5,43.6,,1021.4,,35.1,-1.8667
60518,Beni-Saf,DZ,1,13.4,10.2,16.7,51.5,,1020.2,11796.0,35.3,-1.35
60518,Beni-Saf,DZ,2,13.8,10.6,17.0,41.6,,1019.5,12320.0,35.3,-1.35
60518,Beni-Saf,DZ,3,15.6,12.2,18.9,32.5,,1016.7,13912.2,35.3,-1.35
60518,Beni-Saf,DZ,4,17.2,13.9,20.5,30.4,,1014.0,15639.1,35.3,-1.35
60518,Beni-Saf,DZ,5,19.8,16.4,23.1,21.0,,1013.9,17071.4,35.3,-1.35
60518,Beni-Saf,DZ,6,23.0,19.6,26.4,4.5,,1014.3,18143.5,35.3,-1.35
60518,Beni-Saf,DZ,7,25.6,22.3,29.0,0.9,,1013.4,18820.0,35.3,-1.35
60518,Beni-Saf,DZ,8,26.4,23.1,29.6,2.9,,1013.0,18077.5,35.3,-1.35
60518,Beni-Saf,DZ,9,24.0,20.8,27.2,19.3,,1014.5,15325.0,35.3,-1.35
60518,Beni-Saf,DZ,10,21.0,17.8,24.1,34.7,,1015.2,13893.6,35.3,-1.35
60518,Beni-Saf,DZ,11,17.0,13.9,20.1,67.2,,1016.4,11546.1,35.3,-1.35
60518,Beni-Saf,DZ,12,14.4,11.3,17.4,40.4,,1019.5,11072.7,35.3,-1.35
60520,Sidi Bel Abbes,DZ,1,9.3,3.0,15.6,46.9,,1022.1,12150.0,35.1833,-2.6167
60520,Sidi Bel Abbes,DZ,2,10.0,3.3,16.7,38.4,,1021.2,12794.4,35.1833,-2.6167
60520,Sidi Bel Abbes,DZ,3,12.4,5.4,19.4,31.8,,1018.5,14253.9,35.1833,-2.6167
60520,Sidi Bel Abbes,DZ,4,14.7,7.5,21.9,34.9,,1014.9,15976.4,35.1833,-2.6167
60520,Sidi Bel Abbes,DZ,5,18.6,11.0,26.3,23.6,,1014.8,18172.2,35.1833,-2.6167
60520,Sidi Bel Abbes,DZ,6,23.4,15.2,31.7,6.9,,1014.7,20083.2,35.1833,-2.6167
60520,Sidi Bel Abbes,DZ,7,26.8,18.3,35.3,2.2,,1013.8,20940.0,35.1833,-2.6167
60520,Sidi Bel Abbes,DZ,8,27.0,18.5,35.6,3.8,,1013.6,19350.0,35.1833,-2.6167
60520,Sidi Bel Abbes,DZ,9,22.8,15.2,30.5,20.1,,1015.0,15840.0,35.1833,-2.6167
60520,Sidi Bel Abbes,DZ,10,19.0,11.6,26.5,31.0,,1016.7,14592.0,35.1833,-2.6167
60520,Sidi Bel Abbes,DZ,11,13.4,7.4,19.5,53.5,,1017.9,11732.5,35.1833,-2.6167
60520,Sidi Bel Abbes,DZ,12,10.2,4.4,16.0,43.5,,1021.5,11375.5,35.1833,-2.6167
60522,Maghnia,DZ,1,10.4,4.2,16.6,38.5,,1023.2,12764.3,34.8167,-1.7833
60522,Maghnia,DZ,2,10.9,4.3,17.5,33.7,,1022.1,12699.1,34.8167,-1.7833
60522,Maghnia,DZ,3,13.2,6.4,20.1,34.5,,1018.9,14160.0,34.8167,-1.7833
60522,Maghnia,DZ,4,15.6,8.6,22.5,35.3,,1015.7,15900.0,34.8167,-1.7833
60522,Maghnia,DZ,5,19.0,11.6,26.5,31.0,,1015.3,17895.7,34.8167,-1.7833
60522,Maghnia,DZ,6,23.6,15.9,31.3,4.2,,1015.4,19758.0,34.8167,-1.7833
60522,Maghnia,DZ,7,26.9,18.8,35.0,2.0,,1014.4,20382.9,34.8167,-1.7833
60522,Maghnia,DZ,8,27.2,19.3,35.1,5.8,,1014.0,18817.5,34.8167,-1.7833
60522,Maghnia,DZ,9,23.4,16.4,30.4,17.5,,1015.7,15741.8,34.8167,-1.7833
60522,Maghnia,DZ,10,19.6,12.5,26.6,27.0,,1017.1,14280.0,34.8167,-1.7833
60522,Maghnia,DZ,11,14.2,8.2,20.3,41.1,,1018.8,11955.7,34.8167,-1.7833
60522,Maghnia,DZ,12,11.2,5.2,17.2,35.7,,1021.2,12035.5,34.8167,-1.7833
60525,Biskra,DZ,1,12.2,7.0,17.4,17.6,,1021.3,13703.1,34.8,5.7333
60525,Biskra,DZ,2,13.6,8.0,19.3,8.6,,1020.0,14006.4,34.8,5.7333
60525,Biskra,DZ,3,17.3,11.3,23.3,15.4,,1016.7,15909.6,34.8,5.7333
60525,Biskra,DZ,4,21.2,15.2,27.2,16.9,,1013.1,17374.6,34.8,5.7333
60525,Biskra,DZ,5,26.2,20.1,32.4,9.9,,1012.9,19593.6,34.8,5.7333
60525,Biskra,DZ,6,31.3,24.8,37.8,4.4,,1012.9,20342.4,34.8,5.7333
60525,Biskra,DZ,7,34.6,28.1,41.1,0.9,,1012.4,21352.8,34.8,5.7333
60525,Biskra,DZ,8,34.2,27.8,40.6,3.1,,1012.5,20222.4,34.8,5.7333
60525,Biskra,DZ,9,28.9,23.2,34.6,16.3,,1014.0,15873.9,34.8,5.7333
60525,Biskra,DZ,10,23.7,18.0,29.4,14.9,,1016.3,15755.0,34.8,5.7333
60525,Biskra,DZ,11,17.1,11.9,22.3,15.7,,1017.5,13534.6,34.8,5.7333
60525,Biskra,DZ,12,12.9,8.0,17.8,10.2,,1020.3,13152.0,34.8,5.7333
60531,Tlemcen Zenata,DZ,1,11.2,5.6,16.8,47.9,,1022.6,12057.7,35.0167,-1.4667
60531,Tlemcen Zenata,DZ,2,11.8,6.2,17.4,38.3,,1021.7,12207.5,35.0167,-1.4667
60531,Tlemcen Zenata,DZ,3,14.0,7.9,20.0,40.2,,1018.5,14007.7,35.0167,-1.4667
60531,Tlemcen Zenata,DZ,4,16.2,9.9,22.5,34.1,,1015.8,15513.6,35.0167,-1.4667
60531,Tlemcen Zenata,DZ,5,19.3,12.9,25.7,25.2,,1015.7,17848.8,35.0167,-1.4667
60531,Tlemcen Zenata,DZ,6,23.1,16.6,29.6,4.3,,1015.5,19156.2,35.0167,-1.4667
60531,Tlemcen Zenata,DZ,7,26.1,19.5,32.7,1.0,,1014.7,19806.9,35.0167,-1.4667
60531,Tlemcen Zenata,DZ,8,26.8,20.4,33.3,3.5,,1014.5,18837.5,35.0167,-1.4667
60531,Tlemcen Zenata,DZ,9,23.5,17.3,29.7,16.3,,1015.8,15759.1,35.0167,-1.4667
60531,Tlemcen Zenata,DZ,10,20.4,14.2,26.7,29.5,,1017.1,13952.5,35.0167,-1.4667
60531,Tlemcen Zenata,DZ,11,15.3,9.8,20.8,46.0,,1018.5,11845.4,35.0167,-1.4667
60531,Tlemcen Zenata,DZ,12,12.4,7.0,17.7,36.9,,1020.8,11351.5,35.0167,-1.4667
60535,Djelfa,DZ,1,5.2,0.5,10.0,28.3,,,11169.2,34.6833,3.25
60535,Djelfa,DZ,2,6.4,0.9,11.8,25.6,,,12032.5,34.6833,3.25
60535,Djelfa,DZ,3,9.4,3.7,15.2,26.6,,,14185.0,34.6833,3.25
60535,Djelfa,DZ,4,12.8,6.5,19.0,29.3,,,15730.0,34.6833,3.25
60535,Djelfa,DZ,5,17.4,10.8,23.9,28.7,,,17702.9,34.6833,3.25
60535,Djelfa,DZ,6,22.8,15.6,30.0,14.1,,,18390.0,34.6833,3.25
60535,Djelfa,DZ,7,26.9,19.5,34.3,9.1,,,18973.0,34.6833,3.25
60535,Djelfa,DZ,8,26.0,18.8,33.3,18.7,,,18017.5,34.6833,3.25
60535,Djelfa,DZ,9,20.7,14.4,27.0,33.6,,,14707.5,34.6833,3.25
60535,Djelfa,DZ,10,15.9,10.0,21.8,31.0,,,14603.5,34.6833,3.25
60535,Djelfa,DZ,11,9.4,4.7,14.2,26.9,,,11596.8,34.6833,3.25
60535,Djelfa,DZ,12,6.4,1.8,10.9,23.1,,,10276.4,34.6833,3.25
60536,Saida,DZ,1,8.6,2.9,14.3,38.6,,,11543.5,34.8667,0.15
60536,Saida,DZ,2,9.2,3.0,15.3,38.1,,,11509.6,34.8667,0.15
60536,Saida,DZ,3,12.0,5.5,18.6,40.9,,,13967.5,34.8667,0.15
60536,Saida,DZ,4,14.4,7.2,21.7,39.5,,,15565.0,34.8667,0.15
60536,Saida,DZ,5,18.5,10.7,26.4,30.4,,,17509.1,34.8667,0.15
60536,Saida,DZ,6,23.5,14.8,32.2,10.8,,,19582.5,34.8667,0.15
60536,Saida,DZ,7,27.5,18.5,36.5,6.8,,,20090.4,34.8667,0.15
60536,Saida,DZ,8,27.5,18.8,36.2,10.4,,,18780.0,34.8667,0.15
60536,Saida,DZ,9,22.8,15.3,30.3,26.1,,,15515.0,34.8667,0.15
60536,Saida,DZ,10,18.8,11.9,25.7,43.1,,,14666.4,34.8667,0.15
60536,Saida,DZ,11,12.7,7.2,18.2,44.8,,,11635.0,34.8667,0.15
60536,Saida,DZ,12,9.6,4.3,14.9,36.0,,,10870.4,34.8667,0.15
60540,El Kheiter,DZ,1,6.6,0.9,12.4,13.2,,,12166.4,34.15,0.0667
60540,El Kheiter,DZ,2,8.4,2.1,14.6,13.7,,,12608.2,34.15,0.0667
60540,El Kheiter,DZ,3,11.8,5.3,18.4,21.3,,,14997.0,34.15,0.0667
60540,El Kheiter,DZ,4,15.0,8.3,21.8,22.7,,,15507.0,34.15,0.0667
60540,El Kheiter,DZ,5,19.6,12.4,26.7,23.4,,,17538.0,34.15,0.0667
60540,El Kheiter,DZ,6,24.6,16.7,32.6,11.8,,,19077.1,34.15,0.0667
60540,El Kheiter,DZ,7,28.8,20.6,37.0,8.0,,,19011.8,34.15,0.0667
60540,El Kheiter,DZ,8,28.3,20.3,36.3,13.8,,,18094.7,34.15,0.0667
60540,El Kheiter,DZ,9,22.8,15.7,29.8,27.8,,,15477.3,34.15,0.0667
60540,El Kheiter,DZ,10,17.9,11.5,24.3,37.7,,,14436.5,34.15,0.0667
60540,El Kheiter,DZ,11,11.1,5.6,16.7,27.9,,,12477.3,34.15,0.0667
60540,El Kheiter,DZ,12,7.4,2.2,12.6,15.3,,,11437.9,34.15,0.0667
60545,Laghouat,DZ,1,8.5,2.1,14.8,12.2,,,12717.4,33.7667,2.9333
60545,Laghouat,DZ,2,10.0,3.3,16.6,8.8,,,13531.4,33.7667,2.9333
60545,Laghouat,DZ,3,13.6,6.6,20.5,11.4,,,14625.7,33.7667,2.9333
60545,Laghouat,DZ,4,17.5,10.4,24.6,17.2,,,16357.1,33.7667,2.9333
60545,Laghouat,DZ,5,22.2,15.0,29.5,11.4,,,18611.4,33.7667,2.9333
60545,Laghouat,DZ,6,28.0,20.4,35.7,8.0,,,18837.0,33.7667,2.9333
60545,Laghouat,DZ,7,31.7,23.9,39.5,6.3,,,19038.9,33.7667,2.9333
60545,Laghouat,DZ,8,30.6,22.8,38.4,14.6,,,17674.7,33.7667,2.9333
60545,Laghouat,DZ,9,25.3,18.3,32.3,26.2,,,14642.5,33.7667,2.9333
60545,Laghouat,DZ,10,19.8,12.9,26.8,20.5,,,14735.5,33.7667,2.9333
60545,Laghouat,DZ,11,12.8,6.5,19.2,9.7,,,12891.8,33.7667,2.9333
60545,Laghouat,DZ,12,9.1,3.0,15.2,12.7,,,12380.9,33.7667,2.9333
60549,Mecheria,DZ,1,7.2,2.0,12.3,16.7,,,12600.0,34.9333,-0.4333
60549,Mecheria,DZ,2,8.6,3.0,14.3,22.0,,,13233.9,34.9333,-0.4333
60549,Mecheria,DZ,3,12.1,6.1,18.2,28.6,,,14433.9,34.9333,-0.4333
60549,Mecheria,DZ,4,15.4,8.8,22.0,25.9,,,15893.7,34.9333,-0.4333
60549,Mecheria,DZ,5,19.6,12.8,26.5,19.0,,,17890.0,34.9333,-0.4333
60549,Mecheria,DZ,6,25.1,17.5,32.7,9.0,,,18376.8,34.9333,-0.4333
60549,Mecheria,DZ,7,29.4,21.6,37.2,6.3,,,17360.0,34.9333,-0.4333
60549,Mecheria,DZ,8,28.6,21.0,36.2,11.1,,,16668.6,34.9333,-0.4333
60549,Mecheria,DZ,9,23.1,16.3,29.9,27.2,,,15062.6,34.9333,-0.4333
60549,Mecheria,DZ,10,18.1,12.0,24.2,33.5,,,14774.4,34.9333,-0.4333
60549,Mecheria,DZ,11,11.7,6.5,16.9,27.3,,,12568.7,34.9333,-0.4333
60549,Mecheria,DZ,12,8.0,3.1,12.9,16.4,,,11590.9,34.9333,-0.4333
60550,Elbayadh,DZ,1,5.2,0.0,10.3,24.1,,,10842.5,33.6667,1.0
60550,Elbayadh,DZ,2,6.4,0.9,12.0,19.5,,,11975.0,33.6667,1.0
60550,Elbayadh,DZ,3,10.0,4.3,15.8,28.9,,,14005.4,33.6667,1.0
60550,Elbayadh,DZ,4,13.4,7.4,19.5,30.8,,,15967.8,33.6667,1.0
60550,Elbayadh,DZ,5,18.2,11.5,24.8,20.6,,,18561.6,33.6667,1.0
60550,Elbayadh,DZ,6,23.8,16.9,30.8,14.8,,,19458.5,33.6667,1.0
60550,Elbayadh,DZ,7,28.0,21.0,35.1,7.0,,,18777.6,33.6667,1.0
60550,Elbayadh,DZ,8,27.2,20.3,34.2,13.8,,,18139.2,33.6667,1.0
60550,Elbayadh,DZ,9,21.8,15.5,28.0,28.5,,,15802.5,33.6667,1.0
60550,Elbayadh,DZ,10,16.4,10.7,22.2,35.8,,,14716.2,33.6667,1.0
60550,Elbayadh,DZ,11,9.6,4.6,14.5,30.3,,,11107.5,33.6667,1.0
60550,Elbayadh,DZ,12,6.0,1.6,10.4,25.0,,,9988.8,33.6667,1.0
60555,Touggourt,DZ,1,11.1,4.7,17.5,12.4,,1021.7,14634.8,33.1167,6.1333
60555,Touggourt,DZ,2,13.0,6.1,19.8,2.9,,1020.3,14762.5,33.1167,6.1333
60555,Touggourt,DZ,3,17.2,10.2,24.2,6.2,,1016.9,16112.7,33.1167,6.1333
60555,Touggourt,DZ,4,21.8,14.6,28.9,7.0,,1013.0,17301.0,33.1167,6.1333
60555,Touggourt,DZ,5,26.4,19.2,33.7,2.5,,1012.7,19466.1,33.1167,6.1333
60555,Touggourt,DZ,6,31.3,24.0,38.6,0.6,,1012.7,19768.6,33.1167,6.1333
60555,Touggourt,DZ,7,34.3,26.9,41.8,0.5,,1012.3,21641.7,33.1167,6.1333
60555,Touggourt,DZ,8,34.0,26.7,41.2,2.2,,1012.2,20227.5,33.1167,6.1333
60555,Touggourt,DZ,9,29.0,22.4,35.6,6.4,,1013.7,16221.0,33.1167,6.1333
60555,Touggourt,DZ,10,23.5,16.6,30.4,5.2,,1016.3,16115.0,33.1167,6.1333
60555,Touggourt,DZ,11,16.5,9.9,23.1,6.3,,1018.1,14647.5,33.1167,6.1333
60555,Touggourt,DZ,12,12.2,5.9,18.5,4.9,,1021.0,14115.0,33.1167,6.1333
60557,Naama,DZ,1,6.4,0.2,12.5,11.4,,,12687.5,33.2667,-0.3
60557,Naama,DZ,2,7.9,1.4,14.4,14.0,,,12991.3,33.2667,-0.3
60557,Naama,DZ,3,11.6,4.9,18.2,25.5,,,14509.6,33.2667,-0.3
60557,Naama,DZ,4,15.1,8.2,22.0,20.5,,,16651.4,33.2667,-0.3
60557,Naama,DZ,5,19.6,12.3,26.9,18.7,,,18109.6,33.2667,-0.3
60557,Naama,DZ,6,24.9,17.2,32.6,13.1,,,18938.2,33.2667,-0.3
60557,Naama,DZ,7,29.1,21.1,37.1,6.2,,,17991.8,33.2667,-0.3
60557,Naama,DZ,8,28.2,20.3,36.0,15.5,,,17173.0,33.2667,-0.3
60557,Naama,DZ,9,22.8,15.8,29.9,24.1,,,15432.0,33.2667,-0.3
60557,Naama,DZ,10,17.7,11.1,24.3,26.9,,,15000.0,33.2667,-0.3
60557,Naama,DZ,11,10.8,5.0,16.7,26.4,,,12960.0,33.2667,-0.3
60557,Naama,DZ,12,7.1,1.5,12.7,13.1,,,11460.0,33.2667,-0.3
60559,El Oued,DZ,1,11.4,5.2,17.5,15.3,,1021.2,14117.5,33.5,6.1167
60559,El Oued,DZ,2,13.0,6.5,19.6,3.6,,1019.8,14379.1,33.5,6.1167
60559,El Oued,DZ,3,17.2,10.5,24.0,6.9,,1016.6,15667.2,33.5,6.1167
60559,El Oued,DZ,4,21.7,14.8,28.6,7.3,,1013.2,16868.2,33.5,6.1167
60559,El Oued,DZ,5,26.0,18.8,33.2,3.1,,1012.6,18562.5,33.5,6.1167
60559,El Oued,DZ,6,31.2,23.9,38.6,0.8,,1012.7,20087.5,33.5,6.1167
60559,El Oued,DZ,7,34.2,26.8,41.7,0.4,,1012.4,21320.9,33.5,6.1167
60559,El Oued,DZ,8,33.8,26.6,41.0,1.6,,1012.4,20193.9,33.5,6.1167
60559,El Oued,DZ,9,29.2,22.9,35.6,7.8,,1013.8,15880.0,33.5,6.1167
60559,El Oued,DZ,10,23.8,17.4,30.2,6.5,,1016.1,15398.4,33.5,6.1167
60559,El Oued,DZ,11,16.8,10.6,22.9,7.1,,1017.7,14105.0,33.5,6.1167
60559,El Oued,DZ,12,12.2,6.3,18.2,6.7,,1020.4,13622.4,33.5,6.1167
60560,Ain Sefra,DZ,1,7.6,0.8,14.4,14.6,,,13352.3,32.7667,-0.6
60560,Ain Sefra,DZ,2,9.4,2.5,16.2,11.6,,,14006.1,32.7667,-0.6
60560,Ain Sefra,DZ,3,13.0,6.2,19.8,21.7,,,15395.0,32.7667,-0.6
60560,Ain Sefra,DZ,4,17.0,9.7,24.3,16.1,,,17657.1,32.7667,-0.6
60560,Ain Sefra,DZ,5,21.2,13.8,28.7,13.7,,,18920.9,32.7667,-0.6
60560,Ain Sefra,DZ,6,26.4,18.6,34.3,7.6,,,19418.2,32.7667,-0.6
60560,Ain Sefra,DZ,7,30.4,22.2,38.6,4.5,,,18498.5,32.7667,-0.6
60560,Ain Sefra,DZ,8,29.4,21.4,37.5,14.7,,,17361.6,32.7667,-0.6
60560,Ain Sefra,DZ,9,24.2,16.8,31.7,21.3,,,15722.5,32.7667,-0.6
60560,Ain Sefra,DZ,10,18.8,11.6,26.1,34.5,,,15511.2,32.7667,-0.6
60560,Ain Sefra,DZ,11,12.2,5.7,18.7,22.0,,,13650.0,32.7667,-0.6
60560,Ain Sefra,DZ,12,8.5,2.3,14.7,9.9,,,13129.6,32.7667,-0.6
60563,Hassir'Mel / Berriane,DZ,1,8.4,2.1,14.7,11.2,,,14682.9,32.9333,3.2833
60563,Hassir'Mel / Berriane,DZ,2,10.2,3.7,16.7,4.1,,,14280.0,32.9333,3.2833
60563,Hassir'Mel / Berriane,DZ,3,14.4,7.8,21.1,6.1,,,15724.6,32.9333,3.2833
60563,Hassir'Mel / Berriane,DZ,4,18.6,11.6,25.5,5.8,,,17621.5,32.9333,3.2833
60563,Hassir'Mel / Berriane,DZ,5,23.2,16.1,30.3,5.5,,,19341.8,32.9333,3.2833
60563,Hassir'Mel / Berriane,DZ,6,28.6,21.4,35.8,5.8,,,20280.0,32.9333,3.2833
60563,Hassir'Mel / Berriane,DZ,7,32.4,25.2,39.7,1.6,,,20254.3,32.9333,3.2833
60563,Hassir'Mel / Berriane,DZ,8,31.3,24.2,38.4,5.9,,,19518.5,32.9333,3.2833
60563,Hassir'Mel / Berriane,DZ,9,26.2,19.7,32.8,21.5,,,15703.6,32.9333,3.2833
60563,Hassir'Mel / Berriane,DZ,10,21.2,14.6,27.7,14.0,,,16050.0,32.9333,3.2833
60563,Hassir'Mel / Berriane,DZ,11,13.6,7.5,19.6,9.1,,,14765.0,32.9333,3.2833
60563,Hassir'Mel / Berriane,DZ,12,9.4,3.6,15.2,9.1,,,13860.0,32.9333,3.2833
60566,Ghardaia,DZ,1,11.5,6.0,17.0,8.7,,1023.0,14844.0,32.3833,3.8167
60566,Ghardaia,DZ,2,13.2,7.4,19.0,3.7,,1021.3,14845.4,32.3833,3.8167
60566,Ghardaia,DZ,3,17.1,11.0,23.2,9.0,,1017.5,16298.4,32.3833,3.8167
60566,Ghardaia,DZ,4,21.2,14.7,27.6,5.5,,1013.4,17990.4,32.3833,3.8167
60566,Ghardaia,DZ,5,26.0,19.2,32.9,2.8,,1012.7,19017.7,32.3833,3.8167
60566,Ghardaia,DZ,6,31.0,24.3,37.6,2.2,,1012.3,20112.5,32.3833,3.8167
60566,Ghardaia,DZ,7,34.6,27.9,41.4,1.6,,1012.0,20760.0,32.3833,3.8167
60566,Ghardaia,DZ,8,34.0,27.5,40.4,3.8,,1012.3,19429.6,32.3833,3.8167
60566,Ghardaia,DZ,9,29.0,22.8,35.1,16.9,,1014.2,16238.2,32.3833,3.8167
60566,Ghardaia,DZ,10,23.2,17.4,29.1,6.8,,1016.9,16080.0,32.3833,3.8167
60566,Ghardaia,DZ,11,16.6,11.0,22.1,5.3,,1019.0,14736.9,32.3833,3.8167
60566,Ghardaia,DZ,12,12.4,7.2,17.7,4.6,,1022.5,14229.6,32.3833,3.8167
60571,Bechar,DZ,1,10.0,3.4,16.6,5.4,,,15212.3,31.6167,-2.2333
60571,Bechar,DZ,2,12.6,6.0,19.2,7.7,,,15201.6,31.6167,-2.2333
60571,Bechar,DZ,3,16.6,10.3,23.0,11.8,,,17026.2,31.6167,-2.2333
60571,Bechar,DZ,4,21.0,14.7,27.2,5.9,,,18592.5,31.6167,-2.2333
60571,Bechar,DZ,5,25.6,19.2,32.0,5.8,,,20524.6,31.6167,-2.2333
60571,Bechar,DZ,6,30.4,23.8,37.1,4.8,,,20572.5,31.6167,-2.2333
60571,Bechar,DZ,7,34.6,28.0,41.1,1.6,,,19901.7,31.6167,-2.2333
60571,Bechar,DZ,8,33.4,27.0,39.8,3.5,,,18640.0,31.6167,-2.2333
60571,Bechar,DZ,9,28.2,22.0,34.4,11.0,,,16703.5,31.6167,-2.2333
60571,Bechar,DZ,10,22.3,16.2,28.4,18.2,,,16286.4,31.6167,-2.2333
60571,Bechar,DZ,11,15.3,9.2,21.4,18.5,,,14907.7,31.6167,-2.2333
60571,Bechar,DZ,12,11.1,4.8,17.4,6.6,,,14972.3,31.6167,-2.2333
60580,Ouargla,DZ,1,11.7,4.8,18.6,5.8,,1021.1,14540.9,31.9167,5.4
60580,Ouargla,DZ,2,13.8,6.4,21.1,1.3,,1020.5,14614.6,31.9167,5.4
60580,Ouargla,DZ,3,18.2,10.7,25.8,5.2,,1016.1,16135.0,31.9167,5.4
60580,Ouargla,DZ,4,23.0,15.3,30.6,1.9,,1012.3,16940.0,31.9167,5.4
60580,Ouargla,DZ,5,27.5,19.9,35.1,3.0,,1011.8,18141.6,31.9167,5.4
60580,Ouargla,DZ,6,32.7,25.0,40.4,0.4,,1011.3,17225.0,31.9167,5.4
60580,Ouargla,DZ,7,35.8,28.1,43.6,0.1,,1011.1,20061.8,31.9167,5.4
60580,Ouargla,DZ,8,35.2,27.6,42.9,0.3,,1011.3,19630.4,31.9167,5.4
60580,Ouargla,DZ,9,30.6,23.4,37.8,4.0,,1013.0,15594.0,31.9167,5.4
60580,Ouargla,DZ,10,24.5,17.3,31.7,5.0,,1015.6,15556.8,31.9167,5.4
60580,Ouargla,DZ,11,17.2,10.3,24.1,4.9,,1017.8,14345.0,31.9167,5.4
60580,Ouargla,DZ,12,12.9,6.2,19.6,3.2,,1020.8,12859.2,31.9167,5.4
60581,Hassi-Messaoud,DZ,1,11.6,4.6,18.5,3.7,,1021.6,15258.0,31.6667,6.15
60581,Hassi-Messaoud,DZ,2,13.8,6.7,20.9,2.4,,1020.2,14754.5,31.6667,6.15
60581,Hassi-Messaoud,DZ,3,18.4,11.1,25.7,4.8,,1015.8,15038.2,31.6667,6.15
60581,Hassi-Messaoud,DZ,4,23.0,15.7,30.4,4.1,,1012.5,17196.0,31.6667,6.15
60581,Hassi-Messaoud,DZ,5,28.0,20.7,35.4,3.0,,1011.8,19434.0,31.6667,6.15
60581,Hassi-Messaoud,DZ,6,32.7,25.1,40.3,0.3,,1011.4,19693.3,31.6667,6.15
60581,Hassi-Messaoud,DZ,7,35.7,28.0,43.4,0.0,,1011.3,21492.0,31.6667,6.15
60581,Hassi-Messaoud,DZ,8,35.2,27.7,42.8,0.5,,1011.5,20526.0,31.6667,6.15
60581,Hassi-Messaoud,DZ,9,30.8,23.9,37.8,4.1,,1013.0,16800.0,31.6667,6.15
60581,Hassi-Messaoud,DZ,10,25.1,18.2,32.0,3.8,,1015.7,17040.0,31.6667,6.15
60581,Hassi-Messaoud,DZ,11,17.3,10.6,24.0,4.3,,1017.9,15540.0,31.6667,6.15
60581,Hassi-Messaoud,DZ,12,12.6,6.1,19.1,2.7,,1021.0,14067.3,31.6667,6.15
60590,El Golea,DZ,1,10.1,2.8,17.4,7.1,,1022.8,15523.2,30.5667,2.8667
60590,El Golea,DZ,2,12.3,4.6,20.0,1.4,,1021.2,15216.9,30.5667,2.8667
60590,El Golea,DZ,3,17.0,9.2,24.7,7.1,,1016.7,16595.0,30.5667,2.8667
60590,El Golea,DZ,4,21.4,13.6,29.3,3.9,,1013.1,17450.4,30.5667,2.8667
60590,El Golea,DZ,5,26.5,18.6,34.4,3.6,,1011.7,18928.8,30.5667,2.8667
60590,El Golea,DZ,6,31.6,23.4,39.7,0.4,,1010.9,19305.6,30.5667,2.8667
60590,El Golea,DZ,7,34.6,26.5,42.7,0.1,,1010.6,20748.0,30.5667,2.8667
60590,El Golea,DZ,8,33.8,25.9,41.7,0.9,,1011.3,20147.5,30.5667,2.8667
60590,El Golea,DZ,9,29.8,22.2,37.3,3.6,,1013.0,16132.2,30.5667,2.8667
60590,El Golea,DZ,10,23.5,16.1,30.8,5.3,,1015.8,16451.5,30.5667,2.8667
60590,El Golea,DZ,11,15.8,8.5,23.0,4.5,,1018.8,15371.5,30.5667,2.8667
60590,El Golea,DZ,12,11.2,4.0,18.4,3.3,,1022.4,15312.5,30.5667,2.8667
60602,Beni Abbes,DZ,1,12.2,5.2,19.1,3.2,,1021.9,16283.1,30.1333,-2.1667
60602,Beni Abbes,DZ,2,14.6,7.9,21.4,3.6,,1019.7,15682.5,30.1333,-2.1667
60602,Beni Abbes,DZ,3,19.3,12.5,26.1,6.0,,1015.1,17416.8,30.1333,-2.1667
60602,Beni Abbes,DZ,4,24.0,17.2,30.8,1.9,,1010.9,19042.9,30.1333,-2.1667
60602,Beni Abbes,DZ,5,28.2,21.5,34.9,2.2,,1009.3,20447.0,30.1333,-2.1667
60602,Beni Abbes,DZ,6,33.2,26.3,40.2,0.6,,1008.6,20487.5,30.1333,-2.1667
60602,Beni Abbes,DZ,7,37.3,30.4,44.2,0.4,,1008.1,19873.6,30.1333,-2.1667
60602,Beni Abbes,DZ,8,36.2,29.3,43.0,1.8,,1008.6,18910.4,30.1333,-2.1667
60602,Beni Abbes,DZ,9,31.4,24.9,37.9,7.9,,1010.8,16406.1,30.1333,-2.1667
60602,Beni Abbes,DZ,10,24.9,18.4,31.4,7.7,,1014.1,16579.2,30.1333,-2.1667
60602,Beni Abbes,DZ,11,17.9,11.5,24.3,7.1,,1017.2,15685.0,30.1333,-2.1667
60602,Beni Abbes,DZ,12,13.2,6.9,19.5,2.3,,1020.8,15952.8,30.1333,-2.1667
60607,Timimoun,DZ,1,12.2,4.9,19.6,2.2,,1022.2,15685.0,29.25,0.2833
60607,Timimoun,DZ,2,14.8,7.5,22.0,1.6,,1019.7,15038.4,29.25,0.2833
60607,Timimoun,DZ,3,19.6,11.9,27.2,2.6,,1015.6,16590.0,29.25,0.2833
60607,Timimoun,DZ,4,24.2,16.4,32.0,3.4,,1011.0,17539.1,29.25,0.2833
60607,Timimoun,DZ,5,28.8,20.9,36.8,1.3,,1010.0,19110.0,29.25,0.2833
60607,Timimoun,DZ,6,34.0,25.7,42.2,0.3,,1009.2,19388.2,29.25,0.2833
60607,Timimoun,DZ,7,37.2,28.8,45.5,0.1,,1008.6,20024.3,29.25,0.2833
60607,Timimoun,DZ,8,36.2,28.2,44.3,1.4,,1009.2,18962.5,29.25,0.2833
60607,Timimoun,DZ,9,32.2,24.7,39.6,2.8,,1011.2,15652.5,29.25,0.2833
60607,Timimoun,DZ,10,25.6,18.4,32.9,3.3,,1013.8,16370.4,29.25,0.2833
60607,Timimoun,DZ,11,18.0,11.0,25.1,1.6,,1017.5,15393.6,29.25,0.2833
60607,Timimoun,DZ,12,13.2,6.5,20.0,1.6,,1020.9,15417.5,29.25,0.2833
60611,In Amenas,DZ,1,10.8,3.4,18.1,1.9,,1021.4,15609.2,28.05,9.6333
60611,In Amenas,DZ,2,13.2,5.4,21.0,2.5,,1019.7,15144.0,28.05,9.6333
60611,In Amenas,DZ,3,18.1,10.2,26.0,4.4,,1015.0,16573.6,28.05,9.6333
60611,In Amenas,DZ,4,23.3,15.4,31.2,3.1,,1011.1,16085.2,28.05,9.6333
60611,In Amenas,DZ,5,28.0,20.2,35.7,2.1,,1010.2,17116.2,28.05,9.6333
60611,In Amenas,DZ,6,31.6,23.6,39.7,0.9,,1009.6,18276.5,28.05,9.6333
60611,In Amenas,DZ,7,32.4,24.4,40.5,0.0,,1010.0,21818.4,28.05,9.6333
60611,In Amenas,DZ,8,32.0,24.2,39.9,0.2,,1010.2,20957.5,28.05,9.6333
60611,In Amenas,DZ,9,30.0,22.4,37.7,1.2,,1011.7,17551.3,28.05,9.6333
60611,In Amenas,DZ,10,24.6,17.0,32.1,4.3,,1014.4,16917.6,28.05,9.6333
60611,In Amenas,DZ,11,17.4,9.9,24.8,0.8,,1017.4,15429.6,28.05,9.6333
60611,In Amenas,DZ,12,12.2,5.0,19.3,1.0,,1020.5,13855.2,28.05,9.6333
60620,Adrar,DZ,1,13.2,5.1,21.4,1.9,,1020.7,16566.9,27.8833,-0.2833
60620,Adrar,DZ,2,15.9,7.6,24.2,1.7,,1018.9,15475.0,27.8833,-0.2833
60620,Adrar,DZ,3,20.6,12.2,29.1,1.2,,1014.6,17174.4,27.8833,-0.2833
60620,Adrar,DZ,4,25.4,17.0,33.8,2.3,,1010.4,17980.9,27.8833,-0.2833
60620,Adrar,DZ,5,30.0,21.7,38.4,1.0,,1009.2,19290.0,27.8833,-0.2833
60620,Adrar,DZ,6,34.6,25.8,43.3,0.3,,1008.4,19287.7,27.8833,-0.2833
60620,Adrar,DZ,7,37.8,29.2,46.3,0.1,,1007.6,19605.0,27.8833,-0.2833
60620,Adrar,DZ,8,36.9,28.6,45.2,0.9,,1008.0,18009.6,27.8833,-0.2833
60620,Adrar,DZ,9,33.2,25.2,41.3,2.1,,1010.4,15510.0,27.8833,-0.2833
60620,Adrar,DZ,10,27.0,19.1,35.0,2.3,,1013.3,16433.1,27.8833,-0.2833
60620,Adrar,DZ,11,19.2,11.4,27.1,1.4,,1016.7,15727.2,27.8833,-0.2833
60620,Adrar,DZ,12,14.2,6.5,21.8,0.6,,1020.1,15832.8,27.8833,-0.2833
60630,In Salah,DZ,1,14.4,6.6,22.2,3.2,,1020.3,16603.2,27.2,2.4667
60630,In Salah,DZ,2,17.2,9.4,25.1,0.7,,1018.4,15446.1,27.2,2.4667
60630,In Salah,DZ,3,21.6,13.2,30.1,0.9,,1014.1,17022.5,27.2,2.4667
60630,In Salah,DZ,4,26.4,18.1,34.6,1.4,,1010.4,17593.8,27.2,2.4667
60630,In Salah,DZ,5,31.2,23.0,39.5,0.5,,1009.1,18574.6,27.2,2.4667
60630,In Salah,DZ,6,35.8,27.7,43.9,0.3,,1008.2,19022.3,27.2,2.4667
60630,In Salah,DZ,7,38.4,30.5,46.3,0.1,,1007.7,20556.0,27.2,2.4667
60630,In Salah,DZ,8,37.6,30.1,45.0,0.6,,1008.2,19685.0,27.2,2.4667
60630,In Salah,DZ,9,34.4,26.9,41.9,1.0,,1010.3,16340.0,27.2,2.4667
60630,In Salah,DZ,10,28.2,20.8,35.6,1.3,,1012.5,16605.0,27.2,2.4667
60630,In Salah,DZ,11,20.4,12.7,28.0,1.5,,1016.1,15939.1,27.2,2.4667
60630,In Salah,DZ,12,15.8,8.4,23.2,0.3,,1019.6,15888.0,27.2,2.4667
60640,Illizi,DZ,1,13.0,5.3,20.6,1.9,,1020.5,,26.5,8.4167
60640,Illizi,DZ,2,15.2,7.2,23.1,2.0,,1018.3,,26.5,8.4167
60640,Illizi,DZ,3,20.1,12.1,28.1,2.7,,1014.2,,26.5,8.4167
60640,Illizi,DZ,4,25.8,17.8,33.7,2.0,,1009.9,,26.5,8.4167
60640,Illizi,DZ,5,30.4,22.6,38.1,1.6,,1009.0,,26.5,8.4167
60640,Illizi,DZ,6,33.6,25.7,41.4,2.3,,1008.9,,26.5,8.4167
60640,Illizi,DZ,7,33.9,26.0,41.8,0.1,,1009.0,,26.5,8.4167
60640,Illizi,DZ,8,33.8,25.9,41.6,0.3,,1009.0,,26.5,8.4167
60640,Illizi,DZ,9,31.7,23.8,39.6,2.4,,1011.0,,26.5,8.4167
60640,Illizi,DZ,10,26.2,18.7,33.7,2.8,,1013.2,,26.5,8.4167
60640,Illizi,DZ,11,19.4,11.6,27.1,1.6,,1016.1,,26.5,8.4167
60640,Illizi,DZ,12,14.6,7.0,22.2,1.6,,1019.3,,26.5,8.4167
60656,Tindouf,DZ,1,13.7,6.1,21.3,2.7,,1020.5,16383.5,27.6667,-8.1333
60656,Tindouf,DZ,2,16.2,8.5,23.9,5.9,,1018.4,15322.5,27.6667,-8.1333
60656,Tindouf,DZ,3,20.0,12.1,27.8,3.3,,1014.0,17613.8,27.6667,-8.1333
60656,Tindouf,DZ,4,22.8,14.5,31.1,1.1,,1010.5,18909.2,27.6667,-8.1333
60656,Tindouf,DZ,5,25.8,17.1,34.5,2.0,,1009.9,20828.0,27.6667,-8.1333
60656,Tindouf,DZ,6,30.0,20.9,39.2,1.0,,1009.3,18256.0,27.6667,-8.1333
60656,Tindouf,DZ,7,35.0,26.2,43.7,0.7,,1007.7,17738.6,27.6667,-8.1333
60656,Tindouf,DZ,8,34.8,26.7,42.8,6.2,,1008.1,16696.0,27.6667,-8.1333
60656,Tindouf,DZ,9,30.0,22.3,37.8,6.3,,1011.0,15716.2,27.6667,-8.1333
60656,Tindouf,DZ,10,25.2,17.8,32.5,9.1,,1013.2,15675.0,27.6667,-8.1333
60656,Tindouf,DZ,11,19.2,11.9,26.4,2.5,,1016.1,15236.2,27.6667,-8.1333
60656,Tindouf,DZ,12,14.8,7.9,21.8,4.3,,1019.7,14929.4,27.6667,-8.1333
60670,Djanet,DZ,1,11.9,3.9,19.9,1.3,,,16846.2,24.55,9.4667
60670,Djanet,DZ,2,14.6,6.6,22.6,0.6,,,16164.0,24.55,9.4667
60670,Djanet,DZ,3,19.4,11.3,27.5,2.1,,,17628.0,24.55,9.4667
60670,Djanet,DZ,4,25.3,17.6,33.0,0.6,,,17295.0,24.55,9.4667
60670,Djanet,DZ,5,29.2,21.7,36.6,2.5,,,16956.0,24.55,9.4667
60670,Djanet,DZ,6,31.3,24.3,38.3,3.0,,,18626.4,24.55,9.4667
60670,Djanet,DZ,7,31.2,24.0,38.3,0.5,,,21686.4,24.55,9.4667
60670,Djanet,DZ,8,31.0,23.9,38.1,0.8,,,20705.2,24.55,9.4667
60670,Djanet,DZ,9,29.6,22.4,36.7,1.6,,,18297.5,24.55,9.4667
60670,Djanet,DZ,10,24.5,17.1,31.8,2.1,,,17755.0,24.55,9.4667
60670,Djanet,DZ,11,18.2,10.4,26.1,0.1,,,17005.4,24.55,9.4667
60670,Djanet,DZ,12,13.6,5.3,21.8,0.1,,,16590.0,24.55,9.4667
60680,Tamanrasset,DZ,1,12.6,4.8,20.4,1.5,,,17160.0,22.7833,5.5167
60680,Tamanrasset,DZ,2,14.8,7.0,22.7,0.9,,,16557.7,22.7833,5.5167
60680,Tamanrasset,DZ,3,18.8,11.3,26.4,2.2,,,17613.6,22.7833,5.5167
60680,Tamanrasset,DZ,4,23.2,15.6,30.8,0.9,,,17738.4,22.7833,5.5167
60680,Tamanrasset,DZ,5,27.0,19.9,34.1,3.1,,,17201.5,22.7833,5.5167
60680,Tamanrasset,DZ,6,29.5,23.0,36.0,7.4,,,14557.5,22.7833,5.5167
60680,Tamanrasset,DZ,7,29.7,23.4,36.0,7.0,,,17585.0,22.7833,5.5167
60680,Tamanrasset,DZ,8,29.0,22.9,35.2,16.2,,,15795.0,22.7833,5.5167
60680,Tamanrasset,DZ,9,27.8,21.5,34.0,5.0,,,14950.0,22.7833,5.5167
60680,Tamanrasset,DZ,10,23.5,16.8,30.2,9.4,,,16746.9,22.7833,5.5167
60680,Tamanrasset,DZ,11,18.0,10.7,25.4,0.6,,,17183.1,22.7833,5.5167
60680,Tamanrasset,DZ,12,14.4,6.8,21.9,0.6,,,16881.6,22.7833,5.5167
60686,Bordji B. Mokhtar,DZ,1,17.1,8.3,25.9,0.2,,1016.9,15000.0,21.3333,0.95
60686,Bordji B. Mokhtar,DZ,2,19.8,10.7,28.9,0.9,,1015.0,14205.7,21.3333,0.95
60686,Bordji B. Mokhtar,DZ,3,24.8,15.7,33.9,1.5,,1011.4,15271.4,21.3333,0.95
60686,Bordji B. Mokhtar,DZ,4,29.1,20.3,37.9,0.7,,1007.8,15031.6,21.3333,0.95
60686,Bordji B. Mokhtar,DZ,5,33.2,24.9,41.5,0.9,,1007.1,15092.0,21.3333,0.95
60686,Bordji B. Mokhtar,DZ,6,36.3,28.6,44.0,1.1,,1006.4,10204.0,21.3333,0.95
60686,Bordji B. Mokhtar,DZ,7,36.2,28.8,43.6,7.9,,1005.7,10364.2,21.3333,0.95
60686,Bordji B. Mokhtar,DZ,8,35.4,28.3,42.5,16.7,,1006.6,8973.3,21.3333,0.95
60686,Bordji B. Mokhtar,DZ,9,34.4,26.8,42.0,7.6,,1008.0,12448.7,21.3333,0.95
60686,Bordji B. Mokhtar,DZ,10,30.1,22.0,38.2,3.4,,1010.2,15701.7,21.3333,0.95
60686,Bordji B. Mokhtar,DZ,11,23.4,14.8,31.9,0.4,,1013.7,15651.4,21.3333,0.95
60686,Bordji B. Mokhtar,DZ,12,19.0,10.5,27.4,0.0,,1015.8,15249.0,21.3333,0.95
60690,In-Guezzam,DZ,1,,,,2.0,,,14724.0,19.5667,5.7667
60690,In-Guezzam,DZ,2,,,,0.1,,,14404.6,19.5667,5.7667
60690,In-Guezzam,DZ,3,,,,0.0,,,15512.3,19.5667,5.7667
60690,In-Guezzam,DZ,4,,,,0.2,,,15008.6,19.5667,5.7667
60690,In-Guezzam,DZ,5,,,,0.1,,,14964.0,19.5667,5.7667
60690,In-Guezzam,DZ,6,,,,0.4,,,10472.3,19.5667,5.7667
60690,In-Guezzam,DZ,7,,,,28.3,,,13326.0,19.5667,5.7667
60690,In-Guezzam,DZ,8,,,,14.4,,,10253.3,19.5667,5.7667
60690,In-Guezzam,DZ,9,,,,2.4,,,14070.0,19.5667,5.7667
60690,In-Guezzam,DZ,10,,,,2.6,,,16974.5,19.5667,5.7667
60690,In-Guezzam,DZ,11,,,,0.0,,,15444.0,19.5667,5.7667
60690,In-Guezzam,DZ,12,,,,0.0,,,15960.0,19.5667,5.7667
60715,Tunis-Carthage,TN,1,12.4,8.4,16.3,61.8,,1019.4,9933.6,36.8333,10.2333
60715,Tunis-Carthage,TN,2,12.6,8.2,17.0,55.6,,1018.5,10557.6,36.8333,10.2333
60715,Tunis-Carthage,TN,3,14.8,10.1,19.6,45.4,,1016.8,13315.0,36.8333,10.2333
60715,Tunis-Carthage,TN,4,17.5,12.6,22.4,38.5,,1014.1,14508.0,36.8333,10.2333
60715,Tunis-Carthage,TN,5,21.2,15.9,26.6,23.3,,1015.1,17769.6,36.8333,10.2333
60715,Tunis-Carthage,TN,6,25.6,19.6,31.5,13.3,,1015.4,19130.4,36.8333,10.2333
60715,Tunis-Carthage,TN,7,28.4,22.6,34.3,3.3,,1014.9,21535.2,36.8333,10.2333
60715,Tunis-Carthage,TN,8,28.8,23.1,34.5,12.1,,1014.4,19763.5,36.8333,10.2333
60715,Tunis-Carthage,TN,9,25.6,20.9,30.3,56.8,,1015.5,15012.0,36.8333,10.2333
60715,Tunis-Carthage,TN,10,22.1,17.5,26.7,52.8,,1016.2,13512.0,36.8333,10.2333
60715,Tunis-Carthage,TN,11,17.2,13.0,21.5,54.1,,1016.2,10596.0,36.8333,10.2333
60715,Tunis-Carthage,TN,12,13.6,9.7,17.6,68.1,,1018.1,9518.4,36.8333,10.2333
60725,Jendouba,TN,1,10.4,5.3,15.4,69.7,,1020.8,9228.0,36.4833,8.8
60725,Jendouba,TN,2,10.9,5.2,16.6,56.7,,1019.8,9955.0,36.4833,8.8
60725,Jendouba,TN,3,13.2,6.8,19.5,53.7,,1017.7,11937.4,36.4833,8.8
60725,Jendouba,TN,4,16.0,9.3,22.7,44.4,,1014.8,13240.0,36.4833,8.8
60725,Jendouba,TN,5,20.4,12.6,28.2,38.0,,1015.4,15888.0,36.4833,8.8
60725,Jendouba,TN,6,25.4,17.0,33.8,15.1,,1015.6,17227.5,36.4833,8.8
60725,Jendouba,TN,7,28.4,19.9,37.0,5.9,,1015.0,19846.2,36.4833,8.8
60725,Jendouba,TN,8,28.8,20.5,37.0,13.8,,1014.7,18247.5,36.4833,8.8
60725,Jendouba,TN,9,25.0,18.1,31.8,40.3,,1016.0,14487.7,36.4833,8.8
60725,Jendouba,TN,10,20.8,14.3,27.4,44.5,,1017.0,12978.3,36.4833,8.8
60725,Jendouba,TN,11,15.3,9.7,20.9,56.2,,1017.4,9943.8,36.4833,8.8
60725,Jendouba,TN,12,11.7,6.6,16.8,64.1,,1019.7,9002.4,36.4833,8.8
60735,Kairouan,TN,1,12.6,7.6,17.7,26.2,,1020.1,11670.0,35.6667,10.1
60735,Kairouan,TN,2,13.2,7.8,18.6,20.0,,1019.1,11677.5,35.6667,10.1
60735,Kairouan,TN,3,16.0,10.0,21.9,33.8,,1017.2,13476.5,35.6667,10.1
60735,Kairouan,TN,4,19.0,12.9,25.2,27.3,,1014.5,14810.0,35.6667,10.1
60735,Kairouan,TN,5,23.0,16.3,29.7,24.3,,1015.2,17608.8,35.6667,10.1
60735,Kairouan,TN,6,27.6,20.3,35.0,12.4,,1015.4,19065.0,35.6667,10.1
60735,Kairouan,TN,7,30.8,23.2,38.3,3.8,,1014.9,21133.8,35.6667,10.1
60735,Kairouan,TN,8,30.8,23.7,37.9,15.0,,1014.6,19472.5,35.6667,10.1
60735,Kairouan,TN,9,26.8,21.1,32.5,54.0,,1015.7,14870.8,35.6667,10.1
60735,Kairouan,TN,10,22.9,17.4,28.4,47.0,,1016.7,13996.2,35.6667,10.1
60735,Kairouan,TN,11,17.6,12.4,22.8,22.2,,1017.0,12002.3,35.6667,10.1
60735,Kairouan,TN,12,13.9,8.9,18.9,28.5,,1019.1,11007.7,35.6667,10.1
60745,Gafsa,TN,1,10.0,4.3,15.8,16.4,,1020.8,11940.0,34.4167,8.8167
60745,Gafsa,TN,2,11.3,4.9,17.7,7.8,,1019.7,12388.8,34.4167,8.8167
60745,Gafsa,TN,3,15.0,8.5,21.5,15.3,,1017.0,14235.0,34.4167,8.8167
60745,Gafsa,TN,4,19.0,12.2,25.7,17.8,,1013.4,15933.6,34.4167,8.8167
60745,Gafsa,TN,5,23.2,16.1,30.3,12.1,,1013.9,18417.6,34.4167,8.8167
60745,Gafsa,TN,6,27.9,20.3,35.5,3.5,,1014.1,19760.0,34.4167,8.8167
60745,Gafsa,TN,7,31.0,23.3,38.7,3.0,,1013.7,21395.0,34.4167,8.8167
60745,Gafsa,TN,8,30.6,23.4,37.9,4.3,,1013.7,19797.5,34.4167,8.8167
60745,Gafsa,TN,9,26.5,20.3,32.7,20.5,,1015.0,15505.4,34.4167,8.8167
60745,Gafsa,TN,10,21.8,15.5,28.0,18.7,,1016.6,14506.2,34.4167,8.8167
60745,Gafsa,TN,11,15.2,9.2,21.2,18.5,,1017.7,12413.1,34.4167,8.8167
60745,Gafsa,TN,12,11.0,5.5,16.6,13.4,,1020.1,11757.6,34.4167,8.8167
60765,Gabes,TN,1,12.5,7.9,17.1,22.6,,1020.6,12774.3,33.8833,10.1
60765,Gabes,TN,2,13.2,8.3,18.1,12.1,,1019.8,13217.1,33.8833,10.1
60765,Gabes,TN,3,15.8,11.4,20.3,17.8,,1017.6,14862.0,33.8833,10.1
60765,Gabes,TN,4,18.9,14.8,23.0,16.4,,1014.0,16462.9,33.8833,10.1
60765,Gabes,TN,5,22.2,18.4,26.0,11.9,,1014.5,18374.3,33.8833,10.1
60765,Gabes,TN,6,25.7,21.9,29.5,2.8,,1014.8,19503.0,33.8833,10.1
60765,Gabes,TN,7,28.4,24.5,32.3,0.3,,1014.6,21210.0,33.8833,10.1
60765,Gabes,TN,8,29.2,25.2,33.2,1.7,,1014.3,20222.9,33.8833,10.1
60765,Gabes,TN,9,27.0,23.1,30.8,29.2,,1015.3,15774.5,33.8833,10.1
60765,Gabes,TN,10,23.2,18.6,27.7,30.7,,1016.5,14634.5,33.8833,10.1
60765,Gabes,TN,11,18.0,13.2,22.8,18.0,,1017.7,13208.6,33.8833,10.1
60765,Gabes,TN,12,13.8,9.1,18.5,23.7,,1019.8,12395.5,33.8833,10.1
61017,Bilma,NE,1,17.3,7.8,26.9,0.0,,1016.4,17439.0,18.6833,12.9167
61017,Bilma,NE,2,20.8,11.5,30.1,0.0,,1015.0,16004.2,18.6833,12.9167
61017,Bilma,NE,3,25.4,15.3,35.5,0.0,,1011.0,17827.1,18.6833,12.9167
61017,Bilma,NE,4,30.4,20.5,40.4,1.4,,1007.7,17583.3,18.6833,12.9167
61017,Bilma,NE,5,33.1,23.4,42.8,0.8,,1006.9,17441.2,18.6833,12.9167
61017,Bilma,NE,6,34.6,25.3,43.9,0.4,,1006.6,16853.7,18.6833,12.9167
61017,Bilma,NE,7,35.0,26.8,43.2,2.5,,1006.1,17868.0,18.6833,12.9167
61017,Bilma,NE,8,34.2,26.6,41.8,7.1,,1006.7,17100.0,18.6833,12.9167
61017,Bilma,NE,9,32.4,23.1,41.7,1.0,,1008.5,17283.0,18.6833,12.9167
61017,Bilma,NE,10,28.4,18.8,37.9,0.2,,1010.7,17751.0,18.6833,12.9167
61017,Bilma,NE,11,23.0,12.8,33.2,0.0,,1013.4,17476.4,18.6833,12.9167
61017,Bilma,NE,12,18.2,8.1,28.4,0.0,,1016.1,17505.7,18.6833,12.9167
61024,Agadez,NE,1,20.8,12.9,28.6,0.2,,1014.8,16146.3,16.9667,7.9833
61024,Agadez,NE,2,24.2,16.4,32.1,0.1,,1012.7,15360.0,16.9667,7.9833
61024,Agadez,NE,3,28.3,20.1,36.5,0.3,,1009.6,16333.6,16.9667,7.9833
61024,Agadez,NE,4,32.9,25.1,40.7,0.2,,1006.5,15397.1,16.9667,7.9833
61024,Agadez,NE,5,35.0,27.6,42.5,6.5,,1006.2,14767.8,16.9667,7.9833
61024,Agadez,NE,6,34.9,27.9,41.9,9.0,,1006.9,14828.6,16.9667,7.9833
61024,Agadez,NE,7,32.9,26.0,39.8,48.5,,1007.8,13747.1,16.9667,7.9833
61024,Agadez,NE,8,31.6,25.1,38.0,75.9,,1008.6,14454.5,16.9667,7.9833
61024,Agadez,NE,9,32.8,25.9,39.7,23.2,,1008.4,15492.5,16.9667,7.9833
61024,Agadez,NE,10,31.2,23.9,38.4,0.9,,1009.5,16733.7,16.9667,7.9833
61024,Agadez,NE,11,26.4,18.5,34.2,0.0,,1012.2,17337.0,16.9667,7.9833
61024,Agadez,NE,12,22.0,14.2,29.8,0.0,,1014.5,16105.3,16.9667,7.9833
61036,Tillabery,NE,1,25.0,17.4,32.7,0.0,,1012.5,16745.5,14.2,1.45
61036,Tillabery,NE,2,28.2,20.3,36.0,0.4,,1010.9,15082.9,14.2,1.45
61036,Tillabery,NE,3,31.8,23.7,40.0,1.4,,1008.2,15284.3,14.2,1.45
61036,Tillabery,NE,4,34.9,27.2,42.6,1.2,,1006.0,14994.3,14.2,1.45
61036,Tillabery,NE,5,35.6,29.0,42.1,15.6,,1006.7,15448.4,14.2,1.45
61036,Tillabery,NE,6,33.5,27.7,39.3,55.0,,1008.6,14526.0,14.2,1.45
61036,Tillabery,NE,7,30.6,25.4,35.9,111.9,,1009.6,14615.3,14.2,1.45
61036,Tillabery,NE,8,29.2,24.3,34.0,169.5,,1010.1,14112.0,14.2,1.45
61036,Tillabery,NE,9,30.7,25.2,36.2,72.2,,1009.7,15278.2,14.2,1.45
61036,Tillabery,NE,10,32.0,25.2,38.9,9.3,,1008.8,16506.7,14.2,1.45
61036,Tillabery,NE,11,29.6,21.5,37.8,0.1,,1009.9,17143.6,14.2,1.45
61036,Tillabery,NE,12,26.5,18.8,34.2,0.0,,1012.2,17382.9,14.2,1.45
61043,Tahoua,NE,1,23.4,15.8,30.9,0.0,,1013.0,16655.5,14.9,5.25
61043,Tahoua,NE,2,26.7,19.1,34.3,0.3,,1010.7,15312.0,14.9,5.25
61043,Tahoua,NE,3,30.6,23.0,38.2,0.0,,1007.8,15553.6,14.9,5.25
61043,Tahoua,NE,4,34.2,27.0,41.4,1.3,,1005.3,14930.5,14.9,5.25
61043,Tahoua,NE,5,34.8,28.4,41.2,19.5,,1006.3,15150.0,14.9,5.25
61043,Tahoua,NE,6,32.9,27.0,38.8,50.8,,1007.7,14780.0,14.9,5.25
61043,Tahoua,NE,7,30.3,25.1,35.5,92.0,,1008.9,14850.0,14.9,5.25
61043,Tahoua,NE,8,28.6,23.8,33.4,134.3,,1009.4,14355.7,14.9,5.25
61043,Tahoua,NE,9,30.2,24.5,35.9,66.7,,1008.9,15156.9,14.9,5.25
61043,Tahoua,NE,10,31.0,24.4,37.7,13.0,,1008.5,16680.0,14.9,5.25
61043,Tahoua,NE,11,28.3,20.5,36.1,0.0,,1009.9,17642.9,14.9,5.25
61043,Tahoua,NE,12,24.6,16.9,32.4,0.0,,1011.9,17337.1,14.9,5.25
61045,Goure,NE,1,21.6,13.9,29.4,0.0,,1013.4,17334.0,13.9833,10.3
61045,Goure,NE,2,25.6,17.5,33.6,0.0,,1011.9,15516.7,13.9833,10.3
61045,Goure,NE,3,29.4,21.1,37.6,0.1,,1008.7,16518.0,13.9833,10.3
61045,Goure,NE,4,33.2,25.2,41.1,1.9,,1006.1,15945.9,13.9833,10.3
61045,Goure,NE,5,34.2,26.7,41.8,10.0,,1006.4,16577.1,13.9833,10.3
61045,Goure,NE,6,33.4,26.9,40.0,40.8,,1007.1,16380.0,13.9833,10.3
61045,Goure,NE,7,30.8,25.1,36.6,96.5,,1008.7,15790.0,13.9833,10.3
61045,Goure,NE,8,28.7,23.3,34.1,160.1,,1009.6,14862.0,13.9833,10.3
61045,Goure,NE,9,30.4,24.0,36.8,68.2,,1008.9,15520.0,13.9833,10.3
61045,Goure,NE,10,30.6,23.2,38.1,6.2,,1009.1,16408.4,13.9833,10.3
61045,Goure,NE,11,26.9,18.9,34.9,0.0,,1011.1,17383.6,13.9833,10.3
61045,Goure,NE,12,23.0,15.2,30.8,0.0,,1012.7,17917.9,13.9833,10.3
61049,N'Guigmi,NE,1,21.5,12.6,30.4,0.0,,1013.8,16882.9,14.25,13.1167
61049,N'Guigmi,NE,2,25.0,15.9,34.2,0.0,,1011.6,15360.0,14.25,13.1167
61049,N'Guigmi,NE,3,29.4,20.2,38.5,0.1,,1008.2,16428.8,14.25,13.1167
61049,N'Guigmi,NE,4,33.2,23.8,42.5,0.8,,1005.7,15540.0,14.25,13.1167
61049,N'Guigmi,NE,5,34.2,25.2,43.1,4.6,,1005.8,16290.0,14.25,13.1167
61049,N'Guigmi,NE,6,34.1,26.4,41.8,14.7,,1006.9,15903.5,14.25,13.1167
61049,N'Guigmi,NE,7,31.9,25.6,38.2,56.3,,1008.1,15052.0,14.25,13.1167
61049,N'Guigmi,NE,8,30.0,24.2,35.8,104.9,,1008.9,13920.0,14.25,13.1167
61049,N'Guigmi,NE,9,31.4,24.1,38.8,41.9,,1008.6,14808.0,14.25,13.1167
61049,N'Guigmi,NE,10,31.0,22.7,39.4,4.9,,1008.8,17061.0,14.25,13.1167
61049,N'Guigmi,NE,11,27.0,18.0,35.9,0.0,,1010.9,17625.7,14.25,13.1167
61049,N'Guigmi,NE,12,22.5,13.8,31.2,0.0,,1013.0,17940.0,14.25,13.1167
61052,Niamey-Aero,NE,1,24.6,16.8,32.5,0.0,,1012.4,17287.8,13.4833,2.1667
61052,Niamey-Aero,NE,2,28.0,20.1,36.0,0.1,,1010.7,15652.5,13.4833,2.1667
61052,Niamey-Aero,NE,3,31.8,24.0,39.7,0.4,,1008.1,15823.2,13.4833,2.1667
61052,Niamey-Aero,NE,4,34.9,28.1,41.7,9.8,,1006.2,14948.2,13.4833,2.1667
61052,Niamey-Aero,NE,5,34.8,28.6,41.0,20.8,,1007.1,15862.9,13.4833,2.1667
61052,Niamey-Aero,NE,6,32.4,26.8,38.1,76.2,,1009.1,15018.3,13.4833,2.1667
61052,Niamey-Aero,NE,7,29.8,24.8,34.8,141.3,,1010.2,14586.3,13.4833,2.1667
61052,Niamey-Aero,NE,8,28.4,23.8,32.9,194.7,,1010.8,13627.5,13.4833,2.1667
61052,Niamey-Aero,NE,9,29.8,24.7,35.0,81.3,,1010.2,15065.0,13.4833,2.1667
61052,Niamey-Aero,NE,10,31.7,25.4,38.0,14.9,,1009.2,17018.2,13.4833,2.1667
61052,Niamey-Aero,NE,11,29.1,21.1,37.1,0.1,,1010.1,17380.0,13.4833,2.1667
61052,Niamey-Aero,NE,12,25.8,17.8,33.7,0.0,,1011.9,17932.5,13.4833,2.1667
61075,Birni-N'Konni,NE,1,24.3,16.4,32.3,0.0,,1012.6,16479.0,13.8,5.25
61075,Birni-N'Konni,NE,2,27.7,19.4,36.0,0.0,,1010.8,15173.7,13.8,5.25
61075,Birni-N'Konni,NE,3,31.4,23.0,39.8,0.2,,1007.9,15502.5,13.8,5.25
61075,Birni-N'Konni,NE,4,34.6,26.7,42.4,5.8,,1005.9,15280.0,13.8,5.25
61075,Birni-N'Konni,NE,5,34.8,28.1,41.5,30.3,,1006.8,15712.5,13.8,5.25
61075,Birni-N'Konni,NE,6,32.4,26.6,38.3,66.7,,1009.3,15397.9,13.8,5.25
61075,Birni-N'Konni,NE,7,29.9,24.8,35.0,132.2,,1009.9,15160.0,13.8,5.25
61075,Birni-N'Konni,NE,8,28.2,23.5,33.0,181.3,,1010.4,13273.0,13.8,5.25
61075,Birni-N'Konni,NE,9,29.6,24.0,35.1,93.3,,1009.9,14940.0,13.8,5.25
61075,Birni-N'Konni,NE,10,30.9,23.3,38.5,15.0,,1009.1,16820.0,13.8,5.25
61075,Birni-N'Konni,NE,11,28.8,20.1,37.5,0.0,,1010.0,17268.0,13.8,5.25
61075,Birni-N'Konni,NE,12,25.4,17.1,33.6,0.0,,1012.1,17571.8,13.8,5.25
61080,Maradi,NE,1,22.4,14.0,30.8,0.0,,1012.0,16026.3,13.4667,7.0833
61080,Maradi,NE,2,25.6,17.1,34.0,0.0,,1010.4,14428.2,13.4667,7.0833
61080,Maradi,NE,3,29.8,21.4,38.2,0.3,,1007.1,15180.0,13.4667,7.0833
61080,Maradi,NE,4,33.2,25.6,40.7,3.0,,1005.0,15101.1,13.4667,7.0833
61080,Maradi,NE,5,33.6,27.0,40.2,23.9,,1005.9,15865.7,13.4667,7.0833
61080,Maradi,NE,6,31.7,25.9,37.5,59.0,,1007.7,15857.6,13.4667,7.0833
61080,Maradi,NE,7,28.8,23.9,33.8,134.5,,1008.9,15260.0,13.4667,7.0833
61080,Maradi,NE,8,27.3,23.0,31.6,202.3,,1009.4,13472.7,13.4667,7.0833
61080,Maradi,NE,9,28.7,23.4,34.0,88.8,,1008.7,15067.5,13.4667,7.0833
61080,Maradi,NE,10,29.8,22.3,37.2,9.1,,1008.2,16673.7,13.4667,7.0833
61080,Maradi,NE,11,26.8,17.9,35.6,0.0,,1009.5,16917.1,13.4667,7.0833
61080,Maradi,NE,12,23.5,14.8,32.1,0.0,,1011.5,16737.1,13.4667,7.0833
61085,Diffa,NE,1,,,,0.0,,,,13.4167,12.7833
61085,Diffa,NE,2,,,,0.0,,,,13.4167,12.7833
61085,Diffa,NE,3,,,,0.3,,,,13.4167,12.7833
61085,Diffa,NE,4,,,,1.4,,,,13.4167,12.7833
61085,Diffa,NE,5,,,,5.3,,,,13.4167,12.7833
61085,Diffa,NE,6,,,,18.4,,,,13.4167,12.7833
61085,Diffa,NE,7,,,,132.2,,,,13.4167,12.7833
61085,Diffa,NE,8,,,,127.5,,,,13.4167,12.7833
61085,Diffa,NE,9,,,,46.2,,,,13.4167,12.7833
61085,Diffa,NE,10,,,,12.7,,,,13.4167,12.7833
61085,Diffa,NE,11,,,,1.0,,,,13.4167,12.7833
61085,Diffa,NE,12,,,,0.0,,,,13.4167,12.7833
61090,Zinder,NE,1,22.3,15.0,29.6,0.0,,1013.6,17157.0,13.7833,8.9833
61090,Zinder,NE,2,25.6,18.1,33.0,0.0,,1012.3,15324.7,13.7833,8.9833
61090,Zinder,NE,3,29.6,21.8,37.5,0.8,,1008.6,16286.1,13.7833,8.9833
61090,Zinder,NE,4,33.3,25.8,40.8,1.6,,1006.0,16143.8,13.7833,8.9833
61090,Zinder,NE,5,34.0,27.1,41.0,19.6,,1006.4,16502.9,13.7833,8.9833
61090,Zinder,NE,6,32.4,26.2,38.6,44.5,,1008.0,16272.6,13.7833,8.9833
61090,Zinder,NE,7,29.7,24.1,35.3,133.6,,1009.3,15990.0,13.7833,8.9833
61090,Zinder,NE,8,28.2,23.3,33.0,162.5,,1010.1,14361.0,13.7833,8.9833
61090,Zinder,NE,9,29.7,23.8,35.6,61.0,,1009.4,15252.0,13.7833,8.9833
61090,Zinder,NE,10,30.5,23.5,37.5,7.4,,1009.0,17065.3,13.7833,8.9833
61090,Zinder,NE,11,27.2,19.6,34.8,0.0,,1010.9,17250.0,13.7833,8.9833
61090,Zinder,NE,12,23.3,15.9,30.7,0.0,,1013.1,17544.0,13.7833,8.9833
61091,Magaria,NE,1,20.8,11.1,30.5,0.0,,1014.4,16248.0,12.9833,8.9333
61091,Magaria,NE,2,24.8,15.2,34.5,0.0,,1012.5,14665.7,12.9833,8.9333
61091,Magaria,NE,3,28.5,18.5,38.5,0.8,,1009.5,15536.8,12.9833,8.9333
61091,Magaria,NE,4,32.3,23.3,41.3,4.6,,1007.2,14926.2,12.9833,8.9333
61091,Magaria,NE,5,33.4,26.0,40.9,28.9,,1007.3,15460.0,12.9833,8.9333
61091,Magaria,NE,6,31.4,25.1,37.6,70.4,,1009.2,16072.0,12.9833,8.9333
61091,Magaria,NE,7,28.8,23.3,34.3,179.2,,1010.7,14547.7,12.9833,8.9333
61091,Magaria,NE,8,27.5,22.3,32.7,216.5,,1011.2,13503.3,12.9833,8.9333
61091,Magaria,NE,9,29.0,22.6,35.3,96.5,,1010.6,14872.9,12.9833,8.9333
61091,Magaria,NE,10,29.3,20.6,38.0,11.0,,1010.2,16352.3,12.9833,8.9333
61091,Magaria,NE,11,25.3,14.6,36.0,0.0,,1012.0,16920.0,12.9833,8.9333
61091,Magaria,NE,12,22.2,11.8,32.6,0.1,,1013.8,16992.9,12.9833,8.9333
61096,Maine-Soroa,NE,1,22.7,14.2,31.2,0.0,,1013.1,17264.2,13.2333,11.9833
61096,Maine-Soroa,NE,2,25.7,17.1,34.3,0.0,,1012.0,15949.4,13.2333,11.9833
61096,Maine-Soroa,NE,3,30.1,21.6,38.6,0.5,,1008.0,16200.0,13.2333,11.9833
61096,Maine-Soroa,NE,4,33.9,25.7,42.1,2.6,,1005.5,14813.3,13.2333,11.9833
61096,Maine-Soroa,NE,5,34.6,27.0,42.2,11.5,,1006.2,15950.0,13.2333,11.9833
61096,Maine-Soroa,NE,6,33.1,26.5,39.7,30.5,,1007.6,15680.0,13.2333,11.9833
61096,Maine-Soroa,NE,7,30.2,24.3,36.0,117.8,,1008.8,14726.2,13.2333,11.9833
61096,Maine-Soroa,NE,8,28.4,23.2,33.7,157.1,,1010.0,13391.4,13.2333,11.9833
61096,Maine-Soroa,NE,9,30.1,23.4,36.8,61.9,,1009.0,14912.5,13.2333,11.9833
61096,Maine-Soroa,NE,10,31.0,22.8,39.1,8.4,,1008.6,16771.8,13.2333,11.9833
61096,Maine-Soroa,NE,11,27.6,18.8,36.3,0.1,,1010.2,17577.0,13.2333,11.9833
61096,Maine-Soroa,NE,12,23.8,15.1,32.4,0.0,,1012.5,17621.1,13.2333,11.9833
61099,Gaya,NE,1,26.7,19.0,34.4,0.1,,,16432.9,11.8833,3.45
61099,Gaya,NE,2,30.4,23.1,37.8,0.5,,,14104.3,11.8833,3.45
61099,Gaya,NE,3,33.0,25.7,40.3,1.7,,,14625.7,11.8833,3.45
61099,Gaya,NE,4,34.6,27.9,41.2,17.5,,,14920.0,11.8833,3.45
61099,Gaya,NE,5,32.5,26.5,38.5,86.3,,,15022.1,11.8833,3.45
61099,Gaya,NE,6,30.0,24.5,35.5,113.5,,,15201.4,11.8833,3.45
61099,Gaya,NE,7,28.2,23.5,32.8,182.6,,,13457.6,11.8833,3.45
61099,Gaya,NE,8,27.2,22.9,31.5,263.1,,,11889.5,11.8833,3.45
61099,Gaya,NE,9,27.7,23.0,32.4,138.5,,,13016.7,11.8833,3.45
61099,Gaya,NE,10,29.7,23.6,35.8,32.3,,,15762.9,11.8833,3.45
61099,Gaya,NE,11,29.6,21.3,37.8,0.0,,,16658.8,11.8833,3.45
61099,Gaya,NE,12,27.6,19.7,35.4,0.0,,,17315.3,11.8833,3.45
61202,Tessalit,ML,1,,,,2.3,,1015.6,14100.0,20.2,0.9833
61202,Tessalit,ML,2,,,,1.7,,1014.3,14388.0,20.2,0.9833
61202,Tessalit,ML,3,,,,0.3,,1010.8,16390.0,20.2,0.9833
61202,Tessalit,ML,4,,,,0.6,,1007.5,15168.0,20.2,0.9833
61202,Tessalit,ML,5,,,,2.7,,1006.5,14135.0,20.2,0.9833
61202,Tessalit,ML,6,,,,8.0,,1006.5,11055.0,20.2,0.9833
61202,Tessalit,ML,7,,,,27.5,,1006.4,11530.9,20.2,0.9833
61202,Tessalit,ML,8,,,,36.4,,1007.6,12084.0,20.2,0.9833
61202,Tessalit,ML,9,,,,19.6,,1008.4,12223.6,20.2,0.9833
61202,Tessalit,ML,10,,,,0.9,,1009.8,14802.0,20.2,0.9833
61202,Tessalit,ML,11,,,,0.1,,1012.0,15595.0,20.2,0.9833
61202,Tessalit,ML,12,,,,0.0,,1015.0,15087.7,20.2,0.9833
61223,Tombouctou,ML,1,21.6,13.8,29.4,0.2,,1014.4,15111.4,16.7167,-3.0
61223,Tombouctou,ML,2,24.2,16.2,32.2,0.1,,1013.3,14438.8,16.7167,-3.0
61223,Tombouctou,ML,3,28.6,20.1,37.1,0.1,,1010.3,15750.0,16.7167,-3.0
61223,Tombouctou,ML,4,32.4,24.3,40.6,0.7,,1007.9,16228.0,16.7167,-3.0
61223,Tombouctou,ML,5,35.2,27.8,42.6,3.1,,1007.5,15370.6,16.7167,-3.0
61223,Tombouctou,ML,6,35.4,29.0,41.9,11.6,,1008.0,13152.9,16.7167,-3.0
61223,Tombouctou,ML,7,33.0,27.1,38.8,50.3,,1008.9,13995.0,16.7167,-3.0
61223,Tombouctou,ML,8,31.0,25.9,36.2,73.0,,1009.9,15060.0,16.7167,-3.0
61223,Tombouctou,ML,9,32.0,26.0,38.1,38.8,,1009.4,15244.0,16.7167,-3.0
61223,Tombouctou,ML,10,31.6,24.3,38.8,9.1,,1009.8,16436.2,16.7167,-3.0
61223,Tombouctou,ML,11,27.0,18.9,35.1,0.1,,1012.3,15805.7,16.7167,-3.0
61223,Tombouctou,ML,12,23.2,15.0,31.5,0.1,,1014.0,15420.0,16.7167,-3.0
61226,Gao,ML,1,,,,0.2,,1013.9,,16.2667,-0.05
61226,Gao,ML,2,,,,0.0,,1013.5,,16.2667,-0.05
61226,Gao,ML,3,,,,0.2,,1009.6,,16.2667,-0.05
61226,Gao,ML,4,,,,0.4,,1007.1,,16.2667,-0.05
61226,Gao,ML,5,,,,8.1,,1006.9,,16.2667,-0.05
61226,Gao,ML,6,,,,25.6,,1007.9,,16.2667,-0.05
61226,Gao,ML,7,,,,51.4,,1009.0,,16.2667,-0.05
61226,Gao,ML,8,,,,73.7,,1009.7,,16.2667,-0.05
61226,Gao,ML,9,,,,36.3,,1009.5,,16.2667,-0.05
61226,Gao,ML,10,,,,5.1,,1009.4,,16.2667,-0.05
61226,Gao,ML,11,,,,0.0,,1011.5,,16.2667,-0.05
61226,Gao,ML,12,,,,0.0,,1013.8,,16.2667,-0.05
61230,Nioro Du Sahel,ML,1,,,,0.7,,,,15.2333,-9.35
61230,Nioro Du Sahel,ML,2,,,,0.2,,,,15.2333,-9.35
61230,Nioro Du Sahel,ML,3,,,,0.0,,,,15.2333,-9.35
61230,Nioro Du Sahel,ML,4,,,,3.1,,,,15.2333,-9.35
61230,Nioro Du Sahel,ML,5,,,,7.2,,,,15.2333,-9.35
61230,Nioro Du Sahel,ML,6,,,,51.4,,,,15.2333,-9.35
61230,Nioro Du Sahel,ML,7,,,,110.2,,,,15.2333,-9.35
61230,Nioro Du Sahel,ML,8,,,,184.9,,,,15.2333,-9.35
61230,Nioro Du Sahel,ML,9,,,,100.3,,,,15.2333,-9.35
61230,Nioro Du Sahel,ML,10,,,,30.2,,,,15.2333,-9.35
61230,Nioro Du Sahel,ML,11,,,,0.1,,,,15.2333,-9.35
61230,Nioro Du Sahel,ML,12,,,,0.5,,,,15.2333,-9.35
61233,Nara,ML,1,23.5,14.8,32.2,0.1,,,,15.1667,-7.2833
61233,Nara,ML,2,26.2,17.6,34.8,0.9,,,,15.1667,-7.2833
61233,Nara,ML,3,30.0,21.0,39.1,0.3,,,,15.1667,-7.2833
61233,Nara,ML,4,33.4,25.2,41.5,2.1,,,,15.1667,-7.2833
61233,Nara,ML,5,35.2,28.0,42.5,12.4,,,,15.1667,-7.2833
61233,Nara,ML,6,34.0,27.8,40.2,31.4,,,,15.1667,-7.2833
61233,Nara,ML,7,30.6,25.3,36.0,124.6,,,,15.1667,-7.2833
61233,Nara,ML,8,28.8,23.9,33.6,179.8,,,,15.1667,-7.2833
61233,Nara,ML,9,29.8,24.0,35.5,77.5,,,,15.1667,-7.2833
61233,Nara,ML,10,31.0,23.3,38.7,15.8,,,,15.1667,-7.2833
61233,Nara,ML,11,27.7,18.7,36.7,0.6,,,,15.1667,-7.2833
61233,Nara,ML,12,24.7,16.4,33.0,0.0,,,,15.1667,-7.2833
61235,Yelimane,ML,1,,,,0.1,,,,15.1167,-10.5667
61235,Yelimane,ML,2,,,,0.0,,,,15.1167,-10.5667
61235,Yelimane,ML,3,,,,0.7,,,,15.1167,-10.5667
61235,Yelimane,ML,4,,,,2.0,,,,15.1167,-10.5667
61235,Yelimane,ML,5,,,,23.8,,,,15.1167,-10.5667
61235,Yelimane,ML,6,,,,53.4,,,,15.1167,-10.5667
61235,Yelimane,ML,7,,,,142.2,,,,15.1167,-10.5667
61235,Yelimane,ML,8,,,,196.6,,,,15.1167,-10.5667
61235,Yelimane,ML,9,,,,104.2,,,,15.1167,-10.5667
61235,Yelimane,ML,10,,,,47.9,,,,15.1167,-10.5667
61235,Yelimane,ML,11,,,,0.1,,,,15.1167,-10.5667
61235,Yelimane,ML,12,,,,0.0,,,,15.1167,-10.5667
61240,Hombori,ML,1,,,,0.6,,,,15.3333,-1.6833
61240,Hombori,ML,2,,,,0.0,,,,15.3333,-1.6833
61240,Hombori,ML,3,,,,1.4,,,,15.3333,-1.6833
61240,Hombori,ML,4,,,,4.8,,,,15.3333,-1.6833
61240,Hombori,ML,5,,,,10.1,,,,15.3333,-1.6833
61240,Hombori,ML,6,,,,53.6,,,,15.3333,-1.6833
61240,Hombori,ML,7,,,,97.5,,,,15.3333,-1.6833
61240,Hombori,ML,8,,,,110.7,,,,15.3333,-1.6833
61240,Hombori,ML,9,,,,64.4,,,,15.3333,-1.6833
61240,Hombori,ML,10,,,,11.3,,,,15.3333,-1.6833
61240,Hombori,ML,11,,,,0.0,,,,15.3333,-1.6833
61240,Hombori,ML,12,,,,0.0,,,,15.3333,-1.6833
61250,Menaka,ML,1,,,,0.0,,,15812.7,15.8667,2.2167
61250,Menaka,ML,2,,,,0.0,,,14841.8,15.8667,2.2167
61250,Menaka,ML,3,,,,0.5,,,15049.1,15.8667,2.2167
61250,Menaka,ML,4,,,,0.6,,,15100.0,15.8667,2.2167
61250,Menaka,ML,5,,,,5.2,,,13590.0,15.8667,2.2167
61250,Menaka,ML,6,,,,22.8,,,14142.0,15.8667,2.2167
61250,Menaka,ML,7,,,,71.3,,,12260.0,15.8667,2.2167
61250,Menaka,ML,8,,,,105.5,,,13092.0,15.8667,2.2167
61250,Menaka,ML,9,,,,48.8,,,14060.0,15.8667,2.2167
61250,Menaka,ML,10,,,,3.0,,,16080.0,15.8667,2.2167
61250,Menaka,ML,11,,,,0.0,,,16903.6,15.8667,2.2167
61250,Menaka,ML,12,,,,0.0,,,16100.0,15.8667,2.2167
61257,Kayes,ML,1,25.1,16.1,34.1,0.2,,1014.0,15620.0,14.4333,-11.4333
61257,Kayes,ML,2,28.3,20.1,36.5,5.3,,1012.4,15102.0,14.4333,-11.4333
61257,Kayes,ML,3,32.4,24.1,40.7,0.1,,1010.2,16785.0,14.4333,-11.4333
61257,Kayes,ML,4,35.2,27.6,42.8,0.4,,1009.2,16576.4,14.4333,-11.4333
61257,Kayes,ML,5,36.2,29.9,42.5,9.5,,1009.1,14750.0,14.4333,-11.4333
61257,Kayes,ML,6,33.4,27.7,39.2,66.2,,1010.7,15076.4,14.4333,-11.4333
61257,Kayes,ML,7,30.4,25.5,35.3,133.5,,1012.1,14801.5,14.4333,-11.4333
61257,Kayes,ML,8,28.5,24.2,32.8,227.6,,1012.5,13070.8,14.4333,-11.4333
61257,Kayes,ML,9,29.1,24.2,34.0,139.4,,1012.0,14035.7,14.4333,-11.4333
61257,Kayes,ML,10,30.6,24.0,37.3,49.3,,1011.5,15532.9,14.4333,-11.4333
61257,Kayes,ML,11,28.6,19.5,37.6,0.2,,1011.8,15575.0,14.4333,-11.4333
61257,Kayes,ML,12,26.4,17.4,35.5,0.2,,1013.0,15576.9,14.4333,-11.4333
61265,Mopti,ML,1,24.0,15.8,32.2,1.4,,1013.0,17017.5,14.5167,-4.1
61265,Mopti,ML,2,26.8,18.2,35.3,0.0,,1011.0,15968.6,14.5167,-4.1
61265,Mopti,ML,3,30.4,21.8,39.0,1.3,,1008.5,16305.0,14.5167,-4.1
61265,Mopti,ML,4,33.6,25.9,41.4,5.4,,1006.7,15757.5,14.5167,-4.1
61265,Mopti,ML,5,34.6,27.7,41.4,20.2,,1007.2,14473.8,14.5167,-4.1
61265,Mopti,ML,6,32.4,26.3,38.5,58.8,,1008.8,13985.5,14.5167,-4.1
61265,Mopti,ML,7,30.0,24.5,35.4,135.3,,1010.3,14871.4,14.5167,-4.1
61265,Mopti,ML,8,28.0,22.9,33.2,190.1,,1010.6,14018.2,14.5167,-4.1
61265,Mopti,ML,9,29.0,24.1,34.0,94.1,,1010.4,14445.0,14.5167,-4.1
61265,Mopti,ML,10,29.9,23.9,35.9,21.2,,1009.5,16563.3,14.5167,-4.1
61265,Mopti,ML,11,28.2,20.1,36.2,0.7,,1010.4,16781.1,14.5167,-4.1
61265,Mopti,ML,12,25.0,16.7,33.3,0.0,,1012.1,17253.0,14.5167,-4.1
61270,Kita,ML,1,25.8,18.0,33.5,0.1,,1011.4,16361.2,13.0667,-9.4667
61270,Kita,ML,2,28.2,20.5,36.0,0.0,,1010.5,15706.2,13.0667,-9.4667
61270,Kita,ML,3,31.7,24.1,39.3,1.7,,1008.4,16584.7,13.0667,-9.4667
61270,Kita,ML,4,33.8,26.9,40.7,7.0,,1007.1,16033.3,13.0667,-9.4667
61270,Kita,ML,5,33.4,27.0,39.8,29.2,,1008.3,15360.0,13.0667,-9.4667
61270,Kita,ML,6,30.0,24.6,35.5,131.8,,1010.5,14571.4,13.0667,-9.4667
61270,Kita,ML,7,27.6,23.2,32.0,197.9,,1011.2,12190.9,13.0667,-9.4667
61270,Kita,ML,8,26.4,22.2,30.6,295.7,,1011.7,11608.2,13.0667,-9.4667
61270,Kita,ML,9,27.1,22.3,31.9,181.9,,1011.4,12832.5,13.0667,-9.4667
61270,Kita,ML,10,28.2,22.1,34.4,57.8,,1010.6,15228.8,13.0667,-9.4667
61270,Kita,ML,11,27.5,19.2,35.8,1.7,,1010.8,16095.0,13.0667,-9.4667
61270,Kita,ML,12,26.2,18.0,34.3,0.4,,1012.3,15678.8,13.0667,-9.4667
61272,Segou,ML,1,25.5,17.2,33.9,0.1,,1011.8,16135.0,13.4,-6.15
61272,Segou,ML,2,28.2,19.6,36.8,0.0,,1011.7,14920.0,13.4,-6.15
61272,Segou,ML,3,31.4,23.1,39.8,0.3,,1008.8,15521.5,13.4,-6.15
61272,Segou,ML,4,34.1,26.6,41.6,7.1,,1007.2,14585.5,13.4,-6.15
61272,Segou,ML,5,34.1,27.5,40.7,40.6,,1008.3,14087.1,13.4,-6.15
61272,Segou,ML,6,31.6,26.0,37.3,87.2,,1009.8,14089.1,13.4,-6.15
61272,Segou,ML,7,28.9,24.1,33.7,174.8,,1011.0,13061.2,13.4,-6.15
61272,Segou,ML,8,27.5,23.2,31.8,227.7,,1011.3,12005.5,13.4,-6.15
61272,Segou,ML,9,28.6,23.5,33.6,109.7,,1011.1,13983.8,13.4,-6.15
61272,Segou,ML,10,30.3,23.7,36.9,28.7,,1010.1,16029.2,13.4,-6.15
61272,Segou,ML,11,28.9,20.7,37.1,1.2,,1010.8,15535.0,13.4,-6.15
61272,Segou,ML,12,26.0,17.5,34.5,0.0,,1012.3,16120.0,13.4,-6.15
61277,San,ML,1,24.9,16.8,33.0,1.8,,1012.4,16513.3,13.3333,-4.8333
61277,San,ML,2,27.9,19.6,36.2,0.1,,1011.3,15090.0,13.3333,-4.8333
61277,San,ML,3,31.8,23.8,39.7,0.7,,1008.5,16235.3,13.3333,-4.8333
61277,San,ML,4,34.2,27.1,41.3,5.8,,1007.1,14755.0,13.3333,-4.8333
61277,San,ML,5,34.1,27.8,40.4,38.7,,1008.0,14916.0,13.3333,-4.8333
61277,San,ML,6,31.7,26.0,37.4,82.4,,1010.0,14492.0,13.3333,-4.8333
61277,San,ML,7,29.0,24.0,33.9,179.5,,1011.0,13812.9,13.3333,-4.8333
61277,San,ML,8,27.8,23.3,32.3,245.1,,1011.3,13136.8,13.3333,-4.8333
61277,San,ML,9,28.5,23.6,33.4,129.1,,1011.3,14495.5,13.3333,-4.8333
61277,San,ML,10,30.4,24.1,36.7,31.1,,1010.0,16296.0,13.3333,-4.8333
61277,San,ML,11,28.7,20.7,36.7,1.9,,1010.6,16642.1,13.3333,-4.8333
61277,San,ML,12,25.8,17.5,34.2,0.0,,1012.1,16673.7,13.3333,-4.8333
61285,Kenieba,ML,1,27.3,19.3,35.3,0.3,,1011.3,16134.0,12.85,-11.2333
61285,Kenieba,ML,2,29.8,22.2,37.5,0.0,,1010.2,15375.0,12.85,-11.2333
61285,Kenieba,ML,3,32.4,24.2,40.7,2.4,,1008.7,16815.0,12.85,-11.2333
61285,Kenieba,ML,4,34.2,27.1,41.4,3.6,,1007.8,16400.0,12.85,-11.2333
61285,Kenieba,ML,5,34.1,28.0,40.2,56.8,,1008.8,15613.8,12.85,-11.2333
61285,Kenieba,ML,6,30.6,25.5,35.6,155.4,,1011.2,13710.0,12.85,-11.2333
61285,Kenieba,ML,7,28.1,23.9,32.3,264.6,,1011.9,11826.0,12.85,-11.2333
61285,Kenieba,ML,8,27.3,23.3,31.3,340.5,,1012.2,11026.2,12.85,-11.2333
61285,Kenieba,ML,9,27.8,23.1,32.4,254.8,,1011.6,11770.0,12.85,-11.2333
61285,Kenieba,ML,10,28.7,23.1,34.3,63.4,,1010.8,14395.4,12.85,-11.2333
61285,Kenieba,ML,11,27.4,18.9,35.9,1.5,,1010.6,15670.9,12.85,-11.2333
61285,Kenieba,ML,12,26.4,17.3,35.6,0.0,,1011.4,15976.4,12.85,-11.2333
61291,Bamako / Senou,ML,1,24.7,16.7,32.7,1.9,,1011.3,16149.0,12.5333,-7.95
61291,Bamako / Senou,ML,2,27.8,19.9,35.6,0.1,,1010.1,15083.3,12.5333,-7.95
61291,Bamako / Senou,ML,3,30.8,23.2,38.5,3.2,,1008.0,15906.7,12.5333,-7.95
61291,Bamako / Senou,ML,4,32.4,25.2,39.5,23.3,,1007.0,14583.3,12.5333,-7.95
61291,Bamako / Senou,ML,5,31.6,25.1,38.0,91.5,,1008.5,15132.0,12.5333,-7.95
61291,Bamako / Senou,ML,6,29.2,23.8,34.7,127.9,,1010.2,14286.0,12.5333,-7.95
61291,Bamako / Senou,ML,7,26.8,22.3,31.4,224.0,,1011.1,12612.6,12.5333,-7.95
61291,Bamako / Senou,ML,8,26.2,21.8,30.5,277.2,,1011.4,12062.9,12.5333,-7.95
61291,Bamako / Senou,ML,9,26.6,21.4,31.9,184.6,,1011.1,13236.5,12.5333,-7.95
61291,Bamako / Senou,ML,10,27.7,21.0,34.4,55.7,,1010.3,15310.4,12.5333,-7.95
61291,Bamako / Senou,ML,11,26.5,17.6,35.4,2.3,,1010.2,16494.0,12.5333,-7.95
61291,Bamako / Senou,ML,12,24.8,16.1,33.6,0.0,,1011.4,16722.9,12.5333,-7.95
61293,Koutiala,ML,1,24.6,16.8,32.5,0.5,,1011.2,16299.0,12.3833,-5.4667
61293,Koutiala,ML,2,27.6,19.7,35.5,1.4,,1010.0,15248.2,12.3833,-5.4667
61293,Koutiala,ML,3,31.2,23.9,38.6,2.6,,1008.0,15351.0,12.3833,-5.4667
61293,Koutiala,ML,4,33.0,26.7,39.2,24.4,,1006.9,14082.4,12.3833,-5.4667
61293,Koutiala,ML,5,32.2,26.3,38.2,67.2,,1008.1,15200.0,12.3833,-5.4667
61293,Koutiala,ML,6,29.3,24.1,34.5,121.2,,1009.9,14816.5,12.3833,-5.4667
61293,Koutiala,ML,7,27.2,22.8,31.5,209.8,,1010.8,13557.0,12.3833,-5.4667
61293,Koutiala,ML,8,26.4,22.3,30.4,265.9,,1011.2,12331.6,12.3833,-5.4667
61293,Koutiala,ML,9,27.0,22.4,31.5,154.3,,1010.8,13327.8,12.3833,-5.4667
61293,Koutiala,ML,10,28.8,23.2,34.5,58.4,,1009.8,16030.9,12.3833,-5.4667
61293,Koutiala,ML,11,27.8,20.1,35.6,1.6,,1009.9,16458.9,12.3833,-5.4667
61293,Koutiala,ML,12,25.3,17.1,33.5,0.3,,1011.2,16135.0,12.3833,-5.4667
61296,Bougouni,ML,1,25.9,17.4,34.4,0.9,,1010.8,16065.0,11.4167,-7.5
61296,Bougouni,ML,2,28.6,20.0,37.3,1.5,,1009.7,15064.6,11.4167,-7.5
61296,Bougouni,ML,3,31.4,23.4,39.5,6.1,,1007.9,14612.0,11.4167,-7.5
61296,Bougouni,ML,4,32.2,25.6,38.7,40.5,,1007.4,13182.0,11.4167,-7.5
61296,Bougouni,ML,5,30.7,24.6,36.8,121.9,,1009.0,13767.7,11.4167,-7.5
61296,Bougouni,ML,6,28.4,23.3,33.4,169.2,,1010.8,13275.0,11.4167,-7.5
61296,Bougouni,ML,7,27.0,22.5,31.5,264.0,,1011.4,10865.0,11.4167,-7.5
61296,Bougouni,ML,8,26.4,22.2,30.7,273.5,,1011.6,10194.5,11.4167,-7.5
61296,Bougouni,ML,9,27.0,22.1,32.0,223.1,,1011.3,11450.0,11.4167,-7.5
61296,Bougouni,ML,10,28.0,22.3,33.7,81.4,,1010.2,14592.0,11.4167,-7.5
61296,Bougouni,ML,11,27.6,19.6,35.5,5.4,,1010.1,15436.0,11.4167,-7.5
61296,Bougouni,ML,12,25.6,16.5,34.8,0.0,,1011.5,16104.7,11.4167,-7.5
61297,Sikasso,ML,1,25.4,17.9,33.0,3.4,,,17387.1,11.35,-5.6833
61297,Sikasso,ML,2,28.2,20.8,35.6,5.3,,,15375.0,11.35,-5.6833
61297,Sikasso,ML,3,31.0,24.2,37.9,12.8,,,15331.8,11.35,-5.6833
61297,Sikasso,ML,4,32.0,26.1,37.8,47.5,,,13860.0,11.35,-5.6833
61297,Sikasso,ML,5,30.2,24.8,35.6,107.6,,,15008.0,11.35,-5.6833
61297,Sikasso,ML,6,28.0,23.2,32.8,153.6,,,14635.4,11.35,-5.6833
61297,Sikasso,ML,7,26.4,22.2,30.7,229.1,,,13320.0,11.35,-5.6833
61297,Sikasso,ML,8,26.0,21.9,30.0,307.6,,,11610.0,11.35,-5.6833
61297,Sikasso,ML,9,26.4,21.7,31.1,227.8,,,12261.2,11.35,-5.6833
61297,Sikasso,ML,10,27.7,22.2,33.2,88.3,,,15451.8,11.35,-5.6833
61297,Sikasso,ML,11,27.8,20.6,35.0,8.2,,,16988.0,11.35,-5.6833
61297,Sikasso,ML,12,25.6,17.6,33.7,0.0,,,17624.0,11.35,-5.6833
61401,Bir Moghrein,MR,1,,,,3.0,,,,25.2333,-11.6167
61401,Bir Moghrein,MR,2,,,,3.7,,,,25.2333,-11.6167
61401,Bir Moghrein,MR,3,,,,2.0,,,,25.2333,-11.6167
61401,Bir Moghrein,MR,4,,,,0.2,,,,25.2333,-11.6167
61401,Bir Moghrein,MR,5,,,,0.5,,,,25.2333,-11.6167
61401,Bir Moghrein,MR,6,,,,1.3,,,,25.2333,-11.6167
61401,Bir Moghrein,MR,7,,,,0.3,,,,25.2333,-11.6167
61401,Bir Moghrein,MR,8,,,,6.4,,,,25.2333,-11.6167
61401,Bir Moghrein,MR,9,,,,10.9,,,,25.2333,-11.6167
61401,Bir Moghrein,MR,10,,,,8.9,,,,25.2333,-11.6167
61401,Bir Moghrein,MR,11,,,,1.2,,,,25.2333,-11.6167
61401,Bir Moghrein,MR,12,,,,8.6,,,,25.2333,-11.6167
61404,Zouerate,MR,1,18.2,12.3,24.1,3.3,,1018.8,,22.75,-12.4833
61404,Zouerate,MR,2,19.4,13.2,25.5,1.0,,1017.6,,22.75,-12.4833
61404,Zouerate,MR,3,23.2,16.5,30.0,1.0,,1014.6,,22.75,-12.4833
61404,Zouerate,MR,4,26.0,18.8,33.2,0.3,,1012.4,,22.75,-12.4833
61404,Zouerate,MR,5,27.7,20.3,35.1,0.5,,1012.5,,22.75,-12.4833
61404,Zouerate,MR,6,30.5,22.9,38.1,5.4,,1012.1,,22.75,-12.4833
61404,Zouerate,MR,7,33.4,25.8,41.1,0.7,,1009.7,,22.75,-12.4833
61404,Zouerate,MR,8,34.1,27.0,41.2,6.8,,1009.6,,22.75,-12.4833
61404,Zouerate,MR,9,32.2,26.0,38.3,19.0,,1011.8,,22.75,-12.4833
61404,Zouerate,MR,10,28.6,22.7,34.4,8.9,,1013.5,,22.75,-12.4833
61404,Zouerate,MR,11,23.2,17.6,28.8,2.1,,1015.4,,22.75,-12.4833
61404,Zouerate,MR,12,19.6,14.1,25.0,1.3,,1018.1,,22.75,-12.4833
61415,Nouadhibou,MR,1,20.5,15.2,25.9,5.5,,1017.7,14850.0,20.9333,-17.0333
61415,Nouadhibou,MR,2,21.2,15.5,26.8,0.8,,1017.0,14710.6,20.9333,-17.0333
61415,Nouadhibou,MR,3,22.0,16.5,27.6,2.3,,1015.3,17625.0,20.9333,-17.0333
61415,Nouadhibou,MR,4,22.0,16.8,27.3,0.8,,1014.2,18464.2,20.9333,-17.0333
61415,Nouadhibou,MR,5,22.6,17.5,27.8,0.4,,1014.0,18617.6,20.9333,-17.0333
61415,Nouadhibou,MR,6,24.4,19.2,29.7,0.1,,1013.9,16660.0,20.9333,-17.0333
61415,Nouadhibou,MR,7,24.0,20.0,28.0,0.2,,1012.6,15804.7,20.9333,-17.0333
61415,Nouadhibou,MR,8,25.3,21.4,29.2,3.6,,1012.2,16380.0,20.9333,-17.0333
61415,Nouadhibou,MR,9,27.2,22.1,32.4,4.6,,1012.9,14926.7,20.9333,-17.0333
61415,Nouadhibou,MR,10,25.6,20.5,30.7,4.2,,1014.0,16264.0,20.9333,-17.0333
61415,Nouadhibou,MR,11,23.5,18.3,28.6,0.6,,1015.1,15091.8,20.9333,-17.0333
61415,Nouadhibou,MR,12,21.6,16.5,26.6,0.6,,1016.9,13133.3,20.9333,-17.0333
61421,Atar,MR,1,,,,0.7,,,,20.5167,-13.0667
61421,Atar,MR,2,,,,1.0,,,,20.5167,-13.0667
61421,Atar,MR,3,,,,0.3,,,,20.5167,-13.0667
61421,Atar,MR,4,,,,0.1,,,,20.5167,-13.0667
61421,Atar,MR,5,,,,0.4,,,,20.5167,-13.0667
61421,Atar,MR,6,,,,3.9,,,,20.5167,-13.0667
61421,Atar,MR,7,,,,4.4,,,,20.5167,-13.0667
61421,Atar,MR,8,,,,22.0,,,,20.5167,-13.0667
61421,Atar,MR,9,,,,18.0,,,,20.5167,-13.0667
61421,Atar,MR,10,,,,7.6,,,,20.5167,-13.0667
61421,Atar,MR,11,,,,0.4,,,,20.5167,-13.0667
61421,Atar,MR,12,,,,8.9,,,,20.5167,-13.0667
61442,Nouakchott,MR,1,22.0,14.3,29.6,0.5,,1015.3,14558.4,18.1,-15.95
61442,Nouakchott,MR,2,23.9,16.6,31.2,1.6,,1014.3,13707.0,18.1,-15.95
61442,Nouakchott,MR,3,25.6,17.8,33.4,0.4,,1012.8,16422.9,18.1,-15.95
61442,Nouakchott,MR,4,26.8,19.2,34.5,0.1,,1011.5,17110.4,18.1,-15.95
61442,Nouakchott,MR,5,27.4,20.4,34.3,0.2,,1011.3,17820.0,18.1,-15.95
61442,Nouakchott,MR,6,28.7,22.6,34.8,1.7,,1011.5,14266.4,18.1,-15.95
61442,Nouakchott,MR,7,28.3,24.3,32.3,7.6,,1011.9,14921.1,18.1,-15.95
61442,Nouakchott,MR,8,29.2,25.5,33.0,39.6,,1011.4,15608.2,18.1,-15.95
61442,Nouakchott,MR,9,30.7,26.1,35.3,40.3,,1011.5,13849.6,18.1,-15.95
61442,Nouakchott,MR,10,30.4,24.0,36.9,6.3,,1011.8,16101.0,18.1,-15.95
61442,Nouakchott,MR,11,26.8,19.7,33.8,2.5,,1012.9,14932.2,18.1,-15.95
61442,Nouakchott,MR,12,23.8,16.5,31.0,3.0,,1015.0,13994.3,18.1,-15.95
61450,Tidjikja,MR,1,,,,1.4,,1015.5,,18.5667,-11.4333
61450,Tidjikja,MR,2,,,,1.5,,1014.4,,18.5667,-11.4333
61450,Tidjikja,MR,3,,,,1.0,,1011.9,,18.5667,-11.4333
61450,Tidjikja,MR,4,,,,1.5,,1010.2,,18.5667,-11.4333
61450,Tidjikja,MR,5,,,,1.9,,1009.5,,18.5667,-11.4333
61450,Tidjikja,MR,6,,,,6.1,,1009.5,,18.5667,-11.4333
61450,Tidjikja,MR,7,,,,13.6,,1009.6,,18.5667,-11.4333
61450,Tidjikja,MR,8,,,,45.1,,1009.9,,18.5667,-11.4333
61450,Tidjikja,MR,9,,,,23.2,,1010.5,,18.5667,-11.4333
61450,Tidjikja,MR,10,,,,7.4,,1011.2,,18.5667,-11.4333
61450,Tidjikja,MR,11,,,,0.0,,1013.4,,18.5667,-11.4333
61450,Tidjikja,MR,12,,,,0.2,,1015.4,,18.5667,-11.4333
61461,Boutilimit,MR,1,,,,0.0,,1015.6,,17.5333,-14.6833
61461,Boutilimit,MR,2,,,,0.9,,1014.5,,17.5333,-14.6833
61461,Boutilimit,MR,3,,,,0.4,,1012.7,,17.5333,-14.6833
61461,Boutilimit,MR,4,,,,0.0,,1011.4,,17.5333,-14.6833
61461,Boutilimit,MR,5,,,,0.3,,1011.1,,17.5333,-14.6833
61461,Boutilimit,MR,6,,,,3.6,,1011.2,,17.5333,-14.6833
61461,Boutilimit,MR,7,,,,44.6,,1012.2,,17.5333,-14.6833
61461,Boutilimit,MR,8,,,,59.4,,1011.9,,17.5333,-14.6833
61461,Boutilimit,MR,9,,,,52.8,,1011.9,,17.5333,-14.6833
61461,Boutilimit,MR,10,,,,10.0,,1012.4,,17.5333,-14.6833
61461,Boutilimit,MR,11,,,,0.0,,1013.6,,17.5333,-14.6833
61461,Boutilimit,MR,12,,,,5.8,,1015.0,,17.5333,-14.6833
61489,Rosso,MR,1,,,,0.3,,,,16.5,-15.8167
61489,Rosso,MR,2,,,,5.1,,,,16.5,-15.8167
61489,Rosso,MR,3,,,,0.7,,,,16.5,-15.8167
61489,Rosso,MR,4,,,,0.3,,,,16.5,-15.8167
61489,Rosso,MR,5,,,,0.2,,,,16.5,-15.8167
61489,Rosso,MR,6,,,,6.2,,,,16.5,-15.8167
61489,Rosso,MR,7,,,,40.0,,,,16.5,-15.8167
61489,Rosso,MR,8,,,,111.1,,,,16.5,-15.8167
61489,Rosso,MR,9,,,,91.0,,,,16.5,-15.8167
61489,Rosso,MR,10,,,,20.7,,,,16.5,-15.8167
61489,Rosso,MR,11,,,,0.2,,,,16.5,-15.8167
61489,Rosso,MR,12,,,,0.5,,,,16.5,-15.8167
61492,Kaedi,MR,1,,,,3.2,,1015.9,,16.15,-13.5167
61492,Kaedi,MR,2,,,,4.0,,1014.9,,16.15,-13.5167
61492,Kaedi,MR,3,,,,0.7,,1013.3,,16.15,-13.5167
61492,Kaedi,MR,4,,,,0.5,,1011.6,,16.15,-13.5167
61492,Kaedi,MR,5,,,,0.8,,1011.3,,16.15,-13.5167
61492,Kaedi,MR,6,,,,18.4,,1012.3,,16.15,-13.5167
61492,Kaedi,MR,7,,,,55.7,,1013.4,,16.15,-13.5167
61492,Kaedi,MR,8,,,,118.7,,1013.4,,16.15,-13.5167
61492,Kaedi,MR,9,,,,83.4,,1013.8,,16.15,-13.5167
61492,Kaedi,MR,10,,,,16.1,,1013.2,,16.15,-13.5167
61492,Kaedi,MR,11,,,,0.2,,1013.6,,16.15,-13.5167
61492,Kaedi,MR,12,,,,3.5,,1015.0,,16.15,-13.5167
61497,Nema,MR,1,,,,0.2,,,,16.6,-7.2667
61497,Nema,MR,2,,,,0.5,,,,16.6,-7.2667
61497,Nema,MR,3,,,,0.6,,,,16.6,-7.2667
61497,Nema,MR,4,,,,1.2,,,,16.6,-7.2667
61497,Nema,MR,5,,,,2.1,,,,16.6,-7.2667
61497,Nema,MR,6,,,,13.1,,,,16.6,-7.2667
61497,Nema,MR,7,,,,55.2,,,,16.6,-7.2667
61497,Nema,MR,8,,,,85.9,,,,16.6,-7.2667
61497,Nema,MR,9,,,,49.6,,,,16.6,-7.2667
61497,Nema,MR,10,,,,14.3,,,,16.6,-7.2667
61497,Nema,MR,11,,,,0.0,,,,16.6,-7.2667
61497,Nema,MR,12,,,,0.5,,,,16.6,-7.2667
61498,Kiffa,MR,1,,,,0.4,,1014.2,,16.6333,-11.4
61498,Kiffa,MR,2,,,,0.7,,1012.1,,16.6333,-11.4
61498,Kiffa,MR,3,,,,0.5,,1009.9,,16.6333,-11.4
61498,Kiffa,MR,4,,,,0.0,,1007.7,,16.6333,-11.4
61498,Kiffa,MR,5,,,,3.1,,1007.5,,16.6333,-11.4
61498,Kiffa,MR,6,,,,15.6,,1008.2,,16.6333,-11.4
61498,Kiffa,MR,7,,,,60.6,,1009.2,,16.6333,-11.4
61498,Kiffa,MR,8,,,,113.3,,1010.2,,16.6333,-11.4
61498,Kiffa,MR,9,,,,78.1,,1009.6,,16.6333,-11.4
61498,Kiffa,MR,10,,,,16.5,,1009.8,,16.6333,-11.4
61498,Kiffa,MR,11,,,,0.7,,1011.2,,16.6333,-11.4
61498,Kiffa,MR,12,,,,2.5,,1013.4,,16.6333,-11.4
61499,Aioun El Atrouss,MR,1,22.8,16.0,29.5,1.2,,1014.2,,16.7,-9.6
61499,Aioun El Atrouss,MR,2,26.0,19.0,32.9,0.6,,1012.4,,16.7,-9.6
61499,Aioun El Atrouss,MR,3,29.4,22.3,36.5,1.2,,1010.3,,16.7,-9.6
61499,Aioun El Atrouss,MR,4,34.2,27.6,40.9,0.6,,1008.0,,16.7,-9.6
61499,Aioun El Atrouss,MR,5,36.1,29.7,42.5,2.2,,1007.6,,16.7,-9.6
61499,Aioun El Atrouss,MR,6,36.4,30.6,42.1,12.5,,1008.4,,16.7,-9.6
61499,Aioun El Atrouss,MR,7,33.7,28.3,39.1,46.2,,1009.3,,16.7,-9.6
61499,Aioun El Atrouss,MR,8,30.9,26.0,35.8,103.8,,1009.8,,16.7,-9.6
61499,Aioun El Atrouss,MR,9,32.0,26.5,37.6,47.7,,1009.8,,16.7,-9.6
61499,Aioun El Atrouss,MR,10,32.7,26.8,38.6,15.7,,1010.0,,16.7,-9.6
61499,Aioun El Atrouss,MR,11,29.1,22.3,35.9,0.4,,1011.5,,16.7,-9.6
61499,Aioun El Atrouss,MR,12,24.2,17.5,31.0,1.0,,1013.7,,16.7,-9.6
61600,Saint-Louis,SN,1,23.7,16.0,31.4,3.2,,1013.8,13187.0,16.05,-16.45
61600,Saint-Louis,SN,2,24.8,17.0,32.5,1.1,,1013.0,13729.6,16.05,-16.45
61600,Saint-Louis,SN,3,25.5,17.9,33.1,0.3,,1011.9,15817.5,16.05,-16.45
61600,Saint-Louis,SN,4,24.9,18.2,31.6,0.1,,1011.2,16371.8,16.05,-16.45
61600,Saint-Louis,SN,5,25.6,19.4,31.9,0.2,,1011.2,15666.0,16.05,-16.45
61600,Saint-Louis,SN,6,26.8,22.7,30.9,5.2,,1012.2,12932.7,16.05,-16.45
61600,Saint-Louis,SN,7,28.1,24.7,31.5,41.2,,1012.4,12182.7,16.05,-16.45
61600,Saint-Louis,SN,8,28.8,25.2,32.3,102.3,,1011.8,13533.9,16.05,-16.45
61600,Saint-Louis,SN,9,29.2,25.2,33.2,105.6,,1011.8,12502.5,16.05,-16.45
61600,Saint-Louis,SN,10,29.5,24.3,34.7,25.3,,1011.5,15004.6,16.05,-16.45
61600,Saint-Louis,SN,11,27.7,20.4,35.0,0.2,,1012.0,14315.5,16.05,-16.45
61600,Saint-Louis,SN,12,25.1,17.6,32.6,1.9,,1013.3,13210.4,16.05,-16.45
61612,Podor,SN,1,23.9,15.8,32.0,2.4,,1014.5,13925.7,16.65,-14.9667
61612,Podor,SN,2,26.0,17.8,34.2,1.8,,1013.3,13600.0,16.65,-14.9667
61612,Podor,SN,3,29.3,20.5,38.1,0.9,,1011.7,15697.9,16.65,-14.9667
61612,Podor,SN,4,31.2,22.3,40.1,0.4,,1010.3,16265.7,16.65,-14.9667
61612,Podor,SN,5,33.0,24.0,42.0,1.4,,1010.0,16323.3,16.65,-14.9667
61612,Podor,SN,6,33.2,25.0,41.4,9.0,,1011.1,12855.0,16.65,-14.9667
61612,Podor,SN,7,31.8,25.2,38.3,52.9,,1011.6,13766.2,16.65,-14.9667
61612,Podor,SN,8,31.2,25.5,37.0,87.5,,1011.4,13916.8,16.65,-14.9667
61612,Podor,SN,9,31.4,25.7,37.2,76.9,,1011.7,13346.1,16.65,-14.9667
61612,Podor,SN,10,32.0,24.9,39.1,10.2,,1011.2,15169.1,16.65,-14.9667
61612,Podor,SN,11,28.6,20.1,37.0,0.7,,1011.9,14447.4,16.65,-14.9667
61612,Podor,SN,12,25.2,17.2,33.3,0.9,,1013.8,13294.7,16.65,-14.9667
61627,Linguere,SN,1,25.2,16.8,33.7,1.6,,1013.0,14750.0,15.3833,-15.1167
61627,Linguere,SN,2,27.4,18.7,36.1,1.5,,1012.2,14799.0,15.3833,-15.1167
61627,Linguere,SN,3,29.5,20.3,38.7,0.8,,1010.3,16263.0,15.3833,-15.1167
61627,Linguere,SN,4,31.5,22.2,40.8,0.2,,1009.2,16646.7,15.3833,-15.1167
61627,Linguere,SN,5,32.8,23.7,41.8,0.7,,1009.9,17133.8,15.3833,-15.1167
61627,Linguere,SN,6,32.4,24.8,40.0,18.6,,1011.2,14103.3,15.3833,-15.1167
61627,Linguere,SN,7,30.8,24.9,36.8,95.2,,1011.7,14430.0,15.3833,-15.1167
61627,Linguere,SN,8,29.3,24.5,34.1,155.2,,1011.6,13933.6,15.3833,-15.1167
61627,Linguere,SN,9,29.4,24.3,34.4,128.6,,1011.5,13334.3,15.3833,-15.1167
61627,Linguere,SN,10,31.0,23.9,38.2,34.4,,1010.7,15594.3,15.3833,-15.1167
61627,Linguere,SN,11,29.2,20.4,38.0,0.2,,1011.1,14731.3,15.3833,-15.1167
61627,Linguere,SN,12,26.0,17.2,34.7,2.3,,1012.5,14226.7,15.3833,-15.1167
61630,Matam,SN,1,25.5,16.7,34.2,1.8,,1013.2,13786.4,15.65,-13.25
61630,Matam,SN,2,27.8,18.9,36.7,1.3,,1011.9,13361.5,15.65,-13.25
61630,Matam,SN,3,30.9,21.4,40.4,0.3,,1010.0,15057.1,15.65,-13.25
61630,Matam,SN,4,34.1,25.3,42.9,0.2,,1008.8,15460.9,15.65,-13.25
61630,Matam,SN,5,35.8,27.9,43.8,3.2,,1008.7,14911.4,15.65,-13.25
61630,Matam,SN,6,34.9,28.0,41.8,25.4,,1010.1,12507.3,15.65,-13.25
61630,Matam,SN,7,31.8,26.2,37.5,91.2,,1011.5,13281.8,15.65,-13.25
61630,Matam,SN,8,30.1,24.7,35.5,153.1,,1011.1,12545.5,15.65,-13.25
61630,Matam,SN,9,30.2,24.7,35.6,104.1,,1011.2,13353.6,15.65,-13.25
61630,Matam,SN,10,31.8,24.3,39.2,15.6,,1010.5,14574.5,15.65,-13.25
61630,Matam,SN,11,29.5,20.6,38.4,0.6,,1011.0,14332.2,15.65,-13.25
61630,Matam,SN,12,26.4,17.4,35.4,2.1,,1012.7,12739.1,15.65,-13.25
61641,Dakar / Yoff,SN,1,22.6,18.9,26.3,1.5,,1013.5,14102.6,14.7333,-17.5
61641,Dakar / Yoff,SN,2,22.0,18.3,25.7,0.5,,1012.8,13917.5,14.7333,-17.5
61641,Dakar / Yoff,SN,3,22.1,18.7,25.5,0.2,,1012.0,16336.2,14.7333,-17.5
61641,Dakar / Yoff,SN,4,22.4,19.4,25.3,0.0,,1011.5,16892.5,14.7333,-17.5
61641,Dakar / Yoff,SN,5,23.8,20.9,26.6,0.1,,1012.0,16145.2,14.7333,-17.5
61641,Dakar / Yoff,SN,6,26.3,23.7,28.9,8.8,,1012.9,13608.0,14.7333,-17.5
61641,Dakar / Yoff,SN,7,27.8,25.3,30.3,56.1,,1012.9,13035.7,14.7333,-17.5
61641,Dakar / Yoff,SN,8,28.0,25.4,30.5,161.7,,1012.3,12861.6,14.7333,-17.5
61641,Dakar / Yoff,SN,9,28.2,25.3,31.0,145.3,,1012.2,12595.4,14.7333,-17.5
61641,Dakar / Yoff,SN,10,28.6,25.7,31.4,27.6,,1011.8,15588.5,14.7333,-17.5
61641,Dakar / Yoff,SN,11,27.0,23.8,30.2,0.4,,1012.0,14727.7,14.7333,-17.5
61641,Dakar / Yoff,SN,12,24.6,21.2,28.0,1.2,,1013.0,13819.2,14.7333,-17.5
61666,Diourbel,SN,1,25.0,14.8,35.1,0.3,,1012.8,13630.9,14.65,-16.2333
61666,Diourbel,SN,2,26.4,16.8,36.1,1.8,,1011.6,14301.8,14.65,-16.2333
61666,Diourbel,SN,3,28.6,18.0,39.1,0.3,,1010.8,16533.8,14.65,-16.2333
61666,Diourbel,SN,4,29.4,18.8,40.0,0.0,,1010.1,16484.0,14.65,-16.2333
61666,Diourbel,SN,5,30.4,20.4,40.5,0.1,,1010.6,15355.7,14.65,-16.2333
61666,Diourbel,SN,6,30.4,22.4,38.4,20.3,,1011.9,12204.0,14.65,-16.2333
61666,Diourbel,SN,7,29.6,23.7,35.5,96.5,,1012.2,12545.0,14.65,-16.2333
61666,Diourbel,SN,8,28.8,23.6,33.9,196.3,,1011.8,12840.0,14.65,-16.2333
61666,Diourbel,SN,9,28.8,23.6,33.9,188.4,,1012.0,12882.9,14.65,-16.2333
61666,Diourbel,SN,10,30.0,22.8,37.3,35.8,,1011.7,15225.0,14.65,-16.2333
61666,Diourbel,SN,11,28.6,19.1,38.1,0.4,,1011.0,14464.6,14.65,-16.2333
61666,Diourbel,SN,12,26.2,16.7,35.6,0.0,,1012.3,13380.0,14.65,-16.2333
61679,Kaolack,SN,1,26.8,18.4,35.1,0.2,,1013.2,14472.0,14.1333,-16.0667
61679,Kaolack,SN,2,28.7,20.0,37.4,1.8,,1012.4,14388.8,14.1333,-16.0667
61679,Kaolack,SN,3,30.6,21.3,39.9,0.1,,1011.1,16623.5,14.1333,-16.0667
61679,Kaolack,SN,4,31.4,22.1,40.8,0.0,,1010.9,17121.0,14.1333,-16.0667
61679,Kaolack,SN,5,31.6,23.2,39.9,2.3,,1011.5,17153.3,14.1333,-16.0667
61679,Kaolack,SN,6,31.1,24.9,37.3,38.1,,1013.0,14241.2,14.1333,-16.0667
61679,Kaolack,SN,7,30.0,25.3,34.8,116.6,,1013.3,13884.7,14.1333,-16.0667
61679,Kaolack,SN,8,29.3,25.0,33.6,245.9,,1013.0,12776.7,14.1333,-16.0667
61679,Kaolack,SN,9,29.2,24.7,33.6,177.7,,1013.0,12420.0,14.1333,-16.0667
61679,Kaolack,SN,10,30.4,25.0,35.9,47.0,,1012.2,14243.3,14.1333,-16.0667
61679,Kaolack,SN,11,29.6,21.6,37.5,1.9,,1011.9,13234.7,14.1333,-16.0667
61679,Kaolack,SN,12,27.4,19.0,35.8,0.2,,1013.1,12995.3,14.1333,-16.0667
61687,Tambacounda,SN,1,26.3,18.0,34.6,0.1,,1012.0,15126.3,13.7667,-13.6833
61687,Tambacounda,SN,2,29.0,20.6,37.4,0.1,,1010.9,14381.7,13.7667,-13.6833
61687,Tambacounda,SN,3,31.5,23.0,40.0,0.3,,1009.4,16027.8,13.7667,-13.6833
61687,Tambacounda,SN,4,33.0,25.2,40.9,0.2,,1008.4,16747.5,13.7667,-13.6833
61687,Tambacounda,SN,5,33.7,26.3,41.1,15.9,,1009.3,16442.9,13.7667,-13.6833
61687,Tambacounda,SN,6,31.3,25.3,37.3,83.7,,1011.0,13811.4,13.7667,-13.6833
61687,Tambacounda,SN,7,28.8,23.9,33.7,158.5,,1012.2,12908.2,13.7667,-13.6833
61687,Tambacounda,SN,8,27.6,23.0,32.2,222.7,,1012.0,11587.8,13.7667,-13.6833
61687,Tambacounda,SN,9,27.7,22.4,33.0,196.1,,1011.9,11984.3,13.7667,-13.6833
61687,Tambacounda,SN,10,29.2,22.7,35.7,57.6,,1011.0,14108.6,13.7667,-13.6833
61687,Tambacounda,SN,11,28.7,20.0,37.4,2.8,,1010.7,14798.2,13.7667,-13.6833
61687,Tambacounda,SN,12,26.9,18.3,35.5,0.4,,1011.6,15374.3,13.7667,-13.6833
61695,Ziguinchor,SN,1,26.0,17.8,34.2,0.4,,1012.1,14865.0,12.55,-16.2667
61695,Ziguinchor,SN,2,28.0,18.9,37.1,0.2,,1011.3,14456.8,12.55,-16.2667
61695,Ziguinchor,SN,3,29.2,19.8,38.5,0.0,,1010.6,15582.9,12.55,-16.2667
61695,Ziguinchor,SN,4,29.4,20.6,38.3,0.0,,1010.4,16170.0,12.55,-16.2667
61695,Ziguinchor,SN,5,30.0,22.3,37.7,2.9,,1011.4,15712.5,12.55,-16.2667
61695,Ziguinchor,SN,6,29.9,24.1,35.7,94.0,,1012.8,12423.8,12.55,-16.2667
61695,Ziguinchor,SN,7,28.6,24.0,33.1,327.1,,1013.1,9950.0,12.55,-16.2667
61695,Ziguinchor,SN,8,28.2,24.0,32.3,463.1,,1012.6,8430.0,12.55,-16.2667
61695,Ziguinchor,SN,9,28.4,23.5,33.2,361.4,,1012.5,9850.9,12.55,-16.2667
61695,Ziguinchor,SN,10,29.2,23.9,34.6,120.5,,1012.0,13486.4,12.55,-16.2667
61695,Ziguinchor,SN,11,27.9,21.4,34.4,2.7,,1011.4,14451.4,12.55,-16.2667
61695,Ziguinchor,SN,12,26.1,18.4,33.8,0.2,,1012.0,14207.4,12.55,-16.2667
61697,Cap-Skirring,SN,1,25.6,18.8,32.5,1.4,,1012.5,13940.0,12.4,-16.75
61697,Cap-Skirring,SN,2,25.7,18.7,32.7,0.0,,1011.6,15720.0,12.4,-16.75
61697,Cap-Skirring,SN,3,26.0,19.7,32.2,0.0,,1011.2,14990.0,12.4,-16.75
61697,Cap-Skirring,SN,4,25.4,20.3,30.4,0.0,,1011.0,15835.0,12.4,-16.75
61697,Cap-Skirring,SN,5,26.1,22.1,30.1,5.6,,1011.9,14416.4,12.4,-16.75
61697,Cap-Skirring,SN,6,28.2,24.8,31.7,55.4,,1013.2,12405.0,12.4,-16.75
61697,Cap-Skirring,SN,7,28.2,25.0,31.3,321.6,,1013.1,10464.0,12.4,-16.75
61697,Cap-Skirring,SN,8,27.6,24.5,30.6,483.4,,1012.7,9573.3,12.4,-16.75
61697,Cap-Skirring,SN,9,27.4,23.6,31.3,326.3,,1012.6,9815.0,12.4,-16.75
61697,Cap-Skirring,SN,10,28.6,24.5,32.7,136.4,,1011.9,13002.0,12.4,-16.75
61697,Cap-Skirring,SN,11,27.8,22.7,33.0,3.5,,1011.5,13970.0,12.4,-16.75
61697,Cap-Skirring,SN,12,26.4,19.8,32.9,0.0,,1012.1,14118.5,12.4,-16.75
61698,Kolda,SN,1,25.0,14.7,35.4,0.1,,1011.9,13346.2,12.8833,-14.9667
61698,Kolda,SN,2,27.8,17.7,38.0,0.1,,1010.8,13717.5,12.8833,-14.9667
61698,Kolda,SN,3,30.4,20.7,40.2,0.2,,1010.2,15468.0,12.8833,-14.9667
61698,Kolda,SN,4,32.2,23.0,41.5,0.1,,1009.5,16044.0,12.8833,-14.9667
61698,Kolda,SN,5,32.8,24.4,41.2,18.2,,1010.3,14844.0,12.8833,-14.9667
61698,Kolda,SN,6,31.0,24.9,37.2,131.1,,1012.0,13672.5,12.8833,-14.9667
61698,Kolda,SN,7,29.0,24.1,33.9,253.2,,1012.6,11430.0,12.8833,-14.9667
61698,Kolda,SN,8,28.0,23.7,32.3,332.2,,1012.1,9525.0,12.8833,-14.9667
61698,Kolda,SN,9,28.2,23.3,33.2,277.8,,1012.2,10543.3,12.8833,-14.9667
61698,Kolda,SN,10,28.9,23.4,34.4,89.9,,1011.3,13812.0,12.8833,-14.9667
61698,Kolda,SN,11,27.5,19.1,35.9,5.8,,1010.8,14185.7,12.8833,-14.9667
61698,Kolda,SN,12,25.0,15.1,34.8,1.6,,1011.8,13332.0,12.8833,-14.9667
61699,Kedougou,SN,1,,,33.4,0.2,,1010.8,15402.9,12.5667,-12.2167
61699,Kedougou,SN,2,,,36.7,0.1,,1009.5,14847.7,12.5667,-12.2167
61699,Kedougou,SN,3,,,38.8,1.0,,1008.5,16260.0,12.5667,-12.2167
61699,Kedougou,SN,4,,,39.6,3.4,,1007.9,16140.0,12.5667,-12.2167
61699,Kedougou,SN,5,,,39.1,56.3,,1008.5,15252.9,12.5667,-12.2167
61699,Kedougou,SN,6,,,35.1,147.4,,1010.8,13620.0,12.5667,-12.2167
61699,Kedougou,SN,7,,,32.0,253.5,,1011.4,12446.7,12.5667,-12.2167
61699,Kedougou,SN,8,,,31.3,317.0,,1011.6,11226.0,12.5667,-12.2167
61699,Kedougou,SN,9,,,31.9,309.2,,1011.2,10887.7,12.5667,-12.2167
61699,Kedougou,SN,10,,,34.3,98.8,,1010.6,13967.1,12.5667,-12.2167
61699,Kedougou,SN,11,,,35.6,6.0,,1010.1,14892.9,12.5667,-12.2167
61699,Kedougou,SN,12,,,34.3,0.2,,1010.8,15784.0,12.5667,-12.2167
61701,Banjul / Yundum,GM,1,,,,1.6,,1012.2,14682.9,13.35,-16.8
61701,Banjul / Yundum,GM,2,,,,0.6,,1011.0,13476.9,13.35,-16.8
61701,Banjul / Yundum,GM,3,,,,0.1,,1010.8,15212.3,13.35,-16.8
61701,Banjul / Yundum,GM,4,,,,0.0,,1010.2,15521.5,13.35,-16.8
61701,Banjul / Yundum,GM,5,,,,5.1,,1011.3,15678.5,13.35,-16.8
61701,Banjul / Yundum,GM,6,,,,56.2,,1012.3,12426.7,13.35,-16.8
61701,Banjul / Yundum,GM,7,,,,200.4,,1012.3,12106.7,13.35,-16.8
61701,Banjul / Yundum,GM,8,,,,331.3,,1011.9,11130.0,13.35,-16.8
61701,Banjul / Yundum,GM,9,,,,282.6,,1011.9,11550.0,13.35,-16.8
61701,Banjul / Yundum,GM,10,,,,65.2,,1011.3,14004.0,13.35,-16.8
61701,Banjul / Yundum,GM,11,,,,1.8,,1011.0,13641.8,13.35,-16.8
61701,Banjul / Yundum,GM,12,,,,2.9,,1011.9,13644.0,13.35,-16.8
62002,Nalut,LY,1,,,,17.0,,,,31.8667,10.9833
62002,Nalut,LY,2,,,,21.3,,,,31.8667,10.9833
62002,Nalut,LY,3,,,,26.3,,,,31.8667,10.9833
62002,Nalut,LY,4,,,,4.7,,,,31.8667,10.9833
62002,Nalut,LY,5,,,,13.3,,,,31.8667,10.9833
62002,Nalut,LY,6,,,,2.5,,,,31.8667,10.9833
62002,Nalut,LY,7,,,,0.0,,,,31.8667,10.9833
62002,Nalut,LY,8,,,,0.3,,,,31.8667,10.9833
62002,Nalut,LY,9,,,,28.1,,,,31.8667,10.9833
62002,Nalut,LY,10,,,,10.4,,,,31.8667,10.9833
62002,Nalut,LY,11,,,,9.2,,,,31.8667,10.9833
62002,Nalut,LY,12,,,,30.4,,,,31.8667,10.9833
62007,Zuara,LY,1,,,,38.7,,1019.0,,32.8833,12.0833
62007,Zuara,LY,2,,,,24.5,,1019.3,,32.8833,12.0833
62007,Zuara,LY,3,,,,16.4,,1016.9,,32.8833,12.0833
62007,Zuara,LY,4,,,,10.6,,1013.7,,32.8833,12.0833
62007,Zuara,LY,5,,,,3.0,,1013.8,,32.8833,12.0833
62007,Zuara,LY,6,,,,0.8,,1014.1,,32.8833,12.0833
62007,Zuara,LY,7,,,,0.0,,1013.9,,32.8833,12.0833
62007,Zuara,LY,8,,,,3.1,,1013.3,,32.8833,12.0833
62007,Zuara,LY,9,,,,9.4,,1014.2,,32.8833,12.0833
62007,Zuara,LY,10,,,,29.0,,1015.8,,32.8833,12.0833
62007,Zuara,LY,11,,,,22.4,,1016.8,,32.8833,12.0833
62007,Zuara,LY,12,,,,36.1,,1018.2,,32.8833,12.0833
62010,Tripoli Inter-National Airport,LY,1,12.9,7.9,17.9,50.2,,1020.0,10256.2,32.6667,13.15
62010,Tripoli Inter-National Airport,LY,2,13.6,7.9,19.2,42.5,,1018.3,11366.2,32.6667,13.15
62010,Tripoli Inter-National Airport,LY,3,16.2,10.1,22.3,22.2,,1016.7,14495.3,32.6667,13.15
62010,Tripoli Inter-National Airport,LY,4,20.4,14.0,26.9,12.5,,1013.4,15972.0,32.6667,13.15
62010,Tripoli Inter-National Airport,LY,5,23.7,16.7,30.7,4.2,,1014.1,18492.6,32.6667,13.15
62010,Tripoli Inter-National Airport,LY,6,26.8,19.8,33.8,0.4,,1014.4,19672.9,32.6667,13.15
62010,Tripoli Inter-National Airport,LY,7,28.8,21.6,36.0,0.1,,1014.7,21384.7,32.6667,13.15
62010,Tripoli Inter-National Airport,LY,8,29.2,23.2,35.3,0.2,,1013.9,20808.0,32.6667,13.15
62010,Tripoli Inter-National Airport,LY,9,28.1,22.1,34.1,5.2,,1015.3,16312.0,32.6667,13.15
62010,Tripoli Inter-National Airport,LY,10,23.5,17.9,29.1,18.1,,1015.4,14125.7,32.6667,13.15
62010,Tripoli Inter-National Airport,LY,11,18.6,12.4,24.7,35.2,,1017.7,10987.5,32.6667,13.15
62010,Tripoli Inter-National Airport,LY,12,14.6,9.6,19.7,42.6,,1019.7,9794.1,32.6667,13.15
62016,Misurata,LY,1,14.0,9.9,18.2,50.5,,1019.6,12131.2,32.4167,15.05
62016,Misurata,LY,2,14.8,10.2,19.3,37.7,,1019.2,12765.0,32.4167,15.05
62016,Misurata,LY,3,16.6,12.0,21.2,22.2,,1016.8,14520.0,32.4167,15.05
62016,Misurata,LY,4,19.0,13.7,24.2,12.1,,1014.4,15856.4,32.4167,15.05
62016,Misurata,LY,5,22.1,17.2,27.0,5.0,,1015.0,18484.3,32.4167,15.05
62016,Misurata,LY,6,25.6,20.7,30.6,2.4,,1015.0,19572.9,32.4167,15.05
62016,Misurata,LY,7,27.4,23.0,31.7,0.2,,1014.6,22413.8,32.4167,15.05
62016,Misurata,LY,8,28.3,24.0,32.6,0.4,,1014.7,21085.0,32.4167,15.05
62016,Misurata,LY,9,27.7,23.4,32.0,6.4,,1015.4,17010.0,32.4167,15.05
62016,Misurata,LY,10,23.9,19.5,28.3,30.8,,1016.2,14936.2,32.4167,15.05
62016,Misurata,LY,11,19.6,15.1,24.1,29.5,,1017.5,12871.8,32.4167,15.05
62016,Misurata,LY,12,15.7,11.4,20.0,48.0,,1018.4,11865.9,32.4167,15.05
62019,Sirte,LY,1,,,,39.5,,1019.3,12360.0,31.2,16.5833
62019,Sirte,LY,2,,,,32.7,,1018.2,12666.7,31.2,16.5833
62019,Sirte,LY,3,,,,9.6,,1015.9,15558.0,31.2,16.5833
62019,Sirte,LY,4,,,,3.3,,1014.0,15506.7,31.2,16.5833
62019,Sirte,LY,5,,,,3.0,,1013.7,16830.0,31.2,16.5833
62019,Sirte,LY,6,,,,2.3,,1013.9,17901.8,31.2,16.5833
62019,Sirte,LY,7,,,,0.0,,1014.0,21950.0,31.2,16.5833
62019,Sirte,LY,8,,,,0.4,,1013.5,21273.3,31.2,16.5833
62019,Sirte,LY,9,,,,6.1,,1015.1,17629.1,31.2,16.5833
62019,Sirte,LY,10,,,,15.3,,1015.5,15540.0,31.2,16.5833
62019,Sirte,LY,11,,,,16.1,,1017.2,12741.8,31.2,16.5833
62019,Sirte,LY,12,,,,51.5,,1018.9,10227.3,31.2,16.5833
62053,Benina,LY,1,,,,64.5,,1019.4,11160.0,32.1,20.2667
62053,Benina,LY,2,,,,47.4,,1018.6,12015.0,32.1,20.2667
62053,Benina,LY,3,,,,20.2,,1016.9,15381.4,32.1,20.2667
62053,Benina,LY,4,,,,6.8,,1015.1,16405.7,32.1,20.2667
62053,Benina,LY,5,,,,3.2,,1014.6,18792.9,32.1,20.2667
62053,Benina,LY,6,,,,0.3,,1014.5,20682.9,32.1,20.2667
62053,Benina,LY,7,,,,0.0,,1013.6,22238.6,32.1,20.2667
62053,Benina,LY,8,,,,0.3,,1013.5,21041.5,32.1,20.2667
62053,Benina,LY,9,,,,3.5,,1015.6,18320.0,32.1,20.2667
62053,Benina,LY,10,,,,16.3,,1017.0,16335.0,32.1,20.2667
62053,Benina,LY,11,,,,32.9,,1018.0,12648.0,32.1,20.2667
62053,Benina,LY,12,,,,66.4,,1018.9,10020.0,32.1,20.2667
62103,Ghadames,LY,1,12.0,5.6,18.5,5.6,,,,30.1333,9.5
62103,Ghadames,LY,2,14.2,6.9,21.6,5.3,,,,30.1333,9.5
62103,Ghadames,LY,3,18.4,11.3,25.4,6.6,,,,30.1333,9.5
62103,Ghadames,LY,4,22.8,15.3,30.4,3.2,,,,30.1333,9.5
62103,Ghadames,LY,5,28.2,20.6,35.7,0.9,,,,30.1333,9.5
62103,Ghadames,LY,6,32.1,24.1,40.1,0.9,,,,30.1333,9.5
62103,Ghadames,LY,7,33.3,25.3,41.3,0.0,,,,30.1333,9.5
62103,Ghadames,LY,8,33.2,24.7,41.7,0.1,,,,30.1333,9.5
62103,Ghadames,LY,9,30.8,23.4,38.1,3.0,,,,30.1333,9.5
62103,Ghadames,LY,10,24.2,17.4,31.1,4.1,,,,30.1333,9.5
62103,Ghadames,LY,11,17.2,10.5,24.0,1.2,,,,30.1333,9.5
62103,Ghadames,LY,12,13.0,6.3,19.7,5.4,,,,30.1333,9.5
62120,Gariat El-Sharghia,LY,1,,,,7.2,,,,30.3833,13.5833
62120,Gariat El-Sharghia,LY,2,,,,0.2,,,,30.3833,13.5833
62120,Gariat El-Sharghia,LY,3,,,,6.9,,,,30.3833,13.5833
62120,Gariat El-Sharghia,LY,4,,,,3.6,,,,30.3833,13.5833
62120,Gariat El-Sharghia,LY,5,,,,4.4,,,,30.3833,13.5833
62120,Gariat El-Sharghia,LY,6,,,,1.4,,,,30.3833,13.5833
62120,Gariat El-Sharghia,LY,7,,,,0.9,,,,30.3833,13.5833
62120,Gariat El-Sharghia,LY,8,,,,0.2,,,,30.3833,13.5833
62120,Gariat El-Sharghia,LY,9,,,,2.9,,,,30.3833,13.5833
62120,Gariat El-Sharghia,LY,10,,,,36.2,,,,30.3833,13.5833
62120,Gariat El-Sharghia,LY,11,,,,4.3,,,,30.3833,13.5833
62120,Gariat El-Sharghia,LY,12,,,,5.3,,,,30.3833,13.5833
62124,Sebha,LY,1,,,,2.9,,1021.2,15547.5,27.0167,14.45
62124,Sebha,LY,2,,,,1.1,,1018.1,14763.8,27.0167,14.45
62124,Sebha,LY,3,,,,1.2,,1015.0,16950.0,27.0167,14.45
62124,Sebha,LY,4,,,,0.9,,1011.3,16315.7,27.0167,14.45
62124,Sebha,LY,5,,,,0.9,,1010.8,18012.9,27.0167,14.45
62124,Sebha,LY,6,,,,0.2,,1010.0,20888.6,27.0167,14.45
62124,Sebha,LY,7,,,,0.0,,1010.5,22950.0,27.0167,14.45
62124,Sebha,LY,8,,,,0.0,,1010.0,21964.6,27.0167,14.45
62124,Sebha,LY,9,,,,0.4,,1012.1,18655.0,27.0167,14.45
62124,Sebha,LY,10,,,,0.4,,1014.6,17572.5,27.0167,14.45
62124,Sebha,LY,11,,,,1.1,,1016.8,15844.6,27.0167,14.45
62124,Sebha,LY,12,,,,0.8,,1019.6,14816.2,27.0167,14.45
62131,Hon,LY,1,,,,4.8,,1020.2,14252.3,29.1167,15.95
62131,Hon,LY,2,,,,3.1,,1018.5,14515.0,29.1167,15.95
62131,Hon,LY,3,,,,1.8,,1016.6,16500.0,29.1167,15.95
62131,Hon,LY,4,,,,5.8,,1013.5,16938.5,29.1167,15.95
62131,Hon,LY,5,,,,0.6,,1013.2,19107.3,29.1167,15.95
62131,Hon,LY,6,,,,1.4,,1013.1,21383.1,29.1167,15.95
62131,Hon,LY,7,,,,0.0,,1012.7,23170.9,29.1167,15.95
62131,Hon,LY,8,,,,0.0,,1012.6,22150.9,29.1167,15.95
62131,Hon,LY,9,,,,0.3,,1014.2,17989.1,29.1167,15.95
62131,Hon,LY,10,,,,1.5,,1016.4,16661.5,29.1167,15.95
62131,Hon,LY,11,,,,5.3,,1017.7,15004.3,29.1167,15.95
62131,Hon,LY,12,,,,2.5,,1020.2,13896.9,29.1167,15.95
62161,Jalo,LY,1,,,,2.0,,,,29.0333,21.5667
62161,Jalo,LY,2,,,,0.3,,,,29.0333,21.5667
62161,Jalo,LY,3,,,,0.0,,,,29.0333,21.5667
62161,Jalo,LY,4,,,,0.0,,,,29.0333,21.5667
62161,Jalo,LY,5,,,,0.4,,,,29.0333,21.5667
62161,Jalo,LY,6,,,,0.0,,,,29.0333,21.5667
62161,Jalo,LY,7,,,,0.0,,,,29.0333,21.5667
62161,Jalo,LY,8,,,,0.0,,,,29.0333,21.5667
62161,Jalo,LY,9,,,,0.0,,,,29.0333,21.5667
62161,Jalo,LY,10,,,,0.0,,,,29.0333,21.5667
62161,Jalo,LY,11,,,,0.0,,,,29.0333,21.5667
62161,Jalo,LY,12,,,,0.4,,,,29.0333,21.5667
62271,Kufra,LY,1,,,,0.3,,1022.5,,24.2167,23.3
62271,Kufra,LY,2,,,,0.0,,1020.9,,24.2167,23.3
62271,Kufra,LY,3,,,,0.2,,1017.7,,24.2167,23.3
62271,Kufra,LY,4,,,,0.3,,1014.3,,24.2167,23.3
62271,Kufra,LY,5,,,,0.0,,1013.4,,24.2167,23.3
62271,Kufra,LY,6,,,,0.0,,1012.6,,24.2167,23.3
62271,Kufra,LY,7,,,,0.0,,1011.7,,24.2167,23.3
62271,Kufra,LY,8,,,,0.0,,1011.5,,24.2167,23.3
62271,Kufra,LY,9,,,,0.0,,1015.1,,24.2167,23.3
62271,Kufra,LY,10,,,,0.1,,1017.2,,24.2167,23.3
62271,Kufra,LY,11,,,,0.0,,1019.8,,24.2167,23.3
62271,Kufra,LY,12,,,,0.0,,1021.8,,24.2167,23.3
62306,Mersa Matruh,EG,1,14.1,9.8,18.4,34.8,,1019.1,12430.9,31.3333,27.2167
62306,Mersa Matruh,EG,2,14.3,9.8,18.8,22.1,,1018.2,12618.0,31.3333,27.2167
62306,Mersa Matruh,EG,3,15.9,11.3,20.5,9.9,,1017.0,15815.5,31.3333,27.2167
62306,Mersa Matruh,EG,4,18.2,13.4,23.1,2.6,,1014.8,16998.0,31.3333,27.2167
62306,Mersa Matruh,EG,5,21.0,16.3,25.7,1.2,,1014.6,20248.2,31.3333,27.2167
62306,Mersa Matruh,EG,6,23.8,19.7,27.9,0.0,,1012.7,21811.6,31.3333,27.2167
62306,Mersa Matruh,EG,7,26.0,22.0,30.0,0.0,,1010.4,22293.3,31.3333,27.2167
62306,Mersa Matruh,EG,8,26.7,22.5,30.9,0.0,,1010.5,21575.3,31.3333,27.2167
62306,Mersa Matruh,EG,9,25.8,21.7,29.9,1.0,,1013.9,19056.0,31.3333,27.2167
62306,Mersa Matruh,EG,10,23.1,18.7,27.5,8.3,,1016.5,17103.3,31.3333,27.2167
62306,Mersa Matruh,EG,11,19.2,14.7,23.6,22.7,,1018.3,14141.1,31.3333,27.2167
62306,Mersa Matruh,EG,12,15.8,11.4,20.1,41.7,,1019.2,12328.4,31.3333,27.2167
62318,Alexandria / Nouzha,EG,1,,,18.5,76.7,,,,31.2,29.95
62318,Alexandria / Nouzha,EG,2,,,19.8,35.4,,,,31.2,29.95
62318,Alexandria / Nouzha,EG,3,,,22.2,30.5,,,,31.2,29.95
62318,Alexandria / Nouzha,EG,4,,,24.4,3.6,,,,31.2,29.95
62318,Alexandria / Nouzha,EG,5,,,27.7,0.9,,,,31.2,29.95
62318,Alexandria / Nouzha,EG,6,,,29.3,0.0,,,,31.2,29.95
62318,Alexandria / Nouzha,EG,7,,,30.6,0.0,,,,31.2,29.95
62318,Alexandria / Nouzha,EG,8,,,31.4,0.0,,,,31.2,29.95
62318,Alexandria / Nouzha,EG,9,,,30.8,0.2,,,,31.2,29.95
62318,Alexandria / Nouzha,EG,10,,,28.3,9.6,,,,31.2,29.95
62318,Alexandria / Nouzha,EG,11,,,24.6,39.1,,,,31.2,29.95
62318,Alexandria / Nouzha,EG,12,,,21.0,53.2,,,,31.2,29.95
62337,El Arish,EG,1,13.4,7.5,19.4,24.8,,1018.1,,31.0833,33.8167
62337,El Arish,EG,2,14.3,8.3,20.3,14.1,,1017.1,,31.0833,33.8167
62337,El Arish,EG,3,16.3,10.0,22.6,10.6,,1015.5,,31.0833,33.8167
62337,El Arish,EG,4,18.9,12.2,25.6,2.5,,1013.5,,31.0833,33.8167
62337,El Arish,EG,5,21.8,15.4,28.2,0.4,,1012.3,,31.0833,33.8167
62337,El Arish,EG,6,25.0,18.9,31.0,0.0,,1009.8,,31.0833,33.8167
62337,El Arish,EG,7,27.0,21.2,32.7,0.0,,1007.3,,31.0833,33.8167
62337,El Arish,EG,8,27.2,21.6,32.8,0.0,,1008.0,,31.0833,33.8167
62337,El Arish,EG,9,25.8,20.1,31.5,0.0,,1011.7,,31.0833,33.8167
62337,El Arish,EG,10,22.8,17.2,28.5,6.5,,1014.5,,31.0833,33.8167
62337,El Arish,EG,11,19.0,12.6,25.5,8.5,,1016.5,,31.0833,33.8167
62337,El Arish,EG,12,15.2,8.9,21.6,16.4,,1018.1,,31.0833,33.8167
62366,Cairo International Airport,EG,1,,,,8.2,,,,30.1333,31.4
62366,Cairo International Airport,EG,2,,,,4.1,,,,30.1333,31.4
62366,Cairo International Airport,EG,3,,,,10.8,,,,30.1333,31.4
62366,Cairo International Airport,EG,4,,,,1.0,,,,30.1333,31.4
62366,Cairo International Airport,EG,5,,,,0.5,,,,30.1333,31.4
62366,Cairo International Airport,EG,6,,,,0.0,,,,30.1333,31.4
62366,Cairo International Airport,EG,7,,,,0.0,,,,30.1333,31.4
62366,Cairo International Airport,EG,8,,,,0.0,,,,30.1333,31.4
62366,Cairo International Airport,EG,9,,,,0.0,,,,30.1333,31.4
62366,Cairo International Airport,EG,10,,,,0.2,,,,30.1333,31.4
62366,Cairo International Airport,EG,11,,,,4.2,,,,30.1333,31.4
62366,Cairo International Airport,EG,12,,,,4.4,,,,30.1333,31.4
62378,Helwan,EG,1,14.5,9.6,19.4,5.9,,1018.6,12873.8,29.8667,31.3333
62378,Helwan,EG,2,15.4,10.1,20.8,5.4,,1017.6,12971.2,29.8667,31.3333
62378,Helwan,EG,3,18.4,12.6,24.2,9.8,,1015.7,16291.4,29.8667,31.3333
62378,Helwan,EG,4,22.0,15.5,28.5,0.5,,1013.5,16849.1,29.8667,31.3333
62378,Helwan,EG,5,25.8,19.0,32.7,0.6,,1012.0,19545.0,29.8667,31.3333
62378,Helwan,EG,6,28.2,21.2,35.1,0.0,,1010.5,20396.8,29.8667,31.3333
62378,Helwan,EG,7,29.4,22.8,36.0,0.0,,1008.5,21285.9,29.8667,31.3333
62378,Helwan,EG,8,29.4,23.0,35.9,0.0,,1008.7,20503.3,29.8667,31.3333
62378,Helwan,EG,9,28.0,21.9,34.2,0.0,,1011.8,18558.9,29.8667,31.3333
62378,Helwan,EG,10,24.8,19.3,30.3,1.0,,1014.8,17724.7,29.8667,31.3333
62378,Helwan,EG,11,20.4,15.4,25.5,1.1,,1016.6,15549.5,29.8667,31.3333
62378,Helwan,EG,12,16.2,11.3,21.2,7.4,,1018.6,13240.0,29.8667,31.3333
62387,Minya,EG,1,,,20.4,0.7,,,,28.0833,30.7333
62387,Minya,EG,2,,,22.5,4.3,,,,28.0833,30.7333
62387,Minya,EG,3,,,26.1,0.1,,,,28.0833,30.7333
62387,Minya,EG,4,,,30.4,0.1,,,,28.0833,30.7333
62387,Minya,EG,5,,,35.1,0.2,,,,28.0833,30.7333
62387,Minya,EG,6,,,37.2,0.0,,,,28.0833,30.7333
62387,Minya,EG,7,,,37.2,0.0,,,,28.0833,30.7333
62387,Minya,EG,8,,,37.5,2.9,,,,28.0833,30.7333
62387,Minya,EG,9,,,35.4,4.5,,,,28.0833,30.7333
62387,Minya,EG,10,,,31.3,2.4,,,,28.0833,30.7333
62387,Minya,EG,11,,,26.0,0.0,,,,28.0833,30.7333
62387,Minya,EG,12,,,21.6,10.4,,,,28.0833,30.7333
62414,Asswan,EG,1,16.8,10.1,23.6,0.2,,1017.7,17168.0,23.9667,32.7833
62414,Asswan,EG,2,18.9,11.8,26.0,0.0,,1016.4,17200.0,23.9667,32.7833
62414,Asswan,EG,3,22.8,15.5,30.0,0.7,,1014.0,18831.0,23.9667,32.7833
62414,Asswan,EG,4,27.6,19.8,35.5,0.3,,1010.3,18750.0,23.9667,32.7833
62414,Asswan,EG,5,32.0,24.4,39.5,0.2,,1008.7,20280.0,23.9667,32.7833
62414,Asswan,EG,6,34.1,26.7,41.5,0.0,,1006.9,22080.0,23.9667,32.7833
62414,Asswan,EG,7,35.0,28.0,42.0,0.0,,1005.2,22710.0,23.9667,32.7833
62414,Asswan,EG,8,34.9,28.0,41.8,0.0,,1005.8,21716.5,23.9667,32.7833
62414,Asswan,EG,9,33.0,25.8,40.2,0.0,,1008.1,19297.9,23.9667,32.7833
62414,Asswan,EG,10,29.6,22.9,36.3,0.8,,1011.1,19309.4,23.9667,32.7833
62414,Asswan,EG,11,22.6,15.5,29.8,0.0,,1014.4,18240.0,23.9667,32.7833
62414,Asswan,EG,12,18.1,11.6,24.6,0.0,,1016.5,17414.1,23.9667,32.7833
62417,Siwa,EG,1,13.5,6.8,20.2,1.5,,1019.2,15780.0,29.2,25.3167
62417,Siwa,EG,2,14.9,8.0,21.8,1.0,,1018.1,15250.0,29.2,25.3167
62417,Siwa,EG,3,18.4,11.1,25.6,0.4,,1016.1,18056.0,29.2,25.3167
62417,Siwa,EG,4,22.6,14.9,30.2,0.4,,1013.5,18166.7,29.2,25.3167
62417,Siwa,EG,5,26.2,18.1,34.4,0.0,,1012.7,20629.4,29.2,25.3167
62417,Siwa,EG,6,29.7,21.6,37.8,0.0,,1011.2,20448.0,29.2,25.3167
62417,Siwa,EG,7,31.2,23.3,39.1,0.0,,1009.2,23524.6,29.2,25.3167
62417,Siwa,EG,8,31.2,23.6,38.7,0.0,,1009.6,22813.8,29.2,25.3167
62417,Siwa,EG,9,29.0,21.8,36.2,0.0,,1012.6,19725.0,29.2,25.3167
62417,Siwa,EG,10,24.2,17.1,31.3,0.1,,1015.8,18801.2,29.2,25.3167
62417,Siwa,EG,11,18.6,11.6,25.6,0.1,,1017.9,17390.8,29.2,25.3167
62417,Siwa,EG,12,14.6,7.8,21.3,0.0,,1019.6,15905.5,29.2,25.3167
62432,Dakela,EG,1,,,23.3,0.0,,,,25.4833,29.0
62432,Dakela,EG,2,,,24.5,0.4,,,,25.4833,29.0
62432,Dakela,EG,3,,,27.7,0.4,,,,25.4833,29.0
62432,Dakela,EG,4,,,34.1,0.0,,,,25.4833,29.0
62432,Dakela,EG,5,,,37.1,0.0,,,,25.4833,29.0
62432,Dakela,EG,6,,,39.9,1.6,,,,25.4833,29.0
62432,Dakela,EG,7,,,40.7,0.0,,,,25.4833,29.0
62432,Dakela,EG,8,,,40.6,0.0,,,,25.4833,29.0
62432,Dakela,EG,9,,,38.5,0.0,,,,25.4833,29.0
62432,Dakela,EG,10,,,34.5,0.0,,,,25.4833,29.0
62432,Dakela,EG,11,,,28.5,0.0,,,,25.4833,29.0
62432,Dakela,EG,12,,,23.5,0.2,,,,25.4833,29.0
62435,Kharga,EG,1,14.8,6.8,22.8,0.2,,1017.9,17163.8,25.45,30.5333
62435,Kharga,EG,2,17.0,8.8,25.1,0.1,,1016.8,16354.3,25.45,30.5333
62435,Kharga,EG,3,20.6,12.1,29.1,0.1,,1014.1,18519.0,25.45,30.5333
62435,Kharga,EG,4,25.8,17.3,34.4,0.0,,1011.0,18302.9,25.45,30.5333
62435,Kharga,EG,5,30.4,22.1,38.6,1.8,,1009.2,20636.7,25.45,30.5333
62435,Kharga,EG,6,32.4,24.4,40.4,1.2,,1007.4,21440.0,25.45,30.5333
62435,Kharga,EG,7,33.0,24.8,41.3,0.0,,1005.6,21628.2,25.45,30.5333
62435,Kharga,EG,8,33.3,25.3,41.3,0.0,,1006.2,21528.8,25.45,30.5333
62435,Kharga,EG,9,31.4,23.8,38.9,0.0,,1009.2,19347.0,25.45,30.5333
62435,Kharga,EG,10,27.4,20.0,34.8,0.0,,1012.5,18912.0,25.45,30.5333
62435,Kharga,EG,11,21.6,13.9,29.3,0.0,,1015.2,17767.1,25.45,30.5333
62435,Kharga,EG,12,16.6,8.7,24.6,0.0,,1017.8,17096.0,25.45,30.5333
62463,Hurguada,EG,1,16.8,11.5,22.0,4.9,,,,27.15,33.7167
62463,Hurguada,EG,2,18.4,13.1,23.7,0.0,,,,27.15,33.7167
62463,Hurguada,EG,3,20.2,15.4,25.1,0.5,,,,27.15,33.7167
62463,Hurguada,EG,4,24.1,18.5,29.7,0.0,,,,27.15,33.7167
62463,Hurguada,EG,5,28.4,23.1,33.8,0.1,,,,27.15,33.7167
62463,Hurguada,EG,6,31.2,25.8,36.6,0.0,,,,27.15,33.7167
62463,Hurguada,EG,7,32.6,27.9,37.2,0.0,,,,27.15,33.7167
62463,Hurguada,EG,8,32.7,28.0,37.4,2.8,,,,27.15,33.7167
62463,Hurguada,EG,9,30.8,25.9,35.6,0.0,,,,27.15,33.7167
62463,Hurguada,EG,10,27.4,22.5,32.4,9.0,,,,27.15,33.7167
62463,Hurguada,EG,11,23.0,18.2,27.8,5.8,,,,27.15,33.7167
62463,Hurguada,EG,12,18.8,13.8,23.8,0.0,,,,27.15,33.7167
62600,Wadi Halfa,SD,1,17.6,11.4,23.8,0.0,,1017.0,17497.1,21.8167,31.4833
62600,Wadi Halfa,SD,2,19.4,12.9,26.0,0.1,,1016.2,16830.0,21.8167,31.4833
62600,Wadi Halfa,SD,3,23.3,16.1,30.5,0.1,,1013.3,17732.5,21.8167,31.4833
62600,Wadi Halfa,SD,4,28.4,20.6,36.2,0.1,,1009.9,18589.6,21.8167,31.4833
62600,Wadi Halfa,SD,5,32.4,24.8,40.0,0.1,,1008.5,18923.5,21.8167,31.4833
62600,Wadi Halfa,SD,6,33.7,26.2,41.2,0.1,,1007.0,20136.5,21.8167,31.4833
62600,Wadi Halfa,SD,7,34.2,26.7,41.6,0.1,,1005.9,20591.4,21.8167,31.4833
62600,Wadi Halfa,SD,8,34.8,27.7,41.8,0.8,,1006.3,19137.1,21.8167,31.4833
62600,Wadi Halfa,SD,9,33.1,26.3,39.9,0.1,,1008.4,17600.0,21.8167,31.4833
62600,Wadi Halfa,SD,10,30.0,23.5,36.4,0.1,,1010.6,18665.5,21.8167,31.4833
62600,Wadi Halfa,SD,11,24.0,17.4,30.5,0.0,,1013.9,18005.7,21.8167,31.4833
62600,Wadi Halfa,SD,12,19.3,12.8,25.8,0.0,,1016.7,18075.0,21.8167,31.4833
62640,Abu Hamed,SD,1,20.8,13.2,28.5,0.1,,1013.6,17850.0,19.5333,33.3167
62640,Abu Hamed,SD,2,23.2,14.6,31.7,0.0,,1012.8,16762.1,19.5333,33.3167
62640,Abu Hamed,SD,3,26.2,17.6,34.9,0.0,,1009.8,18543.2,19.5333,33.3167
62640,Abu Hamed,SD,4,31.0,22.4,39.5,0.2,,1006.2,18438.0,19.5333,33.3167
62640,Abu Hamed,SD,5,34.2,25.8,42.6,0.9,,1005.3,18326.7,19.5333,33.3167
62640,Abu Hamed,SD,6,35.8,27.8,43.9,0.1,,1004.0,18084.7,19.5333,33.3167
62640,Abu Hamed,SD,7,35.5,28.0,43.0,3.3,,1004.0,18188.0,19.5333,33.3167
62640,Abu Hamed,SD,8,35.8,28.9,42.8,22.1,,1004.3,16396.0,19.5333,33.3167
62640,Abu Hamed,SD,9,35.6,28.2,43.1,1.4,,1005.5,15349.1,19.5333,33.3167
62640,Abu Hamed,SD,10,32.5,24.8,40.2,0.3,,1007.3,17914.3,19.5333,33.3167
62640,Abu Hamed,SD,11,27.4,20.1,34.8,0.0,,1010.2,17409.5,19.5333,33.3167
62640,Abu Hamed,SD,12,22.8,15.3,30.2,0.0,,1013.2,17973.3,19.5333,33.3167
62641,Port Sudan,SD,1,23.5,19.6,27.4,4.9,,1014.9,11725.3,19.5833,37.2167
62641,Port Sudan,SD,2,23.9,19.6,28.2,0.2,,1014.3,12051.8,19.5833,37.2167
62641,Port Sudan,SD,3,24.7,19.7,29.7,0.5,,1012.1,16146.3,19.5833,37.2167
62641,Port Sudan,SD,4,27.4,22.0,32.9,3.4,,1009.8,16848.0,19.5833,37.2167
62641,Port Sudan,SD,5,31.2,24.9,37.4,1.2,,1008.3,18474.5,19.5833,37.2167
62641,Port Sudan,SD,6,34.0,27.4,40.7,0.4,,1006.0,15570.0,19.5833,37.2167
62641,Port Sudan,SD,7,36.8,30.6,43.1,6.3,,1004.5,13857.3,19.5833,37.2167
62641,Port Sudan,SD,8,37.1,31.4,42.8,4.1,,1005.2,12825.7,19.5833,37.2167
62641,Port Sudan,SD,9,34.0,28.4,39.7,0.8,,1007.2,15486.0,19.5833,37.2167
62641,Port Sudan,SD,10,30.6,26.1,35.2,11.9,,1010.6,16488.0,19.5833,37.2167
62641,Port Sudan,SD,11,27.9,24.2,31.6,28.0,,1012.3,13477.9,19.5833,37.2167
62641,Port Sudan,SD,12,25.8,22.3,29.2,18.4,,1014.5,11756.2,19.5833,37.2167
62650,Dongola,SD,1,18.6,10.0,27.3,0.1,,1015.8,17968.4,19.1667,30.4833
62650,Dongola,SD,2,21.4,12.5,30.2,0.0,,1014.5,16696.7,19.1667,30.4833
62650,Dongola,SD,3,24.7,15.5,33.9,0.0,,1011.9,18258.0,19.1667,30.4833
62650,Dongola,SD,4,29.8,20.4,39.3,0.0,,1008.3,18742.1,19.1667,30.4833
62650,Dongola,SD,5,33.3,24.4,42.2,0.2,,1007.4,19046.7,19.1667,30.4833
62650,Dongola,SD,6,34.7,26.1,43.3,0.1,,1006.2,19676.8,19.1667,30.4833
62650,Dongola,SD,7,35.2,27.1,43.3,6.3,,1005.4,18700.0,19.1667,30.4833
62650,Dongola,SD,8,35.8,28.4,43.3,4.2,,1005.7,17025.9,19.1667,30.4833
62650,Dongola,SD,9,34.7,27.0,42.4,0.8,,1006.9,15739.1,19.1667,30.4833
62650,Dongola,SD,10,31.5,23.4,39.6,0.2,,1009.0,18224.2,19.1667,30.4833
62650,Dongola,SD,11,24.8,16.6,33.0,0.0,,1012.4,18214.7,19.1667,30.4833
62650,Dongola,SD,12,20.0,11.6,28.5,0.0,,1015.4,18073.3,19.1667,30.4833
62660,Karima,SD,1,20.8,13.1,28.6,0.1,,1015.2,18687.0,18.55,31.85
62660,Karima,SD,2,23.0,14.6,31.5,0.0,,1013.2,17448.0,18.55,31.85
62660,Karima,SD,3,26.2,17.2,35.1,0.0,,1011.3,18579.1,18.55,31.85
62660,Karima,SD,4,30.8,22.0,39.6,0.0,,1007.8,17997.3,18.55,31.85
62660,Karima,SD,5,34.5,25.9,43.1,0.7,,1006.9,17653.0,18.55,31.85
62660,Karima,SD,6,35.7,27.3,44.1,0.1,,1005.7,18342.9,18.55,31.85
62660,Karima,SD,7,35.6,28.0,43.3,5.7,,1005.5,16800.0,18.55,31.85
62660,Karima,SD,8,35.6,28.6,42.5,13.4,,1005.7,14411.4,18.55,31.85
62660,Karima,SD,9,35.7,28.3,43.1,1.7,,1006.8,15451.3,18.55,31.85
62660,Karima,SD,10,32.7,25.2,40.2,0.8,,1008.4,18077.1,18.55,31.85
62660,Karima,SD,11,26.7,19.1,34.3,0.0,,1011.8,18407.4,18.55,31.85
62660,Karima,SD,12,22.2,14.7,29.8,0.0,,1014.9,18257.6,18.55,31.85
62680,Atbara,SD,1,22.7,14.6,30.8,0.1,,1012.3,18060.0,17.7,33.9667
62680,Atbara,SD,2,24.9,16.2,33.6,0.0,,1011.0,16543.3,17.7,33.9667
62680,Atbara,SD,3,27.5,18.5,36.5,0.1,,1008.6,18684.0,17.7,33.9667
62680,Atbara,SD,4,31.9,22.9,40.9,0.3,,1005.6,18246.0,17.7,33.9667
62680,Atbara,SD,5,35.0,26.7,43.3,1.8,,1004.8,18078.0,17.7,33.9667
62680,Atbara,SD,6,36.2,28.5,43.8,0.3,,1004.4,16329.0,17.7,33.9667
62680,Atbara,SD,7,35.0,28.0,42.0,12.6,,1004.9,14835.0,17.7,33.9667
62680,Atbara,SD,8,34.3,27.7,40.9,29.5,,1005.4,13803.2,17.7,33.9667
62680,Atbara,SD,9,35.0,27.9,42.1,5.5,,1005.5,14730.0,17.7,33.9667
62680,Atbara,SD,10,33.2,25.9,40.4,6.0,,1006.6,17560.0,17.7,33.9667
62680,Atbara,SD,11,28.8,21.4,36.2,0.0,,1008.8,17940.0,17.7,33.9667
62680,Atbara,SD,12,24.4,16.4,32.4,0.0,,1011.7,18060.0,17.7,33.9667
62721,Khartoum,SD,1,23.9,16.5,31.3,0.0,,1011.8,,15.6,32.55
62721,Khartoum,SD,2,26.5,18.9,34.1,0.0,,1010.2,,15.6,32.55
62721,Khartoum,SD,3,29.0,21.0,37.0,0.1,,1008.0,,15.6,32.55
62721,Khartoum,SD,4,32.8,24.9,40.7,0.8,,1005.2,,15.6,32.55
62721,Khartoum,SD,5,35.0,27.9,42.1,5.4,,1005.1,,15.6,32.55
62721,Khartoum,SD,6,35.1,28.5,41.7,3.1,,1005.2,,15.6,32.55
62721,Khartoum,SD,7,32.6,26.8,38.5,31.9,,1006.4,,15.6,32.55
62721,Khartoum,SD,8,31.2,25.6,36.8,53.2,,1007.3,,15.6,32.55
62721,Khartoum,SD,9,32.8,26.9,38.8,24.2,,1006.8,,15.6,32.55
62721,Khartoum,SD,10,32.8,26.5,39.0,9.3,,1006.5,,15.6,32.55
62721,Khartoum,SD,11,29.3,22.5,36.1,0.0,,1009.0,,15.6,32.55
62721,Khartoum,SD,12,25.3,17.9,32.7,0.0,,1011.7,,15.6,32.55
62730,Kassala,SD,1,25.6,17.3,34.0,0.1,,1011.4,18420.0,15.4667,36.4
62730,Kassala,SD,2,27.9,19.4,36.4,0.0,,1010.1,17107.8,15.4667,36.4
62730,Kassala,SD,3,29.8,20.9,38.6,0.1,,1008.2,18427.5,15.4667,36.4
62730,Kassala,SD,4,32.9,24.5,41.3,2.5,,1006.3,18048.6,15.4667,36.4
62730,Kassala,SD,5,34.2,26.7,41.6,7.7,,1006.8,17908.6,15.4667,36.4
62730,Kassala,SD,6,33.2,26.3,40.0,23.9,,1007.7,15737.1,15.4667,36.4
62730,Kassala,SD,7,30.4,24.2,36.5,69.0,,1009.3,14420.0,15.4667,36.4
62730,Kassala,SD,8,28.9,23.4,34.4,91.5,,1010.4,14120.0,15.4667,36.4
62730,Kassala,SD,9,30.4,24.1,36.7,41.5,,1009.3,15915.7,15.4667,36.4
62730,Kassala,SD,10,31.9,25.1,38.7,5.4,,1009.0,17705.7,15.4667,36.4
62730,Kassala,SD,11,30.1,22.9,37.3,0.3,,1009.5,18094.7,15.4667,36.4
62730,Kassala,SD,12,27.0,19.2,34.9,0.0,,1011.0,18960.0,15.4667,36.4
62733,Halfa El Gedida,SD,1,24.6,15.5,33.6,0.2,,1011.0,17516.0,15.3167,35.6
62733,Halfa El Gedida,SD,2,27.0,17.7,36.3,0.0,,1009.4,16237.5,15.3167,35.6
62733,Halfa El Gedida,SD,3,28.6,18.7,38.6,1.4,,1007.7,16488.8,15.3167,35.6
62733,Halfa El Gedida,SD,4,32.4,23.2,41.7,3.2,,1005.4,15858.8,15.3167,35.6
62733,Halfa El Gedida,SD,5,33.9,25.6,42.2,15.7,,1005.2,17171.2,15.3167,35.6
62733,Halfa El Gedida,SD,6,33.4,26.0,40.8,20.7,,1006.6,16575.0,15.3167,35.6
62733,Halfa El Gedida,SD,7,30.4,23.9,36.8,83.1,,1008.5,14314.3,15.3167,35.6
62733,Halfa El Gedida,SD,8,29.0,22.9,35.0,118.2,,1009.2,13245.0,15.3167,35.6
62733,Halfa El Gedida,SD,9,29.9,23.4,36.4,49.1,,1008.4,16383.8,15.3167,35.6
62733,Halfa El Gedida,SD,10,31.0,23.5,38.4,4.0,,1007.6,17876.0,15.3167,35.6
62733,Halfa El Gedida,SD,11,28.9,20.7,37.1,0.1,,1008.5,17807.1,15.3167,35.6
62733,Halfa El Gedida,SD,12,26.2,17.7,34.7,0.0,,1010.5,18152.3,15.3167,35.6
62750,Ed Dueim,SD,1,24.4,17.5,31.4,0.1,,1010.9,,14.0,32.3333
62750,Ed Dueim,SD,2,26.8,19.3,34.4,0.0,,1009.3,,14.0,32.3333
62750,Ed Dueim,SD,3,29.4,21.3,37.4,0.1,,1007.6,,14.0,32.3333
62750,Ed Dueim,SD,4,32.7,24.4,41.0,0.5,,1004.8,,14.0,32.3333
62750,Ed Dueim,SD,5,33.9,26.5,41.3,8.9,,1004.8,,14.0,32.3333
62750,Ed Dueim,SD,6,33.1,26.4,39.8,17.4,,1006.1,,14.0,32.3333
62750,Ed Dueim,SD,7,30.6,24.9,36.2,91.0,,1007.4,,14.0,32.3333
62750,Ed Dueim,SD,8,28.8,23.7,33.9,153.6,,1008.2,,14.0,32.3333
62750,Ed Dueim,SD,9,30.3,24.5,36.1,42.1,,1007.4,,14.0,32.3333
62750,Ed Dueim,SD,10,31.4,25.0,37.9,5.8,,1006.1,,14.0,32.3333
62750,Ed Dueim,SD,11,29.2,22.3,36.0,0.7,,1008.1,,14.0,32.3333
62750,Ed Dueim,SD,12,26.0,19.0,32.9,0.0,,1010.3,,14.0,32.3333
62751,Wad Medani,SD,1,24.6,15.5,33.8,0.6,,1011.5,18672.0,14.4,33.4833
62751,Wad Medani,SD,2,27.0,17.5,36.5,0.0,,1009.3,17106.7,14.4,33.4833
62751,Wad Medani,SD,3,29.2,19.6,38.9,0.0,,1007.8,18128.6,14.4,33.4833
62751,Wad Medani,SD,4,32.6,23.1,42.0,0.9,,1005.4,17770.9,14.4,33.4833
62751,Wad Medani,SD,5,33.6,25.0,42.2,14.5,,1005.6,16773.0,14.4,33.4833
62751,Wad Medani,SD,6,33.0,25.5,40.5,20.4,,1006.8,15583.6,14.4,33.4833
62751,Wad Medani,SD,7,30.0,23.4,36.6,101.0,,1008.6,12754.3,14.4,33.4833
62751,Wad Medani,SD,8,28.5,22.6,34.4,138.0,,1009.3,12829.6,14.4,33.4833
62751,Wad Medani,SD,9,29.3,22.6,36.0,42.5,,1008.3,15013.0,14.4,33.4833
62751,Wad Medani,SD,10,30.4,22.5,38.2,14.3,,1007.6,17950.9,14.4,33.4833
62751,Wad Medani,SD,11,28.2,18.9,37.4,0.8,,1008.9,18411.0,14.4,33.4833
62751,Wad Medani,SD,12,25.4,16.1,34.8,0.0,,1011.2,19280.0,14.4,33.4833
62752,Gedaref,SD,1,26.7,18.1,35.3,0.0,,1009.0,16733.7,14.0333,35.4
62752,Gedaref,SD,2,29.0,20.2,37.8,0.0,,1007.3,16032.6,14.0333,35.4
62752,Gedaref,SD,3,31.0,22.2,39.9,2.2,,1005.4,17157.5,14.0333,35.4
62752,Gedaref,SD,4,33.8,25.3,42.2,7.7,,1003.5,17402.7,14.0333,35.4
62752,Gedaref,SD,5,34.0,26.4,41.7,27.5,,1004.6,17454.5,14.0333,35.4
62752,Gedaref,SD,6,31.6,24.7,38.5,74.8,,1006.5,16068.0,14.0333,35.4
62752,Gedaref,SD,7,28.5,22.5,34.5,186.8,,1008.4,13143.0,14.0333,35.4
62752,Gedaref,SD,8,27.1,21.6,32.6,219.3,,1009.1,13496.8,14.0333,35.4
62752,Gedaref,SD,9,28.2,22.2,34.3,89.2,,1008.2,14760.0,14.0333,35.4
62752,Gedaref,SD,10,30.0,23.2,36.8,29.2,,1006.9,16178.2,14.0333,35.4
62752,Gedaref,SD,11,29.8,22.1,37.5,3.0,,1006.8,16433.3,14.0333,35.4
62752,Gedaref,SD,12,27.8,19.6,36.0,0.0,,1008.6,17163.3,14.0333,35.4
62760,El Fasher,SD,1,20.8,11.9,29.6,0.0,,1012.5,17925.7,13.6167,25.3333
62760,El Fasher,SD,2,23.6,14.3,32.9,0.0,,1010.8,16227.3,13.6167,25.3333
62760,El Fasher,SD,3,26.2,17.0,35.3,0.0,,1007.9,17757.5,13.6167,25.3333
62760,El Fasher,SD,4,29.6,20.9,38.2,1.2,,1005.9,16950.0,13.6167,25.3333
62760,El Fasher,SD,5,31.4,23.6,39.2,7.4,,1005.5,16194.8,13.6167,25.3333
62760,El Fasher,SD,6,31.8,24.8,38.8,15.6,,1005.7,14410.9,13.6167,25.3333
62760,El Fasher,SD,7,30.0,23.9,36.1,63.2,,1006.4,13511.4,13.6167,25.3333
62760,El Fasher,SD,8,28.4,23.0,33.8,112.5,,1007.3,13420.0,13.6167,25.3333
62760,El Fasher,SD,9,29.4,23.1,35.7,30.1,,1007.0,14405.5,13.6167,25.3333
62760,El Fasher,SD,10,28.8,21.6,36.1,5.5,,1007.4,17062.9,13.6167,25.3333
62760,El Fasher,SD,11,24.7,16.1,33.3,0.0,,1010.0,18618.0,13.6167,25.3333
62760,El Fasher,SD,12,21.4,12.3,30.4,0.0,,1012.4,19119.0,13.6167,25.3333
62762,Sennar,SD,1,23.5,13.8,33.2,0.1,,1009.5,18171.4,13.55,33.6167
62762,Sennar,SD,2,26.0,15.7,36.4,0.0,,1007.8,16541.1,13.55,33.6167
62762,Sennar,SD,3,28.6,18.0,39.2,1.2,,1005.8,17931.4,13.55,33.6167
62762,Sennar,SD,4,32.1,22.3,41.9,3.6,,1003.4,17270.0,13.55,33.6167
62762,Sennar,SD,5,33.3,25.3,41.3,18.6,,1004.6,16142.7,13.55,33.6167
62762,Sennar,SD,6,32.2,25.2,39.1,36.0,,1005.8,14451.4,13.55,33.6167
62762,Sennar,SD,7,29.4,23.3,35.6,124.5,,1007.6,11668.6,13.55,33.6167
62762,Sennar,SD,8,28.0,22.4,33.6,143.5,,1008.3,11682.9,13.55,33.6167
62762,Sennar,SD,9,28.9,22.7,35.1,70.6,,1007.2,13805.7,13.55,33.6167
62762,Sennar,SD,10,29.8,22.3,37.3,26.3,,1006.2,17087.4,13.55,33.6167
62762,Sennar,SD,11,27.2,17.8,36.7,0.3,,1007.0,17283.2,13.55,33.6167
62762,Sennar,SD,12,24.6,14.6,34.6,0.0,,1009.2,18745.3,13.55,33.6167
62770,Geneina,SD,1,21.8,12.5,31.0,0.0,,1012.1,18176.0,13.4833,22.45
62770,Geneina,SD,2,25.0,15.8,34.3,0.0,,1010.0,16288.0,13.4833,22.45
62770,Geneina,SD,3,27.3,18.2,36.4,0.1,,1008.2,16500.0,13.4833,22.45
62770,Geneina,SD,4,29.9,21.2,38.6,4.4,,1006.0,16057.5,13.4833,22.45
62770,Geneina,SD,5,30.6,22.5,38.8,17.2,,1006.8,15798.8,13.4833,22.45
62770,Geneina,SD,6,30.2,23.1,37.3,34.2,,1007.6,14622.9,13.4833,22.45
62770,Geneina,SD,7,27.2,21.3,33.1,183.8,,1009.3,12621.4,13.4833,22.45
62770,Geneina,SD,8,25.6,20.3,30.8,229.6,,1010.4,11692.0,13.4833,22.45
62770,Geneina,SD,9,27.0,20.5,33.6,69.8,,1009.7,13732.5,13.4833,22.45
62770,Geneina,SD,10,27.6,19.7,35.5,12.4,,1009.3,16787.1,13.4833,22.45
62770,Geneina,SD,11,25.0,16.3,33.8,0.1,,1010.1,18100.0,13.4833,22.45
62770,Geneina,SD,12,22.3,13.1,31.5,0.0,,1012.0,18458.6,13.4833,22.45
62771,El Obeid,SD,1,22.4,14.4,30.3,0.2,,1012.0,17656.4,13.1667,30.2333
62771,El Obeid,SD,2,24.9,16.8,33.0,0.0,,1010.4,16254.0,13.1667,30.2333
62771,El Obeid,SD,3,27.8,19.8,35.9,0.1,,1007.8,16729.6,13.1667,30.2333
62771,El Obeid,SD,4,31.6,23.8,39.4,1.8,,1005.7,15949.1,13.1667,30.2333
62771,El Obeid,SD,5,32.6,25.4,39.9,12.3,,1006.1,15063.2,13.1667,30.2333
62771,El Obeid,SD,6,31.6,25.3,37.9,28.4,,1006.8,14228.6,13.1667,30.2333
62771,El Obeid,SD,7,28.8,23.4,34.2,123.7,,1008.1,11754.5,13.1667,30.2333
62771,El Obeid,SD,8,27.2,22.3,32.0,148.5,,1008.7,11653.6,13.1667,30.2333
62771,El Obeid,SD,9,28.4,22.5,34.4,55.0,,1008.1,13137.1,13.1667,30.2333
62771,El Obeid,SD,10,29.7,22.7,36.7,19.1,,1007.5,16525.7,13.1667,30.2333
62771,El Obeid,SD,11,26.8,19.3,34.2,0.3,,1009.4,18053.7,13.1667,30.2333
62771,El Obeid,SD,12,23.6,16.0,31.1,0.0,,1011.8,18454.7,13.1667,30.2333
62772,Kosti,SD,1,25.0,16.9,33.1,0.1,,1011.1,17481.0,13.1667,32.6667
62772,Kosti,SD,2,27.5,19.2,35.8,0.0,,1009.3,16013.3,13.1667,32.6667
62772,Kosti,SD,3,29.6,20.9,38.3,0.1,,1006.9,16540.9,13.1667,32.6667
62772,Kosti,SD,4,33.0,24.1,41.8,2.2,,1004.9,16794.3,13.1667,32.6667
62772,Kosti,SD,5,33.6,26.2,41.1,19.5,,1005.5,15851.4,13.1667,32.6667
62772,Kosti,SD,6,32.2,25.5,38.9,32.0,,1007.3,13411.6,13.1667,32.6667
62772,Kosti,SD,7,29.5,23.8,35.2,120.9,,1008.5,10976.8,13.1667,32.6667
62772,Kosti,SD,8,28.2,23.2,33.1,147.1,,1009.1,10793.7,13.1667,32.6667
62772,Kosti,SD,9,29.1,23.2,35.0,58.2,,1008.2,13047.0,13.1667,32.6667
62772,Kosti,SD,10,30.8,23.9,37.7,6.5,,1007.3,16282.1,13.1667,32.6667
62772,Kosti,SD,11,29.2,21.4,36.9,0.6,,1008.3,17488.2,13.1667,32.6667
62772,Kosti,SD,12,26.6,18.9,34.4,0.0,,1010.6,17823.5,13.1667,32.6667
62781,En Nahud,SD,1,23.0,14.4,31.5,0.1,,1012.4,18267.7,12.7,28.4333
62781,En Nahud,SD,2,25.6,16.7,34.5,0.0,,1010.7,16500.0,12.7,28.4333
62781,En Nahud,SD,3,28.6,19.9,37.2,0.1,,1007.8,17684.0,12.7,28.4333
62781,En Nahud,SD,4,31.8,23.2,40.3,1.0,,1006.2,16247.1,12.7,28.4333
62781,En Nahud,SD,5,32.6,24.9,40.2,18.1,,1006.6,15572.0,12.7,28.4333
62781,En Nahud,SD,6,31.6,25.1,38.1,42.8,,1007.9,14267.1,12.7,28.4333
62781,En Nahud,SD,7,29.0,23.6,34.5,100.9,,1009.1,12555.0,12.7,28.4333
62781,En Nahud,SD,8,28.0,22.9,33.0,136.2,,1009.4,12045.0,12.7,28.4333
62781,En Nahud,SD,9,28.7,22.8,34.6,63.8,,1009.0,13451.2,12.7,28.4333
62781,En Nahud,SD,10,29.8,22.4,37.2,29.4,,1008.3,16547.1,12.7,28.4333
62781,En Nahud,SD,11,27.5,19.2,35.8,0.2,,1010.0,18115.4,12.7,28.4333
62781,En Nahud,SD,12,23.9,15.3,32.5,0.0,,1012.0,18020.0,12.7,28.4333
62790,Nyala,SD,1,23.4,16.1,30.6,0.0,,1012.8,,12.05,24.8833
62790,Nyala,SD,2,26.9,19.6,34.2,0.0,,1010.7,,12.05,24.8833
62790,Nyala,SD,3,29.2,21.7,36.6,0.1,,1008.8,,12.05,24.8833
62790,Nyala,SD,4,31.6,24.4,38.9,1.6,,1006.4,,12.05,24.8833
62790,Nyala,SD,5,32.2,25.0,39.4,13.0,,1006.4,,12.05,24.8833
62790,Nyala,SD,6,31.1,24.7,37.5,40.1,,1010.9,,12.05,24.8833
62790,Nyala,SD,7,28.2,22.9,33.6,132.0,,1009.8,,12.05,24.8833
62790,Nyala,SD,8,26.9,22.0,31.8,138.7,,1010.1,,12.05,24.8833
62790,Nyala,SD,9,28.0,22.3,33.7,82.6,,1010.0,,12.05,24.8833
62790,Nyala,SD,10,29.0,22.5,35.5,26.3,,1009.1,,12.05,24.8833
62790,Nyala,SD,11,27.4,20.6,34.2,0.0,,1009.8,,12.05,24.8833
62790,Nyala,SD,12,24.2,17.2,31.3,0.0,,1012.3,,12.05,24.8833
62795,Abu Na'Ama,SD,1,26.6,17.2,36.0,0.0,,1008.2,18432.6,12.7333,34.1333
62795,Abu Na'Ama,SD,2,29.0,19.5,38.6,0.0,,1006.2,16578.9,12.7333,34.1333
62795,Abu Na'Ama,SD,3,31.2,21.8,40.6,0.5,,1004.3,17454.0,12.7333,34.1333
62795,Abu Na'Ama,SD,4,33.7,25.1,42.3,2.2,,1002.8,16743.0,12.7333,34.1333
62795,Abu Na'Ama,SD,5,33.4,26.3,40.4,37.6,,1003.9,16041.0,12.7333,34.1333
62795,Abu Na'Ama,SD,6,31.0,24.4,37.5,89.5,,1005.8,12789.5,12.7333,34.1333
62795,Abu Na'Ama,SD,7,28.3,22.6,34.0,179.5,,1007.6,10650.0,12.7333,34.1333
62795,Abu Na'Ama,SD,8,26.9,21.8,32.0,199.1,,1008.0,10273.3,12.7333,34.1333
62795,Abu Na'Ama,SD,9,27.4,21.9,33.0,114.3,,1007.4,12508.6,12.7333,34.1333
62795,Abu Na'Ama,SD,10,29.2,22.0,36.5,21.1,,1006.1,15468.0,12.7333,34.1333
62795,Abu Na'Ama,SD,11,29.2,20.2,38.3,0.9,,1005.9,17337.0,12.7333,34.1333
62795,Abu Na'Ama,SD,12,27.4,18.0,36.9,0.0,,1007.6,18924.7,12.7333,34.1333
62801,Renk,SD,1,25.4,17.1,33.7,0.0,,1009.4,17265.0,11.75,32.7833
62801,Renk,SD,2,28.2,19.2,37.2,0.0,,1007.5,15430.9,11.75,32.7833
62801,Renk,SD,3,30.4,21.2,39.5,0.0,,1006.0,16015.0,11.75,32.7833
62801,Renk,SD,4,33.3,25.1,41.5,6.2,,1004.5,15327.3,11.75,32.7833
62801,Renk,SD,5,32.7,25.8,39.6,35.2,,1005.9,13425.0,11.75,32.7833
62801,Renk,SD,6,30.4,24.4,36.3,74.1,,1007.6,9570.0,11.75,32.7833
62801,Renk,SD,7,28.3,23.3,33.3,169.5,,1009.1,10395.0,11.75,32.7833
62801,Renk,SD,8,27.6,22.8,32.5,113.7,,1009.2,10249.1,11.75,32.7833
62801,Renk,SD,9,28.8,23.1,34.5,111.9,,1008.2,10075.0,11.75,32.7833
62801,Renk,SD,10,29.8,23.0,36.5,55.8,,1006.9,14460.0,11.75,32.7833
62801,Renk,SD,11,29.1,21.3,36.9,2.5,,1007.3,16135.0,11.75,32.7833
62801,Renk,SD,12,26.4,18.4,34.4,0.1,,1008.9,17116.4,11.75,32.7833
62803,Rashad,SD,1,24.9,18.7,31.1,0.0,,1008.0,,11.8667,31.05
62803,Rashad,SD,2,27.0,20.8,33.3,0.0,,1006.8,,11.8667,31.05
62803,Rashad,SD,3,29.6,23.3,35.9,0.6,,1005.1,,11.8667,31.05
62803,Rashad,SD,4,31.5,25.4,37.6,8.4,,1003.2,,11.8667,31.05
62803,Rashad,SD,5,30.2,24.3,36.2,44.9,,1004.9,,11.8667,31.05
62803,Rashad,SD,6,27.6,22.2,33.0,68.9,,1006.7,,11.8667,31.05
62803,Rashad,SD,7,25.8,21.3,30.3,154.1,,1007.9,,11.8667,31.05
62803,Rashad,SD,8,25.0,20.8,29.1,195.0,,1008.1,,11.8667,31.05
62803,Rashad,SD,9,26.0,20.9,31.1,154.3,,1007.5,,11.8667,31.05
62803,Rashad,SD,10,27.1,21.3,32.9,85.8,,1006.6,,11.8667,31.05
62803,Rashad,SD,11,27.7,21.8,33.6,1.8,,1005.9,,11.8667,31.05
62803,Rashad,SD,12,25.9,19.9,31.9,0.0,,1007.8,,11.8667,31.05
62805,Damazine,SD,1,25.8,16.4,35.3,0.0,,1007.6,17166.3,11.7833,34.3833
62805,Damazine,SD,2,28.6,19.6,37.5,0.0,,1006.4,15416.7,11.7833,34.3833
62805,Damazine,SD,3,30.6,21.4,39.9,0.4,,1004.2,16341.8,11.7833,34.3833
62805,Damazine,SD,4,32.7,24.6,40.8,11.2,,1002.9,15690.0,11.7833,34.3833
62805,Damazine,SD,5,31.6,25.0,38.2,52.5,,1004.3,14305.0,11.7833,34.3833
62805,Damazine,SD,6,29.0,23.1,35.0,121.6,,1006.4,11225.5,11.7833,34.3833
62805,Damazine,SD,7,27.4,22.2,32.6,177.0,,1008.0,9322.1,11.7833,34.3833
62805,Damazine,SD,8,26.4,21.4,31.4,196.3,,1008.4,9486.3,11.7833,34.3833
62805,Damazine,SD,9,27.0,21.4,32.7,135.9,,1007.2,10635.8,11.7833,34.3833
62805,Damazine,SD,10,28.1,21.9,34.3,38.6,,1006.2,13989.5,11.7833,34.3833
62805,Damazine,SD,11,27.9,19.2,36.6,3.3,,1005.9,16461.2,11.7833,34.3833
62805,Damazine,SD,12,26.5,17.0,36.0,0.0,,1007.4,17220.0,11.7833,34.3833
62809,Babanusa,SD,1,25.4,17.7,33.1,0.0,,1012.1,17456.2,11.3333,27.8167
62809,Babanusa,SD,2,28.4,20.3,36.4,0.1,,1009.7,16328.0,11.3333,27.8167
62809,Babanusa,SD,3,30.8,22.9,38.6,0.9,,1008.1,15918.8,11.3333,27.8167
62809,Babanusa,SD,4,33.4,26.0,40.8,8.4,,1006.4,15268.0,11.3333,27.8167
62809,Babanusa,SD,5,33.2,26.6,39.7,22.4,,1007.7,13956.0,11.3333,27.8167
62809,Babanusa,SD,6,31.2,25.5,36.8,77.2,,1009.1,13424.0,11.3333,27.8167
62809,Babanusa,SD,7,28.6,24.1,33.0,125.3,,1010.3,11771.2,11.3333,27.8167
62809,Babanusa,SD,8,27.5,23.1,31.9,153.0,,1010.6,11340.0,11.3333,27.8167
62809,Babanusa,SD,9,28.4,23.1,33.7,103.9,,1009.9,12752.0,11.3333,27.8167
62809,Babanusa,SD,10,29.8,23.8,35.8,38.1,,1009.7,15447.7,11.3333,27.8167
62809,Babanusa,SD,11,29.4,22.3,36.4,0.3,,1010.0,17455.7,11.3333,27.8167
62809,Babanusa,SD,12,26.2,18.8,33.7,0.0,,1011.9,17712.9,11.3333,27.8167
62810,Kadugli,SD,1,26.1,17.4,34.8,0.1,,1010.9,17598.5,11.0,29.7167
62810,Kadugli,SD,2,28.8,20.6,37.1,0.0,,1009.4,15447.3,11.0,29.7167
62810,Kadugli,SD,3,31.4,23.4,39.4,0.9,,1007.0,15651.4,11.0,29.7167
62810,Kadugli,SD,4,32.8,25.3,40.4,8.2,,1006.2,15145.0,11.0,29.7167
62810,Kadugli,SD,5,31.4,24.3,38.5,71.2,,1007.9,13800.0,11.0,29.7167
62810,Kadugli,SD,6,28.6,22.9,34.3,121.5,,1010.1,11145.0,11.0,29.7167
62810,Kadugli,SD,7,27.0,22.1,31.8,144.7,,1011.1,9801.8,11.0,29.7167
62810,Kadugli,SD,8,26.3,21.6,31.0,152.1,,1011.4,9572.3,11.0,29.7167
62810,Kadugli,SD,9,27.0,21.5,32.6,147.3,,1010.5,10684.6,11.0,29.7167
62810,Kadugli,SD,10,28.3,21.6,35.0,73.9,,1009.3,13463.1,11.0,29.7167
62810,Kadugli,SD,11,29.2,21.5,37.0,0.2,,1009.1,17389.1,11.0,29.7167
62810,Kadugli,SD,12,27.2,19.0,35.3,0.0,,1010.6,17965.0,11.0,29.7167
62840,Malakal,SD,1,27.6,19.4,35.9,0.0,,1009.3,16969.1,9.55,31.65
62840,Malakal,SD,2,29.9,21.5,38.3,0.0,,1007.7,14705.5,9.55,31.65
62840,Malakal,SD,3,31.8,23.6,39.9,1.4,,1006.4,14925.0,9.55,31.65
62840,Malakal,SD,4,32.6,25.3,39.9,32.2,,1006.2,13465.0,9.55,31.65
62840,Malakal,SD,5,30.4,23.9,36.9,79.0,,1008.0,12409.1,9.55,31.65
62840,Malakal,SD,6,27.8,22.4,33.3,123.6,,1009.3,11065.0,9.55,31.65
62840,Malakal,SD,7,26.8,21.8,31.8,157.5,,1010.4,7821.8,9.55,31.65
62840,Malakal,SD,8,26.6,21.7,31.6,165.5,,1010.7,9032.7,9.55,31.65
62840,Malakal,SD,9,27.4,22.2,32.6,111.6,,1009.4,9942.0,9.55,31.65
62840,Malakal,SD,10,28.0,22.0,33.9,94.3,,1008.9,12630.0,9.55,31.65
62840,Malakal,SD,11,28.4,20.7,36.1,14.7,,1008.4,16254.5,9.55,31.65
62840,Malakal,SD,12,27.6,19.4,35.8,0.9,,1009.2,16938.5,9.55,31.65
62941,Juba,SD,1,28.5,20.6,36.4,7.0,,1007.7,14555.0,4.8667,31.6
62941,Juba,SD,2,30.5,22.8,38.2,10.2,,1006.2,12403.6,4.8667,31.6
62941,Juba,SD,3,30.2,23.9,36.5,65.8,,1006.8,12093.3,4.8667,31.6
62941,Juba,SD,4,29.4,23.7,35.1,116.9,,1006.8,10794.0,4.8667,31.6
62941,Juba,SD,5,28.1,23.0,33.2,129.8,,1008.8,11616.0,4.8667,31.6
62941,Juba,SD,6,27.2,22.1,32.4,131.3,,1010.9,9456.0,4.8667,31.6
62941,Juba,SD,7,26.1,21.1,31.1,139.7,,1011.1,10330.9,4.8667,31.6
62941,Juba,SD,8,25.9,20.8,31.0,127.5,,1010.9,11448.0,4.8667,31.6
62941,Juba,SD,9,26.9,21.5,32.3,117.5,,1009.6,12166.7,4.8667,31.6
62941,Juba,SD,10,27.2,21.7,32.6,126.5,,1008.8,12998.2,4.8667,31.6
62941,Juba,SD,11,27.7,21.1,34.3,51.8,,1007.8,12744.0,4.8667,31.6
62941,Juba,SD,12,27.8,20.1,35.4,8.5,,1007.8,13707.3,4.8667,31.6
63331,Gondar,ET,1,,,,4.4,,,,12.5333,37.4333
63331,Gondar,ET,2,,,,4.8,,,,12.5333,37.4333
63331,Gondar,ET,3,,,,22.3,,,,12.5333,37.4333
63331,Gondar,ET,4,,,,36.2,,,,12.5333,37.4333
63331,Gondar,ET,5,,,,92.4,,,,12.5333,37.4333
63331,Gondar,ET,6,,,,169.7,,,,12.5333,37.4333
63331,Gondar,ET,7,,,,297.5,,,,12.5333,37.4333
63331,Gondar,ET,8,,,,298.1,,,,12.5333,37.4333
63331,Gondar,ET,9,,,,121.1,,,,12.5333,37.4333
63331,Gondar,ET,10,,,,78.5,,,,12.5333,37.4333
63331,Gondar,ET,11,,,,20.5,,,,12.5333,37.4333
63331,Gondar,ET,12,,,,7.6,,,,12.5333,37.4333
63333,Combolcha,ET,1,,,,25.8,,,,11.0833,39.7167
63333,Combolcha,ET,2,,,,19.2,,,,11.0833,39.7167
63333,Combolcha,ET,3,,,,63.3,,,,11.0833,39.7167
63333,Combolcha,ET,4,,,,91.4,,,,11.0833,39.7167
63333,Combolcha,ET,5,,,,51.3,,,,11.0833,39.7167
63333,Combolcha,ET,6,,,,28.6,,,,11.0833,39.7167
63333,Combolcha,ET,7,,,,290.5,,,,11.0833,39.7167
63333,Combolcha,ET,8,,,,272.7,,,,11.0833,39.7167
63333,Combolcha,ET,9,,,,110.3,,,,11.0833,39.7167
63333,Combolcha,ET,10,,,,63.8,,,,11.0833,39.7167
63333,Combolcha,ET,11,,,,22.5,,,,11.0833,39.7167
63333,Combolcha,ET,12,,,,15.3,,,,11.0833,39.7167
63402,Jimma,ET,1,,,,38.0,,,14028.0,7.6667,36.8333
63402,Jimma,ET,2,,,,31.4,,,12497.1,7.6667,36.8333
63402,Jimma,ET,3,,,,91.3,,,12915.0,7.6667,36.8333
63402,Jimma,ET,4,,,,146.9,,,12162.0,7.6667,36.8333
63402,Jimma,ET,5,,,,198.5,,,12300.0,7.6667,36.8333
63402,Jimma,ET,6,,,,223.2,,,9065.5,7.6667,36.8333
63402,Jimma,ET,7,,,,215.2,,,7186.7,7.6667,36.8333
63402,Jimma,ET,8,,,,245.3,,,8580.0,7.6667,36.8333
63402,Jimma,ET,9,,,,192.7,,,9765.0,7.6667,36.8333
63402,Jimma,ET,10,,,,120.0,,,12650.0,7.6667,36.8333
63402,Jimma,ET,11,,,,72.2,,,14142.0,7.6667,36.8333
63402,Jimma,ET,12,,,,38.4,,,15144.0,7.6667,36.8333
63403,Gore,ET,1,,,,24.5,,,,8.1667,35.55
63403,Gore,ET,2,,,,26.8,,,,8.1667,35.55
63403,Gore,ET,3,,,,79.1,,,,8.1667,35.55
63403,Gore,ET,4,,,,148.5,,,,8.1667,35.55
63403,Gore,ET,5,,,,249.9,,,,8.1667,35.55
63403,Gore,ET,6,,,,244.1,,,,8.1667,35.55
63403,Gore,ET,7,,,,273.2,,,,8.1667,35.55
63403,Gore,ET,8,,,,273.8,,,,8.1667,35.55
63403,Gore,ET,9,,,,239.2,,,,8.1667,35.55
63403,Gore,ET,10,,,,178.4,,,,8.1667,35.55
63403,Gore,ET,11,,,,93.7,,,,8.1667,35.55
63403,Gore,ET,12,,,,32.5,,,,8.1667,35.55
63450,Addis Ababa,ET,1,16.3,8.4,24.2,13.9,,1012.3,16630.9,8.9833,38.8
63450,Addis Ababa,ET,2,17.4,9.4,25.5,27.6,,1012.0,13821.4,8.9833,38.8
63450,Addis Ababa,ET,3,18.4,11.2,25.7,58.3,,1010.8,14875.7,8.9833,38.8
63450,Addis Ababa,ET,4,19.0,12.1,25.8,83.2,,1010.7,13395.0,8.9833,38.8
63450,Addis Ababa,ET,5,18.8,12.1,25.6,80.5,,1009.5,13208.6,8.9833,38.8
63450,Addis Ababa,ET,6,17.5,11.6,23.4,143.1,,1010.9,10110.0,8.9833,38.8
63450,Addis Ababa,ET,7,16.4,11.7,21.1,263.2,,1012.4,6687.3,8.9833,38.8
63450,Addis Ababa,ET,8,16.4,11.6,21.2,298.3,,1012.3,7572.0,8.9833,38.8
63450,Addis Ababa,ET,9,16.6,11.2,22.1,176.2,,1011.7,10265.0,8.9833,38.8
63450,Addis Ababa,ET,10,16.5,9.6,23.4,41.1,,1012.2,14875.0,8.9833,38.8
63450,Addis Ababa,ET,11,15.6,8.1,23.2,14.8,,1012.1,16473.3,8.9833,38.8
63450,Addis Ababa,ET,12,15.2,7.3,23.2,12.2,,1013.0,18005.0,8.9833,38.8
63471,Dire Dawa,ET,1,,,,21.5,,,,9.6,41.8667
63471,Dire Dawa,ET,2,,,,13.4,,,,9.6,41.8667
63471,Dire Dawa,ET,3,,,,75.8,,,,9.6,41.8667
63471,Dire Dawa,ET,4,,,,83.2,,,,9.6,41.8667
63471,Dire Dawa,ET,5,,,,46.0,,,,9.6,41.8667
63471,Dire Dawa,ET,6,,,,25.2,,,,9.6,41.8667
63471,Dire Dawa,ET,7,,,,103.6,,,,9.6,41.8667
63471,Dire Dawa,ET,8,,,,130.3,,,,9.6,41.8667
63471,Dire Dawa,ET,9,,,,81.8,,,,9.6,41.8667
63471,Dire Dawa,ET,10,,,,39.0,,,,9.6,41.8667
63471,Dire Dawa,ET,11,,,,20.3,,,,9.6,41.8667
63471,Dire Dawa,ET,12,,,,14.7,,,,9.6,41.8667
63612,Lodwar,KE,1,,,,7.0,,,,3.1167,35.6167
63612,Lodwar,KE,2,,,,2.4,,,,3.1167,35.6167
63612,Lodwar,KE,3,,,,34.1,,,,3.1167,35.6167
63612,Lodwar,KE,4,,,,45.9,,,,3.1167,35.6167
63612,Lodwar,KE,5,,,,18.1,,,,3.1167,35.6167
63612,Lodwar,KE,6,,,,9.0,,,,3.1167,35.6167
63612,Lodwar,KE,7,,,,31.6,,,,3.1167,35.6167
63612,Lodwar,KE,8,,,,22.0,,,,3.1167,35.6167
63612,Lodwar,KE,9,,,,14.2,,,,3.1167,35.6167
63612,Lodwar,KE,10,,,,17.7,,,,3.1167,35.6167
63612,Lodwar,KE,11,,,,22.0,,,,3.1167,35.6167
63612,Lodwar,KE,12,,,,20.1,,,,3.1167,35.6167
63619,Moyale,KE,1,,,,26.8,,,,3.5333,39.05
63619,Moyale,KE,2,,,,16.1,,,,3.5333,39.05
63619,Moyale,KE,3,,,,69.6,,,,3.5333,39.05
63619,Moyale,KE,4,,,,145.8,,,,3.5333,39.05
63619,Moyale,KE,5,,,,99.8,,,,3.5333,39.05
63619,Moyale,KE,6,,,,17.8,,,,3.5333,39.05
63619,Moyale,KE,7,,,,15.7,,,,3.5333,39.05
63619,Moyale,KE,8,,,,10.5,,,,3.5333,39.05
63619,Moyale,KE,9,,,,21.1,,,,3.5333,39.05
63619,Moyale,KE,10,,,,130.1,,,,3.5333,39.05
63619,Moyale,KE,11,,,,107.4,,,,3.5333,39.05
63619,Moyale,KE,12,,,,36.8,,,,3.5333,39.05
63624,Mandera,KE,1,,,,4.5,,,,3.9333,41.8667
63624,Mandera,KE,2,,,,11.3,,,,3.9333,41.8667
63624,Mandera,KE,3,,,,20.0,,,,3.9333,41.8667
63624,Mandera,KE,4,,,,69.7,,,,3.9333,41.8667
63624,Mandera,KE,5,,,,28.7,,,,3.9333,41.8667
63624,Mandera,KE,6,,,,0.8,,,,3.9333,41.8667
63624,Mandera,KE,7,,,,8.0,,,,3.9333,41.8667
63624,Mandera,KE,8,,,,1.8,,,,3.9333,41.8667
63624,Mandera,KE,9,,,,2.8,,,,3.9333,41.8667
63624,Mandera,KE,10,,,,87.1,,,,3.9333,41.8667
63624,Mandera,KE,11,,,,68.2,,,,3.9333,41.8667
63624,Mandera,KE,12,,,,20.7,,,,3.9333,41.8667
63686,Eldoret,KE,1,,,,53.1,,,,0.5333,35.2833
63686,Eldoret,KE,2,,,,24.5,,,,0.5333,35.2833
63686,Eldoret,KE,3,,,,84.1,,,,0.5333,35.2833
63686,Eldoret,KE,4,,,,118.9,,,,0.5333,35.2833
63686,Eldoret,KE,5,,,,104.6,,,,0.5333,35.2833
63686,Eldoret,KE,6,,,,128.2,,,,0.5333,35.2833
63686,Eldoret,KE,7,,,,174.9,,,,0.5333,35.2833
63686,Eldoret,KE,8,,,,184.4,,,,0.5333,35.2833
63686,Eldoret,KE,9,,,,85.4,,,,0.5333,35.2833
63686,Eldoret,KE,10,,,,90.4,,,,0.5333,35.2833
63686,Eldoret,KE,11,,,,58.8,,,,0.5333,35.2833
63686,Eldoret,KE,12,,,,43.4,,,,0.5333,35.2833
63723,Garissa,KE,1,30.0,23.8,36.1,18.7,,1010.9,,-0.4667,39.6333
63723,Garissa,KE,2,30.2,24.1,36.2,1.9,,1010.5,,-0.4667,39.6333
63723,Garissa,KE,3,31.2,25.2,37.1,29.4,,1009.6,,-0.4667,39.6333
63723,Garissa,KE,4,30.4,24.9,35.9,69.7,,1009.9,,-0.4667,39.6333
63723,Garissa,KE,5,29.1,23.8,34.4,20.6,,1011.4,,-0.4667,39.6333
63723,Garissa,KE,6,28.0,22.8,33.2,6.0,,1013.3,,-0.4667,39.6333
63723,Garissa,KE,7,27.2,22.0,32.3,3.1,,1014.6,,-0.4667,39.6333
63723,Garissa,KE,8,27.4,22.4,32.5,6.5,,1014.8,,-0.4667,39.6333
63723,Garissa,KE,9,28.3,22.6,34.0,6.1,,1013.4,,-0.4667,39.6333
63723,Garissa,KE,10,29.4,23.9,34.8,33.7,,1011.8,,-0.4667,39.6333
63723,Garissa,KE,11,29.2,24.3,34.1,107.4,,1010.8,,-0.4667,39.6333
63723,Garissa,KE,12,29.0,24.0,34.1,56.1,,1011.2,,-0.4667,39.6333
63740,Nairobi ACC/FIC/RCC/MET/COM/,KE,1,20.4,14.2,26.6,60.6,,,15714.0,-1.3167,36.9333
63740,Nairobi ACC/FIC/RCC/MET/COM/,KE,2,21.0,14.1,28.0,38.5,,,16150.0,-1.3167,36.9333
63740,Nairobi ACC/FIC/RCC/MET/COM/,KE,3,21.6,15.1,28.1,75.3,,,15348.8,-1.3167,36.9333
63740,Nairobi ACC/FIC/RCC/MET/COM/,KE,4,20.8,15.6,26.1,126.2,,,12912.9,-1.3167,36.9333
63740,Nairobi ACC/FIC/RCC/MET/COM/,KE,5,19.8,14.7,24.9,102.6,,,10698.0,-1.3167,36.9333
63740,Nairobi ACC/FIC/RCC/MET/COM/,KE,6,18.4,13.0,23.7,26.8,,,8380.0,-1.3167,36.9333
63740,Nairobi ACC/FIC/RCC/MET/COM/,KE,7,17.7,11.8,23.6,10.5,,,6522.9,-1.3167,36.9333
63740,Nairobi ACC/FIC/RCC/MET/COM/,KE,8,18.2,12.5,24.0,18.2,,,7373.3,-1.3167,36.9333
63740,Nairobi ACC/FIC/RCC/MET/COM/,KE,9,19.6,13.0,26.3,18.5,,,10880.0,-1.3167,36.9333
63740,Nairobi ACC/FIC/RCC/MET/COM/,KE,10,20.6,14.6,26.6,47.6,,,12192.0,-1.3167,36.9333
63740,Nairobi ACC/FIC/RCC/MET/COM/,KE,11,20.4,15.4,25.4,127.7,,,11112.0,-1.3167,36.9333
63740,Nairobi ACC/FIC/RCC/MET/COM/,KE,12,20.3,14.9,25.7,85.6,,,14165.0,-1.3167,36.9333
63756,Mwanza,TZ,1,23.2,18.5,28.0,113.1,,,13303.6,-2.4667,32.9167
63756,Mwanza,TZ,2,23.8,18.8,28.8,93.4,,,12792.0,-2.4667,32.9167
63756,Mwanza,TZ,3,23.8,19.0,28.6,146.0,,,13872.0,-2.4667,32.9167
63756,Mwanza,TZ,4,23.6,18.9,28.3,154.0,,,13732.5,-2.4667,32.9167
63756,Mwanza,TZ,5,23.6,18.7,28.5,65.2,,,15540.0,-2.4667,32.9167
63756,Mwanza,TZ,6,22.8,16.8,28.7,25.0,,,15834.5,-2.4667,32.9167
63756,Mwanza,TZ,7,22.6,16.1,29.0,4.8,,,17220.0,-2.4667,32.9167
63756,Mwanza,TZ,8,22.8,16.9,28.7,24.3,,,15949.1,-2.4667,32.9167
63756,Mwanza,TZ,9,23.5,18.3,28.7,43.9,,,14058.0,-2.4667,32.9167
63756,Mwanza,TZ,10,23.6,18.7,28.6,122.2,,,13970.0,-2.4667,32.9167
63756,Mwanza,TZ,11,23.2,18.9,27.6,147.0,,,12098.2,-2.4667,32.9167
63756,Mwanza,TZ,12,22.8,18.7,26.9,148.2,,,11602.5,-2.4667,32.9167
63799,Malindi,KE,1,,,,19.4,,1011.4,,-3.2333,40.1
63799,Malindi,KE,2,,,,1.6,,1011.0,,-3.2333,40.1
63799,Malindi,KE,3,,,,46.2,,1010.7,,-3.2333,40.1
63799,Malindi,KE,4,,,,160.9,,1010.9,,-3.2333,40.1
63799,Malindi,KE,5,,,,312.2,,1013.5,,-3.2333,40.1
63799,Malindi,KE,6,,,,144.6,,1015.3,,-3.2333,40.1
63799,Malindi,KE,7,,,,104.6,,1015.8,,-3.2333,40.1
63799,Malindi,KE,8,,,,54.7,,1016.2,,-3.2333,40.1
63799,Malindi,KE,9,,,,50.3,,1015.1,,-3.2333,40.1
63799,Malindi,KE,10,,,,116.1,,1013.4,,-3.2333,40.1
63799,Malindi,KE,11,,,,89.9,,1012.0,,-3.2333,40.1
63799,Malindi,KE,12,,,,43.0,,1011.6,,-3.2333,40.1
63820,Mombasa,KE,1,,,,11.8,,,,-4.0333,39.6167
63820,Mombasa,KE,2,,,,8.4,,,,-4.0333,39.6167
63820,Mombasa,KE,3,,,,57.3,,,,-4.0333,39.6167
63820,Mombasa,KE,4,,,,112.1,,,,-4.0333,39.6167
63820,Mombasa,KE,5,,,,268.8,,,,-4.0333,39.6167
63820,Mombasa,KE,6,,,,87.2,,,,-4.0333,39.6167
63820,Mombasa,KE,7,,,,66.7,,,,-4.0333,39.6167
63820,Mombasa,KE,8,,,,61.9,,,,-4.0333,39.6167
63820,Mombasa,KE,9,,,,56.5,,,,-4.0333,39.6167
63820,Mombasa,KE,10,,,,172.2,,,,-4.0333,39.6167
63820,Mombasa,KE,11,,,,130.4,,,,-4.0333,39.6167
63820,Mombasa,KE,12,,,,80.3,,,,-4.0333,39.6167
63832,Tabora Airport,TZ,1,,18.5,,188.8,,,,-5.0833,32.8333
63832,Tabora Airport,TZ,2,,18.5,,147.9,,,,-5.0833,32.8333
63832,Tabora Airport,TZ,3,,14.2,,174.1,,,,-5.0833,32.8333
63832,Tabora Airport,TZ,4,,17.8,,99.6,,,,-5.0833,32.8333
63832,Tabora Airport,TZ,5,,16.6,,30.1,,,,-5.0833,32.8333
63832,Tabora Airport,TZ,6,,14.9,,6.0,,,,-5.0833,32.8333
63832,Tabora Airport,TZ,7,,14.8,,1.2,,,,-5.0833,32.8333
63832,Tabora Airport,TZ,8,,16.7,,4.2,,,,-5.0833,32.8333
63832,Tabora Airport,TZ,9,,19.1,,12.5,,,,-5.0833,32.8333
63832,Tabora Airport,TZ,10,,19.6,,23.3,,,,-5.0833,32.8333
63832,Tabora Airport,TZ,11,,19.6,,122.7,,,,-5.0833,32.8333
63832,Tabora Airport,TZ,12,,18.5,,217.6,,,,-5.0833,32.8333
63862,Dodoma,TZ,1,24.6,19.4,29.9,151.6,,,14798.2,-6.1667,35.7667
63862,Dodoma,TZ,2,24.5,19.2,29.9,123.6,,,13290.0,-6.1667,35.7667
63862,Dodoma,TZ,3,24.2,19.0,29.5,106.2,,,14667.3,-6.1667,35.7667
63862,Dodoma,TZ,4,23.4,18.3,28.5,46.9,,,15280.0,-6.1667,35.7667
63862,Dodoma,TZ,5,22.7,17.2,28.2,3.1,,,16358.2,-6.1667,35.7667
63862,Dodoma,TZ,6,21.4,15.4,27.5,0.3,,,17672.7,-6.1667,35.7667
63862,Dodoma,TZ,7,20.6,14.5,26.8,0.2,,,18793.3,-6.1667,35.7667
63862,Dodoma,TZ,8,21.6,15.3,27.8,0.0,,,18230.0,-6.1667,35.7667
63862,Dodoma,TZ,9,22.9,16.4,29.4,0.2,,,17853.3,-6.1667,35.7667
63862,Dodoma,TZ,10,24.4,17.8,31.0,2.7,,,18500.0,-6.1667,35.7667
63862,Dodoma,TZ,11,25.4,19.1,31.6,28.3,,,17250.0,-6.1667,35.7667
63862,Dodoma,TZ,12,24.8,19.4,30.1,150.0,,,15038.2,-6.1667,35.7667
63894,Dar Es Salaam Airport,TZ,1,28.8,25.0,32.5,43.1,,1011.1,15534.5,-6.8667,39.2
63894,Dar Es Salaam Airport,TZ,2,28.8,24.7,32.9,76.4,,1010.5,13940.0,-6.8667,39.2
63894,Dar Es Salaam Airport,TZ,3,28.4,24.1,32.7,176.0,,1011.3,12741.8,-6.8667,39.2
63894,Dar Es Salaam Airport,TZ,4,27.4,23.3,31.4,265.7,,1012.2,10186.7,-6.8667,39.2
63894,Dar Es Salaam Airport,TZ,5,26.4,22.1,30.8,161.3,,1014.4,12458.2,-6.8667,39.2
63894,Dar Es Salaam Airport,TZ,6,25.2,20.4,30.1,36.3,,1016.4,14509.1,-6.8667,39.2
63894,Dar Es Salaam Airport,TZ,7,24.6,19.4,29.9,17.7,,1017.3,15698.2,-6.8667,39.2
63894,Dar Es Salaam Airport,TZ,8,24.8,19.2,30.3,21.1,,1017.1,16190.0,-6.8667,39.2
63894,Dar Es Salaam Airport,TZ,9,25.5,19.8,31.1,21.2,,1016.2,15560.0,-6.8667,39.2
63894,Dar Es Salaam Airport,TZ,10,26.6,21.3,31.8,74.1,,1014.1,16650.0,-6.8667,39.2
63894,Dar Es Salaam Airport,TZ,11,27.5,23.0,32.0,126.7,,1012.2,14790.0,-6.8667,39.2
63894,Dar Es Salaam Airport,TZ,12,28.6,24.5,32.6,124.4,,1011.5,15636.0,-6.8667,39.2
63962,Songea,TZ,1,,,,280.0,,,,-10.6833,35.5833
63962,Songea,TZ,2,,,,223.8,,,,-10.6833,35.5833
63962,Songea,TZ,3,,,,230.5,,,,-10.6833,35.5833
63962,Songea,TZ,4,,,,102.5,,,,-10.6833,35.5833
63962,Songea,TZ,5,,,,11.2,,,,-10.6833,35.5833
63962,Songea,TZ,6,,,,1.1,,,,-10.6833,35.5833
63962,Songea,TZ,7,,,,0.3,,,,-10.6833,35.5833
63962,Songea,TZ,8,,,,1.1,,,,-10.6833,35.5833
63962,Songea,TZ,9,,,,5.6,,,,-10.6833,35.5833
63962,Songea,TZ,10,,,,10.4,,,,-10.6833,35.5833
63962,Songea,TZ,11,,,,53.5,,,,-10.6833,35.5833
63962,Songea,TZ,12,,,,185.1,,,,-10.6833,35.5833
63971,Mtwara,TZ,1,27.6,24.0,31.1,159.8,,1010.6,,-10.2667,40.1833
63971,Mtwara,TZ,2,27.2,23.5,30.8,196.0,,1010.0,,-10.2667,40.1833
63971,Mtwara,TZ,3,27.2,23.1,31.4,241.3,,1010.8,,-10.2667,40.1833
63971,Mtwara,TZ,4,26.7,22.7,30.7,151.3,,1012.2,,-10.2667,40.1833
63971,Mtwara,TZ,5,26.0,21.5,30.4,53.9,,1014.6,,-10.2667,40.1833
63971,Mtwara,TZ,6,24.9,20.0,29.8,9.8,,1016.4,,-10.2667,40.1833
63971,Mtwara,TZ,7,24.4,19.3,29.5,8.5,,1017.6,,-10.2667,40.1833
63971,Mtwara,TZ,8,24.5,19.0,30.0,12.2,,1017.2,,-10.2667,40.1833
63971,Mtwara,TZ,9,25.2,19.3,31.0,11.9,,1016.2,,-10.2667,40.1833
63971,Mtwara,TZ,10,25.8,20.8,30.9,32.8,,1014.4,,-10.2667,40.1833
63971,Mtwara,TZ,11,27.0,22.4,31.6,51.6,,1012.3,,-10.2667,40.1833
63971,Mtwara,TZ,12,27.6,23.7,31.5,120.2,,1011.3,,-10.2667,40.1833
64210,Kinshasa / N'Djili,CD,1,,,,194.1,,1009.8,,-4.3833,15.4333
64210,Kinshasa / N'Djili,CD,2,,,,126.2,,1009.0,,-4.3833,15.4333
64210,Kinshasa / N'Djili,CD,3,,,,163.9,,1009.0,,-4.3833,15.4333
64210,Kinshasa / N'Djili,CD,4,,,,221.4,,1009.3,,-4.3833,15.4333
64210,Kinshasa / N'Djili,CD,5,,,,152.2,,1010.5,,-4.3833,15.4333
64210,Kinshasa / N'Djili,CD,6,,,,14.0,,1012.7,,-4.3833,15.4333
64210,Kinshasa / N'Djili,CD,7,,,,2.3,,1013.3,,-4.3833,15.4333
64210,Kinshasa / N'Djili,CD,8,,,,9.3,,1013.0,,-4.3833,15.4333
64210,Kinshasa / N'Djili,CD,9,,,,41.8,,1011.7,,-4.3833,15.4333
64210,Kinshasa / N'Djili,CD,10,,,,179.4,,1010.4,,-4.3833,15.4333
64210,Kinshasa / N'Djili,CD,11,,,,260.7,,1010.0,,-4.3833,15.4333
64210,Kinshasa / N'Djili,CD,12,,,,223.2,,1010.1,,-4.3833,15.4333
64387,Kigali,RW,1,,,27.5,102.0,,,,-1.9667,30.1167
64387,Kigali,RW,2,,,28.2,97.9,,,,-1.9667,30.1167
64387,Kigali,RW,3,,,27.3,135.2,,,,-1.9667,30.1167
64387,Kigali,RW,4,,,26.5,140.4,,,,-1.9667,30.1167
64387,Kigali,RW,5,,,26.4,111.4,,,,-1.9667,30.1167
64387,Kigali,RW,6,,,26.9,29.1,,,,-1.9667,30.1167
64387,Kigali,RW,7,,,27.2,16.6,,,,-1.9667,30.1167
64387,Kigali,RW,8,,,28.3,36.2,,,,-1.9667,30.1167
64387,Kigali,RW,9,,,28.7,68.8,,,,-1.9667,30.1167
64387,Kigali,RW,10,,,27.5,115.4,,,,-1.9667,30.1167
64387,Kigali,RW,11,,,26.5,147.9,,,,-1.9667,30.1167
64387,Kigali,RW,12,,,26.9,84.5,,,,-1.9667,30.1167
64400,Pointe-Noire,CG,1,27.4,24.2,30.5,171.4,,1010.3,9508.4,-4.8167,11.9
64400,Pointe-Noire,CG,2,27.7,24.2,31.2,219.9,,1010.2,9883.3,-4.8167,11.9
64400,Pointe-Noire,CG,3,27.9,24.4,31.4,184.7,,1009.6,11208.0,-4.8167,11.9
64400,Pointe-Noire,CG,4,27.7,24.4,31.0,121.7,,1009.7,10708.2,-4.8167,11.9
64400,Pointe-Noire,CG,5,26.8,23.9,29.8,51.5,,1011.3,9461.2,-4.8167,11.9
64400,Pointe-Noire,CG,6,24.2,21.2,27.2,1.1,,1013.6,7640.0,-4.8167,11.9
64400,Pointe-Noire,CG,7,23.0,20.0,26.1,1.7,,1014.6,7669.4,-4.8167,11.9
64400,Pointe-Noire,CG,8,23.2,20.4,26.0,4.4,,1014.5,6151.6,-4.8167,11.9
64400,Pointe-Noire,CG,9,24.7,22.2,27.2,16.7,,1013.3,4575.0,-4.8167,11.9
64400,Pointe-Noire,CG,10,26.2,23.7,28.8,129.7,,1011.7,5580.0,-4.8167,11.9
64400,Pointe-Noire,CG,11,26.8,24.0,29.6,239.7,,1010.8,8381.2,-4.8167,11.9
64400,Pointe-Noire,CG,12,26.8,23.9,29.8,169.3,,1010.7,7954.7,-4.8167,11.9
64401,Loubomo,CG,1,,,31.0,148.4,,,,-4.2,12.7
64401,Loubomo,CG,2,,,31.8,198.1,,,,-4.2,12.7
64401,Loubomo,CG,3,,,32.4,187.9,,,,-4.2,12.7
64401,Loubomo,CG,4,,,32.3,175.5,,,,-4.2,12.7
64401,Loubomo,CG,5,,,31.2,83.8,,,,-4.2,12.7
64401,Loubomo,CG,6,,,28.4,0.1,,,,-4.2,12.7
64401,Loubomo,CG,7,,,27.4,0.2,,,,-4.2,12.7
64401,Loubomo,CG,8,,,27.5,0.8,,,,-4.2,12.7
64401,Loubomo,CG,9,,,28.9,10.6,,,,-4.2,12.7
64401,Loubomo,CG,10,,,30.9,107.5,,,,-4.2,12.7
64401,Loubomo,CG,11,,,31.1,202.1,,,,-4.2,12.7
64401,Loubomo,CG,12,,,30.4,190.2,,,,-4.2,12.7
64402,Mouyondzi,CG,1,,,,163.0,,,,-3.9833,13.9167
64402,Mouyondzi,CG,2,,,,143.2,,,,-3.9833,13.9167
64402,Mouyondzi,CG,3,,,,183.8,,,,-3.9833,13.9167
64402,Mouyondzi,CG,4,,,,216.1,,,,-3.9833,13.9167
64402,Mouyondzi,CG,5,,,,118.5,,,,-3.9833,13.9167
64402,Mouyondzi,CG,6,,,,0.2,,,,-3.9833,13.9167
64402,Mouyondzi,CG,7,,,,0.6,,,,-3.9833,13.9167
64402,Mouyondzi,CG,8,,,,1.0,,,,-3.9833,13.9167
64402,Mouyondzi,CG,9,,,,27.6,,,,-3.9833,13.9167
64402,Mouyondzi,CG,10,,,,142.6,,,,-3.9833,13.9167
64402,Mouyondzi,CG,11,,,,262.2,,,,-3.9833,13.9167
64402,Mouyondzi,CG,12,,,,211.6,,,,-3.9833,13.9167
64405,Sibiti,CG,1,,,,162.0,,,,-3.6833,13.35
64405,Sibiti,CG,2,,,,160.8,,,,-3.6833,13.35
64405,Sibiti,CG,3,,,,190.5,,,,-3.6833,13.35
64405,Sibiti,CG,4,,,,246.3,,,,-3.6833,13.35
64405,Sibiti,CG,5,,,,85.9,,,,-3.6833,13.35
64405,Sibiti,CG,6,,,,2.9,,,,-3.6833,13.35
64405,Sibiti,CG,7,,,,1.1,,,,-3.6833,13.35
64405,Sibiti,CG,8,,,,1.8,,,,-3.6833,13.35
64405,Sibiti,CG,9,,,,20.6,,,,-3.6833,13.35
64405,Sibiti,CG,10,,,,131.5,,,,-3.6833,13.35
64405,Sibiti,CG,11,,,,306.8,,,,-3.6833,13.35
64405,Sibiti,CG,12,,,,222.5,,,,-3.6833,13.35
64450,Brazzaville / Maya-Maya,CG,1,26.8,22.6,30.9,164.7,,1009.2,9394.3,-4.25,15.25
64450,Brazzaville / Maya-Maya,CG,2,27.0,22.5,31.4,134.9,,1009.1,9068.6,-4.25,15.25
64450,Brazzaville / Maya-Maya,CG,3,27.7,22.9,32.5,191.2,,1008.5,10955.5,-4.25,15.25
64450,Brazzaville / Maya-Maya,CG,4,27.8,22.9,32.7,185.0,,1008.6,11050.6,-4.25,15.25
64450,Brazzaville / Maya-Maya,CG,5,27.0,22.5,31.5,130.2,,1009.8,10547.4,-4.25,15.25
64450,Brazzaville / Maya-Maya,CG,6,24.8,20.6,28.9,4.8,,1011.9,7766.2,-4.25,15.25
64450,Brazzaville / Maya-Maya,CG,7,23.9,19.6,28.2,1.2,,1012.8,7991.2,-4.25,15.25
64450,Brazzaville / Maya-Maya,CG,8,24.7,20.2,29.2,6.3,,1012.3,8490.0,-4.25,15.25
64450,Brazzaville / Maya-Maya,CG,9,26.3,21.7,30.9,31.4,,1011.0,8466.0,-4.25,15.25
64450,Brazzaville / Maya-Maya,CG,10,26.8,22.4,31.3,156.0,,1009.9,8646.0,-4.25,15.25
64450,Brazzaville / Maya-Maya,CG,11,26.7,22.3,31.1,262.1,,1009.5,9296.8,-4.25,15.25
64450,Brazzaville / Maya-Maya,CG,12,26.6,22.4,30.7,206.4,,1009.5,8507.4,-4.25,15.25
64456,Makoua,CG,1,,,,89.6,,,,-0.0167,15.5833
64456,Makoua,CG,2,,,,117.9,,,,-0.0167,15.5833
64456,Makoua,CG,3,,,,145.5,,,,-0.0167,15.5833
64456,Makoua,CG,4,,,,175.2,,,,-0.0167,15.5833
64456,Makoua,CG,5,,,,160.7,,,,-0.0167,15.5833
64456,Makoua,CG,6,,,,76.0,,,,-0.0167,15.5833
64456,Makoua,CG,7,,,,34.1,,,,-0.0167,15.5833
64456,Makoua,CG,8,,,,78.6,,,,-0.0167,15.5833
64456,Makoua,CG,9,,,,199.9,,,,-0.0167,15.5833
64456,Makoua,CG,10,,,,242.7,,,,-0.0167,15.5833
64456,Makoua,CG,11,,,,183.9,,,,-0.0167,15.5833
64456,Makoua,CG,12,,,,125.2,,,,-0.0167,15.5833
64458,Ouesso,CG,1,25.4,19.3,31.5,48.0,,1009.0,,1.6167,16.05
64458,Ouesso,CG,2,26.8,20.7,33.0,68.7,,1008.2,,1.6167,16.05
64458,Ouesso,CG,3,27.1,21.3,32.9,112.5,,1007.9,,1.6167,16.05
64458,Ouesso,CG,4,26.9,21.1,32.7,116.8,,1008.0,,1.6167,16.05
64458,Ouesso,CG,5,26.8,21.1,32.4,162.6,,1009.3,,1.6167,16.05
64458,Ouesso,CG,6,25.6,20.7,30.6,168.2,,1010.7,,1.6167,16.05
64458,Ouesso,CG,7,25.2,20.4,29.9,126.6,,1011.1,,1.6167,16.05
64458,Ouesso,CG,8,25.5,20.6,30.3,153.0,,1011.2,,1.6167,16.05
64458,Ouesso,CG,9,25.8,20.6,30.9,224.2,,1010.3,,1.6167,16.05
64458,Ouesso,CG,10,26.0,20.8,31.2,237.3,,1009.7,,1.6167,16.05
64458,Ouesso,CG,11,26.0,20.8,31.2,157.2,,1009.0,,1.6167,16.05
64458,Ouesso,CG,12,25.6,20.2,31.1,75.8,,1009.0,,1.6167,16.05
64459,Impfondo,CG,1,26.0,20.2,31.9,49.4,,,,1.6167,18.0667
64459,Impfondo,CG,2,27.0,21.2,32.8,76.5,,,,1.6167,18.0667
64459,Impfondo,CG,3,27.6,22.1,33.2,123.4,,,,1.6167,18.0667
64459,Impfondo,CG,4,27.2,21.8,32.7,142.7,,,,1.6167,18.0667
64459,Impfondo,CG,5,27.2,22.1,32.2,138.9,,,,1.6167,18.0667
64459,Impfondo,CG,6,26.0,21.0,31.0,142.4,,,,1.6167,18.0667
64459,Impfondo,CG,7,25.5,21.1,29.9,144.7,,,,1.6167,18.0667
64459,Impfondo,CG,8,25.5,21.0,30.0,169.7,,,,1.6167,18.0667
64459,Impfondo,CG,9,25.9,20.9,30.9,187.1,,,,1.6167,18.0667
64459,Impfondo,CG,10,26.1,21.4,30.8,190.9,,,,1.6167,18.0667
64459,Impfondo,CG,11,26.2,21.3,31.2,148.6,,,,1.6167,18.0667
64459,Impfondo,CG,12,26.2,21.1,31.2,68.8,,,,1.6167,18.0667
64500,Libreville,GA,1,27.2,24.3,30.1,295.8,,1010.0,10794.0,0.45,9.4167
64500,Libreville,GA,2,27.6,24.5,30.7,246.2,,1009.5,10818.5,0.45,9.4167
64500,Libreville,GA,3,27.6,24.3,31.0,338.2,,1009.4,11529.2,0.45,9.4167
64500,Libreville,GA,4,27.5,24.3,30.7,288.1,,1009.5,10020.0,0.45,9.4167
64500,Libreville,GA,5,27.3,24.6,30.0,235.4,,1010.7,10122.0,0.45,9.4167
64500,Libreville,GA,6,26.1,23.9,28.3,27.2,,1012.7,7700.0,0.45,9.4167
64500,Libreville,GA,7,25.2,22.8,27.5,8.3,,1013.8,7389.2,0.45,9.4167
64500,Libreville,GA,8,25.4,23.2,27.7,35.1,,1013.7,6955.4,0.45,9.4167
64500,Libreville,GA,9,26.2,23.8,28.5,156.4,,1012.6,6750.0,0.45,9.4167
64500,Libreville,GA,10,26.3,23.8,28.8,463.3,,1011.5,7880.0,0.45,9.4167
64500,Libreville,GA,11,26.6,24.0,29.2,505.5,,1010.3,9255.0,0.45,9.4167
64500,Libreville,GA,12,26.9,24.2,29.6,320.9,,1010.1,10601.5,0.45,9.4167
64501,Port-Gentil,GA,1,,,,257.3,,,10390.0,-0.7,8.75
64501,Port-Gentil,GA,2,,,,205.9,,,10106.7,-0.7,8.75
64501,Port-Gentil,GA,3,,,,237.4,,,10710.0,-0.7,8.75
64501,Port-Gentil,GA,4,,,,208.2,,,10207.5,-0.7,8.75
64501,Port-Gentil,GA,5,,,,125.3,,,10680.0,-0.7,8.75
64501,Port-Gentil,GA,6,,,,23.6,,,9876.0,-0.7,8.75
64501,Port-Gentil,GA,7,,,,2.6,,,10423.6,-0.7,8.75
64501,Port-Gentil,GA,8,,,,5.6,,,9830.0,-0.7,8.75
64501,Port-Gentil,GA,9,,,,41.1,,,8835.0,-0.7,8.75
64501,Port-Gentil,GA,10,,,,226.6,,,8190.0,-0.7,8.75
64501,Port-Gentil,GA,11,,,,363.6,,,8295.0,-0.7,8.75
64501,Port-Gentil,GA,12,,,,215.1,,,9795.0,-0.7,8.75
64510,Bitam,GA,1,,,,37.7,,,,2.0833,11.4833
64510,Bitam,GA,2,,,,59.0,,,,2.0833,11.4833
64510,Bitam,GA,3,,,,128.5,,,,2.0833,11.4833
64510,Bitam,GA,4,,,,156.9,,,,2.0833,11.4833
64510,Bitam,GA,5,,,,163.2,,,,2.0833,11.4833
64510,Bitam,GA,6,,,,110.0,,,,2.0833,11.4833
64510,Bitam,GA,7,,,,60.6,,,,2.0833,11.4833
64510,Bitam,GA,8,,,,48.5,,,,2.0833,11.4833
64510,Bitam,GA,9,,,,202.7,,,,2.0833,11.4833
64510,Bitam,GA,10,,,,287.9,,,,2.0833,11.4833
64510,Bitam,GA,11,,,,146.1,,,,2.0833,11.4833
64510,Bitam,GA,12,,,,55.3,,,,2.0833,11.4833
64550,Mouila,GA,1,,,,225.4,,,,-1.8667,11.0167
64550,Mouila,GA,2,,,,172.5,,,,-1.8667,11.0167
64550,Mouila,GA,3,,,,230.9,,,,-1.8667,11.0167
64550,Mouila,GA,4,,,,265.3,,,,-1.8667,11.0167
64550,Mouila,GA,5,,,,188.0,,,,-1.8667,11.0167
64550,Mouila,GA,6,,,,16.4,,,,-1.8667,11.0167
64550,Mouila,GA,7,,,,5.6,,,,-1.8667,11.0167
64550,Mouila,GA,8,,,,11.3,,,,-1.8667,11.0167
64550,Mouila,GA,9,,,,68.9,,,,-1.8667,11.0167
64550,Mouila,GA,10,,,,331.6,,,,-1.8667,11.0167
64550,Mouila,GA,11,,,,247.2,,,,-1.8667,11.0167
64550,Mouila,GA,12,,,,263.0,,,,-1.8667,11.0167
64551,Lambarene,GA,1,,,,119.8,,,,-0.7167,10.2333
64551,Lambarene,GA,2,,,,103.4,,,,-0.7167,10.2333
64551,Lambarene,GA,3,,,,213.5,,,,-0.7167,10.2333
64551,Lambarene,GA,4,,,,248.8,,,,-0.7167,10.2333
64551,Lambarene,GA,5,,,,179.4,,,,-0.7167,10.2333
64551,Lambarene,GA,6,,,,38.4,,,,-0.7167,10.2333
64551,Lambarene,GA,7,,,,3.3,,,,-0.7167,10.2333
64551,Lambarene,GA,8,,,,12.6,,,,-0.7167,10.2333
64551,Lambarene,GA,9,,,,92.1,,,,-0.7167,10.2333
64551,Lambarene,GA,10,,,,348.6,,,,-0.7167,10.2333
64551,Lambarene,GA,11,,,,296.2,,,,-0.7167,10.2333
64551,Lambarene,GA,12,,,,176.7,,,,-0.7167,10.2333
64556,Makokou,GA,1,,,,104.7,,,,0.5667,12.8667
64556,Makokou,GA,2,,,,55.4,,,,0.5667,12.8667
64556,Makokou,GA,3,,,,212.4,,,,0.5667,12.8667
64556,Makokou,GA,4,,,,219.5,,,,0.5667,12.8667
64556,Makokou,GA,5,,,,174.7,,,,0.5667,12.8667
64556,Makokou,GA,6,,,,64.5,,,,0.5667,12.8667
64556,Makokou,GA,7,,,,12.7,,,,0.5667,12.8667
64556,Makokou,GA,8,,,,47.6,,,,0.5667,12.8667
64556,Makokou,GA,9,,,,126.0,,,,0.5667,12.8667
64556,Makokou,GA,10,,,,239.4,,,,0.5667,12.8667
64556,Makokou,GA,11,,,,269.9,,,,0.5667,12.8667
64556,Makokou,GA,12,,,,110.3,,,,0.5667,12.8667
64660,Bambari,CF,1,,,,7.9,,,,5.85,20.65
64660,Bambari,CF,2,,,,17.9,,,,5.85,20.65
64660,Bambari,CF,3,,,,48.0,,,,5.85,20.65
64660,Bambari,CF,4,,,,100.5,,,,5.85,20.65
64660,Bambari,CF,5,,,,164.1,,,,5.85,20.65
64660,Bambari,CF,6,,,,131.7,,,,5.85,20.65
64660,Bambari,CF,7,,,,180.8,,,,5.85,20.65
64660,Bambari,CF,8,,,,220.0,,,,5.85,20.65
64660,Bambari,CF,9,,,,239.2,,,,5.85,20.65
64660,Bambari,CF,10,,,,208.0,,,,5.85,20.65
64660,Bambari,CF,11,,,,43.9,,,,5.85,20.65
64660,Bambari,CF,12,,,,1.0,,,,5.85,20.65
64700,Ndjamena,TD,1,24.0,15.2,32.9,0.0,,1012.0,18264.0,12.1333,15.0333
64700,Ndjamena,TD,2,27.0,18.5,35.6,0.0,,1009.9,15988.4,12.1333,15.0333
64700,Ndjamena,TD,3,30.8,22.0,39.5,0.1,,1007.5,16606.7,12.1333,15.0333
64700,Ndjamena,TD,4,34.5,26.5,42.5,3.2,,1005.2,15363.5,12.1333,15.0333
64700,Ndjamena,TD,5,34.2,27.1,41.4,28.4,,1006.5,16216.7,12.1333,15.0333
64700,Ndjamena,TD,6,31.8,25.7,37.8,53.0,,1008.5,14553.8,12.1333,15.0333
64700,Ndjamena,TD,7,29.1,23.9,34.3,179.2,,1009.6,12886.7,12.1333,15.0333
64700,Ndjamena,TD,8,27.3,23.0,31.6,203.4,,1010.3,11741.1,12.1333,15.0333
64700,Ndjamena,TD,9,28.6,23.5,33.7,96.7,,1009.6,13776.0,12.1333,15.0333
64700,Ndjamena,TD,10,30.2,23.0,37.3,24.8,,1008.7,16555.7,12.1333,15.0333
64700,Ndjamena,TD,11,28.4,19.4,37.4,0.0,,1009.5,18247.1,12.1333,15.0333
64700,Ndjamena,TD,12,25.0,15.9,34.2,0.0,,1011.4,18751.4,12.1333,15.0333
64706,Moundou,TD,1,,,,0.0,,,,8.6167,16.0667
64706,Moundou,TD,2,,,,0.0,,,,8.6167,16.0667
64706,Moundou,TD,3,,,,2.8,,,,8.6167,16.0667
64706,Moundou,TD,4,,,,27.8,,,,8.6167,16.0667
64706,Moundou,TD,5,,,,103.5,,,,8.6167,16.0667
64706,Moundou,TD,6,,,,152.9,,,,8.6167,16.0667
64706,Moundou,TD,7,,,,245.0,,,,8.6167,16.0667
64706,Moundou,TD,8,,,,292.7,,,,8.6167,16.0667
64706,Moundou,TD,9,,,,192.5,,,,8.6167,16.0667
64706,Moundou,TD,10,,,,86.7,,,,8.6167,16.0667
64706,Moundou,TD,11,,,,2.9,,,,8.6167,16.0667
64706,Moundou,TD,12,,,,0.9,,,,8.6167,16.0667
64750,Sarh,TD,1,,,,0.0,,,,9.15,18.3833
64750,Sarh,TD,2,,,,1.6,,,,9.15,18.3833
64750,Sarh,TD,3,,,,3.7,,,,9.15,18.3833
64750,Sarh,TD,4,,,,20.0,,,,9.15,18.3833
64750,Sarh,TD,5,,,,87.9,,,,9.15,18.3833
64750,Sarh,TD,6,,,,164.6,,,,9.15,18.3833
64750,Sarh,TD,7,,,,240.7,,,,9.15,18.3833
64750,Sarh,TD,8,,,,302.5,,,,9.15,18.3833
64750,Sarh,TD,9,,,,198.5,,,,9.15,18.3833
64750,Sarh,TD,10,,,,79.8,,,,9.15,18.3833
64750,Sarh,TD,11,,,,1.9,,,,9.15,18.3833
64750,Sarh,TD,12,,,,0.6,,,,9.15,18.3833
64860,Garoua,CM,1,,,,0.0,,,,9.3333,13.3833
64860,Garoua,CM,2,,,,0.0,,,,9.3333,13.3833
64860,Garoua,CM,3,,,,2.1,,,,9.3333,13.3833
64860,Garoua,CM,4,,,,45.9,,,,9.3333,13.3833
64860,Garoua,CM,5,,,,121.4,,,,9.3333,13.3833
64860,Garoua,CM,6,,,,166.1,,,,9.3333,13.3833
64860,Garoua,CM,7,,,,176.1,,,,9.3333,13.3833
64860,Garoua,CM,8,,,,244.8,,,,9.3333,13.3833
64860,Garoua,CM,9,,,,202.2,,,,9.3333,13.3833
64860,Garoua,CM,10,,,,98.5,,,,9.3333,13.3833
64860,Garoua,CM,11,,,,3.2,,,,9.3333,13.3833
64860,Garoua,CM,12,,,,1.2,,,,9.3333,13.3833
64870,Ngaoundere,CM,1,,,,47.4,,,,7.35,13.5667
64870,Ngaoundere,CM,2,,,,0.6,,,,7.35,13.5667
64870,Ngaoundere,CM,3,,,,25.6,,,,7.35,13.5667
64870,Ngaoundere,CM,4,,,,168.5,,,,7.35,13.5667
64870,Ngaoundere,CM,5,,,,228.3,,,,7.35,13.5667
64870,Ngaoundere,CM,6,,,,190.0,,,,7.35,13.5667
64870,Ngaoundere,CM,7,,,,268.6,,,,7.35,13.5667
64870,Ngaoundere,CM,8,,,,249.7,,,,7.35,13.5667
64870,Ngaoundere,CM,9,,,,252.2,,,,7.35,13.5667
64870,Ngaoundere,CM,10,,,,146.9,,,,7.35,13.5667
64870,Ngaoundere,CM,11,,,,0.4,,,,7.35,13.5667
64870,Ngaoundere,CM,12,,,,8.6,,,,7.35,13.5667
64910,Douala Obs.,CM,1,28.6,24.2,33.1,30.5,,1009.7,10873.8,4.0,9.7333
64910,Douala Obs.,CM,2,29.2,25.4,33.1,65.9,,1009.5,9193.8,4.0,9.7333
64910,Douala Obs.,CM,3,28.9,24.5,33.3,187.4,,1009.2,9300.0,4.0,9.7333
64910,Douala Obs.,CM,4,28.1,23.7,32.5,275.0,,1009.5,10392.0,4.0,9.7333
64910,Douala Obs.,CM,5,28.1,23.9,32.3,303.2,,1010.7,11058.0,4.0,9.7333
64910,Douala Obs.,CM,6,27.0,23.5,30.4,390.4,,1012.6,7569.2,4.0,9.7333
64910,Douala Obs.,CM,7,26.1,23.3,28.9,625.5,,1013.3,5432.3,4.0,9.7333
64910,Douala Obs.,CM,8,25.8,23.1,28.4,683.8,,1013.2,3881.5,4.0,9.7333
64910,Douala Obs.,CM,9,26.2,23.1,29.4,603.9,,1012.2,5523.8,4.0,9.7333
64910,Douala Obs.,CM,10,26.8,22.9,30.7,376.2,,1011.2,8807.1,4.0,9.7333
64910,Douala Obs.,CM,11,27.6,23.5,31.6,161.5,,1010.1,9993.8,4.0,9.7333
64910,Douala Obs.,CM,12,28.2,23.9,32.6,40.0,,1009.9,11024.0,4.0,9.7333
65306,Kandi,BJ,1,25.6,17.2,34.0,0.3,,1011.0,16202.4,11.1333,2.9333
65306,Kandi,BJ,2,29.0,20.9,37.0,1.3,,1009.4,14239.2,11.1333,2.9333
65306,Kandi,BJ,3,32.2,24.8,39.5,5.5,,1007.4,14293.8,11.1333,2.9333
65306,Kandi,BJ,4,33.0,26.7,39.4,36.0,,1006.8,14116.2,11.1333,2.9333
65306,Kandi,BJ,5,30.8,25.4,36.3,122.5,,1008.7,14743.8,11.1333,2.9333
65306,Kandi,BJ,6,28.6,23.7,33.6,147.8,,1010.6,14049.2,11.1333,2.9333
65306,Kandi,BJ,7,27.1,22.9,31.3,217.0,,1011.4,12193.8,11.1333,2.9333
65306,Kandi,BJ,8,26.4,22.5,30.3,262.8,,1011.5,10719.2,11.1333,2.9333
65306,Kandi,BJ,9,26.8,22.3,31.4,184.3,,1011.0,12057.7,11.1333,2.9333
65306,Kandi,BJ,10,28.4,22.6,34.1,54.0,,1009.9,15579.2,11.1333,2.9333
65306,Kandi,BJ,11,27.8,19.4,36.2,0.1,,1009.7,16846.2,11.1333,2.9333
65306,Kandi,BJ,12,25.8,17.0,34.5,0.0,,1010.8,17222.3,11.1333,2.9333
65319,Natitingou,BJ,1,26.8,18.6,34.9,2.0,,1010.5,15962.4,10.3167,1.3833
65319,Natitingou,BJ,2,29.1,21.2,37.0,6.0,,1009.3,14275.4,10.3167,1.3833
65319,Natitingou,BJ,3,31.0,23.8,38.1,18.9,,1007.9,14390.8,10.3167,1.3833
65319,Natitingou,BJ,4,30.3,24.3,36.3,75.0,,1007.9,13783.2,10.3167,1.3833
65319,Natitingou,BJ,5,28.6,23.2,33.9,138.3,,1009.6,14183.1,10.3167,1.3833
65319,Natitingou,BJ,6,27.0,22.0,31.9,160.5,,1011.5,12496.8,10.3167,1.3833
65319,Natitingou,BJ,7,25.8,21.6,30.0,195.1,,1012.2,9966.9,10.3167,1.3833
65319,Natitingou,BJ,8,25.4,21.3,29.4,278.0,,1012.1,8201.5,10.3167,1.3833
65319,Natitingou,BJ,9,25.9,21.1,30.7,252.4,,1011.6,9667.2,10.3167,1.3833
65319,Natitingou,BJ,10,27.0,21.1,32.8,108.1,,1010.5,13405.4,10.3167,1.3833
65319,Natitingou,BJ,11,27.1,18.9,35.3,13.3,,1010.0,16356.9,10.3167,1.3833
65319,Natitingou,BJ,12,26.5,17.6,35.4,0.6,,1010.5,16820.8,10.3167,1.3833
65330,Parakou,BJ,1,27.8,20.3,35.4,2.8,,1010.3,15067.5,9.35,2.6167
65330,Parakou,BJ,2,29.8,22.6,36.9,8.4,,1009.2,13987.2,9.35,2.6167
65330,Parakou,BJ,3,30.8,24.1,37.6,34.1,,1008.1,13883.1,9.35,2.6167
65330,Parakou,BJ,4,29.7,23.9,35.5,83.2,,1008.3,13692.0,9.35,2.6167
65330,Parakou,BJ,5,28.2,23.0,33.4,134.8,,1010.0,13728.5,9.35,2.6167
65330,Parakou,BJ,6,26.8,22.2,31.4,159.6,,1011.7,11392.8,9.35,2.6167
65330,Parakou,BJ,7,25.8,21.9,29.8,192.8,,1012.4,8723.1,9.35,2.6167
65330,Parakou,BJ,8,25.2,21.5,28.9,209.4,,1012.4,7266.9,9.35,2.6167
65330,Parakou,BJ,9,25.8,21.5,30.0,231.5,,1011.8,8906.4,9.35,2.6167
65330,Parakou,BJ,10,26.8,21.8,31.9,115.0,,1010.9,12489.2,9.35,2.6167
65330,Parakou,BJ,11,28.2,21.5,34.9,8.0,,1010.0,15000.0,9.35,2.6167
65330,Parakou,BJ,12,27.8,20.1,35.4,3.2,,1010.3,15740.8,9.35,2.6167
65335,Save,BJ,1,29.0,22.0,36.0,8.6,,1009.7,13214.4,8.0333,2.4667
65335,Save,BJ,2,30.7,23.8,37.6,19.7,,1008.9,12623.1,8.0333,2.4667
65335,Save,BJ,3,30.8,24.4,37.2,54.5,,1008.3,13193.1,8.0333,2.4667
65335,Save,BJ,4,29.6,23.9,35.2,111.3,,1008.6,12853.8,8.0333,2.4667
65335,Save,BJ,5,28.5,23.4,33.6,129.5,,1010.0,13179.2,8.0333,2.4667
65335,Save,BJ,6,27.4,22.7,32.0,151.0,,1011.9,10961.5,8.0333,2.4667
65335,Save,BJ,7,26.3,22.2,30.4,163.4,,1012.6,7440.0,8.0333,2.4667
65335,Save,BJ,8,25.6,21.8,29.5,132.7,,1012.5,5861.5,8.0333,2.4667
65335,Save,BJ,9,26.4,22.1,30.6,176.9,,1011.8,7700.8,8.0333,2.4667
65335,Save,BJ,10,27.4,22.4,32.5,126.9,,1010.8,11790.0,8.0333,2.4667
65335,Save,BJ,11,29.0,22.9,35.0,13.3,,1009.8,13841.5,8.0333,2.4667
65335,Save,BJ,12,29.0,22.1,36.0,3.7,,1009.8,14430.0,8.0333,2.4667
65338,Bohicon,BJ,1,29.2,23.2,35.1,9.6,,1010.1,11752.8,7.1667,2.0667
65338,Bohicon,BJ,2,30.6,24.7,36.4,33.7,,1009.5,11469.2,7.1667,2.0667
65338,Bohicon,BJ,3,30.4,25.0,35.7,69.2,,1009.0,12240.0,7.1667,2.0667
65338,Bohicon,BJ,4,29.5,24.6,34.4,130.1,,1009.4,12124.8,7.1667,2.0667
65338,Bohicon,BJ,5,28.5,24.1,32.9,145.2,,1010.8,12549.6,7.1667,2.0667
65338,Bohicon,BJ,6,27.3,23.3,31.3,154.6,,1012.3,9865.0,7.1667,2.0667
65338,Bohicon,BJ,7,26.3,22.7,29.9,170.8,,1013.2,7396.2,7.1667,2.0667
65338,Bohicon,BJ,8,25.8,22.2,29.3,109.8,,1013.2,6274.6,7.1667,2.0667
65338,Bohicon,BJ,9,26.6,22.8,30.5,167.2,,1012.3,7749.6,7.1667,2.0667
65338,Bohicon,BJ,10,27.4,23.1,31.7,127.8,,1011.3,11905.4,7.1667,2.0667
65338,Bohicon,BJ,11,28.9,23.8,34.0,29.1,,1010.3,14210.8,7.1667,2.0667
65338,Bohicon,BJ,12,29.2,23.6,34.9,9.6,,1010.3,13682.3,7.1667,2.0667
65344,Cotonou,BJ,1,28.0,24.5,31.6,22.0,,1009.8,11047.2,6.35,2.3833
65344,Cotonou,BJ,2,29.2,26.1,32.4,37.1,,1009.4,11513.1,6.35,2.3833
65344,Cotonou,BJ,3,29.6,26.9,32.4,75.1,,1009.0,12694.6,6.35,2.3833
65344,Cotonou,BJ,4,29.2,26.4,32.0,134.9,,1009.1,12450.0,6.35,2.3833
65344,Cotonou,BJ,5,28.4,25.5,31.3,214.8,,1010.5,11683.8,6.35,2.3833
65344,Cotonou,BJ,6,27.1,24.5,29.7,333.3,,1012.1,8256.9,6.35,2.3833
65344,Cotonou,BJ,7,26.4,24.3,28.6,141.3,,1012.9,8376.9,6.35,2.3833
65344,Cotonou,BJ,8,26.2,24.0,28.3,34.0,,1013.0,8750.4,6.35,2.3833
65344,Cotonou,BJ,9,26.6,24.3,29.0,134.6,,1012.1,9093.6,6.35,2.3833
65344,Cotonou,BJ,10,27.2,24.5,30.0,165.6,,1011.0,12053.1,6.35,2.3833
65344,Cotonou,BJ,11,28.4,25.3,31.6,43.0,,1010.0,13998.5,6.35,2.3833
65344,Cotonou,BJ,12,28.5,25.1,31.9,14.1,,1010.0,13377.7,6.35,2.3833
65351,Dapaon,TG,1,,,,0.0,,,,10.8667,0.25
65351,Dapaon,TG,2,,,,4.1,,,,10.8667,0.25
65351,Dapaon,TG,3,,,,12.0,,,,10.8667,0.25
65351,Dapaon,TG,4,,,,59.9,,,,10.8667,0.25
65351,Dapaon,TG,5,,,,117.6,,,,10.8667,0.25
65351,Dapaon,TG,6,,,,162.6,,,,10.8667,0.25
65351,Dapaon,TG,7,,,,192.4,,,,10.8667,0.25
65351,Dapaon,TG,8,,,,269.9,,,,10.8667,0.25
65351,Dapaon,TG,9,,,,233.1,,,,10.8667,0.25
65351,Dapaon,TG,10,,,,95.4,,,,10.8667,0.25
65351,Dapaon,TG,11,,,,1.3,,,,10.8667,0.25
65351,Dapaon,TG,12,,,,0.0,,,,10.8667,0.25
65352,Mango,TG,1,28.0,20.1,36.0,0.2,,1010.2,,10.3667,0.4667
65352,Mango,TG,2,31.0,23.4,38.6,2.1,,1009.5,,10.3667,0.4667
65352,Mango,TG,3,33.2,26.3,40.1,13.0,,1007.8,,10.3667,0.4667
65352,Mango,TG,4,32.3,26.4,38.2,68.5,,1007.9,,10.3667,0.4667
65352,Mango,TG,5,30.4,25.1,35.7,110.2,,1009.5,,10.3667,0.4667
65352,Mango,TG,6,28.6,23.8,33.4,142.1,,1011.6,,10.3667,0.4667
65352,Mango,TG,7,28.0,23.2,32.7,183.6,,1012.2,,10.3667,0.4667
65352,Mango,TG,8,27.2,23.0,31.4,227.2,,1012.3,,10.3667,0.4667
65352,Mango,TG,9,27.4,22.7,32.0,185.2,,1011.6,,10.3667,0.4667
65352,Mango,TG,10,28.8,22.8,34.9,88.6,,1010.5,,10.3667,0.4667
65352,Mango,TG,11,29.4,21.2,37.7,4.1,,1009.8,,10.3667,0.4667
65352,Mango,TG,12,28.0,19.4,36.6,0.0,,1010.4,,10.3667,0.4667
65355,Niamtougou,TG,1,,,,2.5,,1010.4,,9.7667,1.1
65355,Niamtougou,TG,2,,,,7.1,,1009.8,,9.7667,1.1
65355,Niamtougou,TG,3,,,,20.5,,1008.3,,9.7667,1.1
65355,Niamtougou,TG,4,,,,99.8,,1008.4,,9.7667,1.1
65355,Niamtougou,TG,5,,,,158.6,,1010.2,,9.7667,1.1
65355,Niamtougou,TG,6,,,,176.7,,1011.8,,9.7667,1.1
65355,Niamtougou,TG,7,,,,237.9,,1012.7,,9.7667,1.1
65355,Niamtougou,TG,8,,,,265.3,,1012.5,,9.7667,1.1
65355,Niamtougou,TG,9,,,,278.8,,1011.6,,9.7667,1.1
65355,Niamtougou,TG,10,,,,162.5,,1010.9,,9.7667,1.1
65355,Niamtougou,TG,11,,,,21.3,,1010.5,,9.7667,1.1
65355,Niamtougou,TG,12,,,,1.5,,1010.8,,9.7667,1.1
65357,Kara,TG,1,,,,0.0,,1010.6,,9.55,1.1667
65357,Kara,TG,2,,,,6.2,,1010.0,,9.55,1.1667
65357,Kara,TG,3,,,,36.8,,1008.5,,9.55,1.1667
65357,Kara,TG,4,,,,86.1,,1008.6,,9.55,1.1667
65357,Kara,TG,5,,,,157.4,,1010.2,,9.55,1.1667
65357,Kara,TG,6,,,,189.7,,1012.0,,9.55,1.1667
65357,Kara,TG,7,,,,214.3,,1012.7,,9.55,1.1667
65357,Kara,TG,8,,,,277.6,,1012.7,,9.55,1.1667
65357,Kara,TG,9,,,,264.4,,1012.0,,9.55,1.1667
65357,Kara,TG,10,,,,133.0,,1011.4,,9.55,1.1667
65357,Kara,TG,11,,,,12.9,,1010.6,,9.55,1.1667
65357,Kara,TG,12,,,,0.0,,1010.9,,9.55,1.1667
65361,Sokode,TG,1,27.2,19.6,34.9,6.2,,1010.4,,8.9833,1.15
65361,Sokode,TG,2,29.2,21.7,36.6,13.5,,1009.6,,8.9833,1.15
65361,Sokode,TG,3,30.0,23.3,36.8,33.4,,1008.4,,8.9833,1.15
65361,Sokode,TG,4,28.9,23.1,34.7,103.5,,1008.9,,8.9833,1.15
65361,Sokode,TG,5,28.0,22.8,33.2,123.7,,1010.5,,8.9833,1.15
65361,Sokode,TG,6,26.7,22.0,31.4,148.2,,1012.2,,8.9833,1.15
65361,Sokode,TG,7,25.6,21.6,29.7,216.2,,1013.0,,8.9833,1.15
65361,Sokode,TG,8,25.2,21.4,29.1,260.3,,1013.0,,8.9833,1.15
65361,Sokode,TG,9,25.8,21.3,30.3,261.0,,1012.1,,8.9833,1.15
65361,Sokode,TG,10,26.8,21.2,32.3,114.5,,1011.4,,8.9833,1.15
65361,Sokode,TG,11,27.2,19.8,34.7,14.9,,1010.4,,8.9833,1.15
65361,Sokode,TG,12,26.6,18.7,34.6,1.3,,1010.6,,8.9833,1.15
65376,Atakpame,TG,1,28.1,22.5,33.7,7.3,,1010.1,,7.5833,1.1167
65376,Atakpame,TG,2,29.3,23.2,35.4,24.9,,1009.4,,7.5833,1.1167
65376,Atakpame,TG,3,29.0,23.2,34.9,57.8,,1009.0,,7.5833,1.1167
65376,Atakpame,TG,4,27.8,22.5,33.1,127.4,,1009.5,,7.5833,1.1167
65376,Atakpame,TG,5,27.2,22.4,32.0,168.5,,1010.8,,7.5833,1.1167
65376,Atakpame,TG,6,26.0,21.6,30.4,181.2,,1012.5,,7.5833,1.1167
65376,Atakpame,TG,7,25.0,21.2,28.8,218.7,,1013.3,,7.5833,1.1167
65376,Atakpame,TG,8,24.8,20.9,28.7,206.1,,1013.2,,7.5833,1.1167
65376,Atakpame,TG,9,25.4,21.2,29.5,211.4,,1012.4,,7.5833,1.1167
65376,Atakpame,TG,10,26.2,21.4,31.1,136.8,,1011.4,,7.5833,1.1167
65376,Atakpame,TG,11,27.6,22.1,33.2,12.3,,1010.4,,7.5833,1.1167
65376,Atakpame,TG,12,28.0,22.2,33.8,10.0,,1010.3,,7.5833,1.1167
65380,Tabligbo,TG,1,,,,7.6,,,,6.5833,1.5
65380,Tabligbo,TG,2,,,,30.8,,,,6.5833,1.5
65380,Tabligbo,TG,3,,,,109.1,,,,6.5833,1.5
65380,Tabligbo,TG,4,,,,114.6,,,,6.5833,1.5
65380,Tabligbo,TG,5,,,,172.4,,,,6.5833,1.5
65380,Tabligbo,TG,6,,,,170.4,,,,6.5833,1.5
65380,Tabligbo,TG,7,,,,85.8,,,,6.5833,1.5
65380,Tabligbo,TG,8,,,,59.5,,,,6.5833,1.5
65380,Tabligbo,TG,9,,,,123.6,,,,6.5833,1.5
65380,Tabligbo,TG,10,,,,152.2,,,,6.5833,1.5
65380,Tabligbo,TG,11,,,,44.7,,,,6.5833,1.5
65380,Tabligbo,TG,12,,,,11.8,,,,6.5833,1.5
65387,Lome,TG,1,28.8,24.3,33.2,13.2,,1010.1,11456.0,6.1667,1.25
65387,Lome,TG,2,29.8,26.1,33.4,15.7,,1009.8,11903.3,6.1667,1.25
65387,Lome,TG,3,30.0,26.4,33.7,63.8,,1009.4,12376.0,6.1667,1.25
65387,Lome,TG,4,29.3,25.6,33.0,99.5,,1009.8,12501.4,6.1667,1.25
65387,Lome,TG,5,28.6,25.0,32.2,162.0,,1011.0,12669.2,6.1667,1.25
65387,Lome,TG,6,27.3,24.2,30.4,176.5,,1012.7,8748.0,6.1667,1.25
65387,Lome,TG,7,26.6,23.7,29.4,76.3,,1013.4,9101.5,6.1667,1.25
65387,Lome,TG,8,26.2,23.3,29.1,30.6,,1013.5,9226.2,6.1667,1.25
65387,Lome,TG,9,27.0,24.0,30.1,74.7,,1012.5,9633.8,6.1667,1.25
65387,Lome,TG,10,27.8,24.2,31.4,109.8,,1011.4,13188.0,6.1667,1.25
65387,Lome,TG,11,28.8,24.9,32.8,20.6,,1010.5,14257.5,6.1667,1.25
65387,Lome,TG,12,29.1,24.6,33.6,5.8,,1010.4,13215.0,6.1667,1.25
65418,Tamale,GH,1,27.6,19.2,36.0,2.6,,1012.0,14764.6,9.5,-0.85
65418,Tamale,GH,2,30.4,22.9,38.0,13.6,,1010.9,14100.0,9.5,-0.85
65418,Tamale,GH,3,32.2,25.9,38.6,48.5,,1009.9,13360.0,9.5,-0.85
65418,Tamale,GH,4,31.3,26.0,36.6,92.1,,1009.8,13860.0,9.5,-0.85
65418,Tamale,GH,5,29.7,24.9,34.5,95.8,,1011.6,14460.0,9.5,-0.85
65418,Tamale,GH,6,27.9,23.8,32.0,125.7,,1013.0,12652.5,9.5,-0.85
65418,Tamale,GH,7,26.9,23.2,30.6,202.8,,1013.8,10932.0,9.5,-0.85
65418,Tamale,GH,8,26.6,23.0,30.3,191.4,,1013.6,9376.4,9.5,-0.85
65418,Tamale,GH,9,26.8,22.6,31.1,202.2,,1013.5,10260.0,9.5,-0.85
65418,Tamale,GH,10,28.2,23.0,33.5,103.9,,1012.7,14874.5,9.5,-0.85
65418,Tamale,GH,11,28.0,20.5,35.6,11.6,,1011.2,15926.7,9.5,-0.85
65418,Tamale,GH,12,27.6,19.0,36.2,2.9,,1012.2,15870.0,9.5,-0.85
65439,Sunyani,GH,1,,,,12.6,,1011.2,,7.3333,-2.3333
65439,Sunyani,GH,2,,,,47.5,,1010.2,,7.3333,-2.3333
65439,Sunyani,GH,3,,,,109.4,,1011.1,,7.3333,-2.3333
65439,Sunyani,GH,4,,,,170.5,,1010.2,,7.3333,-2.3333
65439,Sunyani,GH,5,,,,155.3,,1011.5,,7.3333,-2.3333
65439,Sunyani,GH,6,,,,175.7,,1013.3,,7.3333,-2.3333
65439,Sunyani,GH,7,,,,109.2,,1013.8,,7.3333,-2.3333
65439,Sunyani,GH,8,,,,65.3,,1013.6,,7.3333,-2.3333
65439,Sunyani,GH,9,,,,199.7,,1013.3,,7.3333,-2.3333
65439,Sunyani,GH,10,,,,193.0,,1013.1,,7.3333,-2.3333
65439,Sunyani,GH,11,,,,64.4,,1011.2,,7.3333,-2.3333
65439,Sunyani,GH,12,,,,21.8,,1011.1,,7.3333,-2.3333
65442,Kumasi,GH,1,27.3,21.6,33.0,29.0,,1011.4,10392.9,6.7167,-1.6
65442,Kumasi,GH,2,28.6,23.0,34.3,52.2,,1010.7,11288.6,6.7167,-1.6
65442,Kumasi,GH,3,28.5,23.1,33.9,88.2,,1010.7,11121.4,6.7167,-1.6
65442,Kumasi,GH,4,28.0,23.2,32.9,155.0,,1011.0,11850.0,6.7167,-1.6
65442,Kumasi,GH,5,27.4,23.0,31.9,165.1,,1012.2,12128.6,6.7167,-1.6
65442,Kumasi,GH,6,26.2,22.2,30.3,200.8,,1014.0,8406.0,6.7167,-1.6
65442,Kumasi,GH,7,25.4,21.7,29.0,118.6,,1014.5,6024.0,6.7167,-1.6
65442,Kumasi,GH,8,25.2,21.7,28.7,75.7,,1014.3,4655.0,6.7167,-1.6
65442,Kumasi,GH,9,25.8,22.0,29.7,169.3,,1013.8,5856.0,6.7167,-1.6
65442,Kumasi,GH,10,26.6,22.1,31.2,202.8,,1012.5,10581.8,6.7167,-1.6
65442,Kumasi,GH,11,27.5,22.7,32.3,53.5,,1011.5,12169.1,6.7167,-1.6
65442,Kumasi,GH,12,27.2,22.4,32.0,25.3,,1011.6,11321.5,6.7167,-1.6
65467,Takoradi,GH,1,27.6,23.6,31.6,24.8,,1011.1,11640.0,4.8833,-1.7667
65467,Takoradi,GH,2,28.0,24.3,31.8,34.5,,1010.7,11760.0,4.8833,-1.7667
65467,Takoradi,GH,3,28.4,24.7,32.0,76.1,,1010.6,12286.2,4.8833,-1.7667
65467,Takoradi,GH,4,28.4,24.8,31.9,112.6,,1010.4,13001.5,4.8833,-1.7667
65467,Takoradi,GH,5,27.6,24.1,31.2,198.1,,1012.0,12305.0,4.8833,-1.7667
65467,Takoradi,GH,6,26.5,23.6,29.4,204.7,,1013.8,8874.5,4.8833,-1.7667
65467,Takoradi,GH,7,25.8,23.1,28.5,89.1,,1014.6,9414.5,4.8833,-1.7667
65467,Takoradi,GH,8,25.2,22.5,27.8,28.8,,1014.4,8926.2,4.8833,-1.7667
65467,Takoradi,GH,9,25.8,23.2,28.5,79.9,,1013.8,8095.7,4.8833,-1.7667
65467,Takoradi,GH,10,26.9,23.6,30.2,179.0,,1012.4,12863.1,4.8833,-1.7667
65467,Takoradi,GH,11,27.6,23.9,31.2,64.8,,1011.3,14070.0,4.8833,-1.7667
65467,Takoradi,GH,12,27.7,23.8,31.6,22.7,,1011.1,13407.7,4.8833,-1.7667
65472,Accra,GH,1,28.6,24.3,32.8,9.4,,1010.9,11427.7,5.6,-0.1667
65472,Accra,GH,2,29.3,25.5,33.1,19.9,,1010.4,11864.0,5.6,-0.1667
65472,Accra,GH,3,29.4,25.6,33.1,57.4,,1010.3,12096.9,5.6,-0.1667
65472,Accra,GH,4,29.2,25.6,32.7,82.8,,1010.3,13234.3,5.6,-0.1667
65472,Accra,GH,5,28.4,24.8,31.9,148.6,,1011.7,13085.0,5.6,-0.1667
65472,Accra,GH,6,26.9,23.9,29.9,167.0,,1013.5,9780.0,5.6,-0.1667
65472,Accra,GH,7,26.2,23.5,28.9,59.5,,1014.1,9146.7,5.6,-0.1667
65472,Accra,GH,8,25.8,22.9,28.6,18.9,,1014.0,9130.0,5.6,-0.1667
65472,Accra,GH,9,26.6,23.6,29.7,45.6,,1013.2,10536.0,5.6,-0.1667
65472,Accra,GH,10,27.5,24.0,31.0,81.9,,1011.9,14524.6,5.6,-0.1667
65472,Accra,GH,11,28.5,24.9,32.1,44.6,,1010.9,14967.3,5.6,-0.1667
65472,Accra,GH,12,28.6,24.9,32.4,33.5,,1010.9,13910.0,5.6,-0.1667
65501,Dori,BF,1,24.2,15.7,32.6,0.4,,1012.8,17102.4,14.0333,-0.0333
65501,Dori,BF,2,27.0,18.3,35.7,0.0,,1011.2,15512.7,14.0333,-0.0333
65501,Dori,BF,3,31.4,22.6,40.1,1.9,,1008.4,15854.4,14.0333,-0.0333
65501,Dori,BF,4,34.8,27.2,42.4,5.7,,1006.4,15357.4,14.0333,-0.0333
65501,Dori,BF,5,35.3,28.9,41.8,26.4,,1007.2,16301.7,14.0333,-0.0333
65501,Dori,BF,6,33.0,27.3,38.8,67.5,,1009.0,15160.8,14.0333,-0.0333
65501,Dori,BF,7,30.2,25.0,35.3,126.0,,1010.1,15109.6,14.0333,-0.0333
65501,Dori,BF,8,29.0,24.3,33.8,186.0,,1010.6,14562.5,14.0333,-0.0333
65501,Dori,BF,9,30.3,24.8,35.8,78.2,,1010.2,15126.9,14.0333,-0.0333
65501,Dori,BF,10,31.8,24.9,38.7,16.7,,1009.3,16956.9,14.0333,-0.0333
65501,Dori,BF,11,28.8,19.9,37.7,0.0,,1010.4,17298.3,14.0333,-0.0333
65501,Dori,BF,12,25.4,16.6,34.3,0.0,,1012.2,17820.0,14.0333,-0.0333
65502,Ouahigouya,BF,1,25.0,17.7,32.4,0.1,,1011.9,16630.0,13.5667,-2.4167
65502,Ouahigouya,BF,2,28.0,20.5,35.5,0.1,,1010.3,15571.3,13.5667,-2.4167
65502,Ouahigouya,BF,3,32.0,24.5,39.4,1.5,,1007.8,15811.3,13.5667,-2.4167
65502,Ouahigouya,BF,4,34.4,27.7,41.0,5.8,,1006.1,14963.5,13.5667,-2.4167
65502,Ouahigouya,BF,5,34.4,28.4,40.4,32.1,,1007.1,16186.4,13.5667,-2.4167
65502,Ouahigouya,BF,6,31.7,26.1,37.3,101.3,,1009.0,15135.0,13.5667,-2.4167
65502,Ouahigouya,BF,7,28.8,24.0,33.7,170.3,,1010.1,14973.0,13.5667,-2.4167
65502,Ouahigouya,BF,8,27.7,23.3,32.1,229.2,,1010.5,13688.2,13.5667,-2.4167
65502,Ouahigouya,BF,9,28.6,23.5,33.6,127.4,,1010.2,14850.0,13.5667,-2.4167
65502,Ouahigouya,BF,10,30.7,24.3,37.1,38.2,,1009.0,16876.8,13.5667,-2.4167
65502,Ouahigouya,BF,11,29.4,21.7,37.0,1.3,,1009.6,17076.5,13.5667,-2.4167
65502,Ouahigouya,BF,12,26.2,18.7,33.8,0.0,,1011.4,17207.0,13.5667,-2.4167
65503,Ouagadougou,BF,1,25.3,17.1,33.5,0.1,,1011.7,16705.0,12.35,-1.5167
65503,Ouagadougou,BF,2,28.4,20.4,36.3,0.1,,1010.4,15105.0,12.35,-1.5167
65503,Ouagadougou,BF,3,32.0,24.5,39.5,3.5,,1008.0,14841.6,12.35,-1.5167
65503,Ouagadougou,BF,4,34.1,28.0,40.2,26.6,,1006.7,14110.4,12.35,-1.5167
65503,Ouagadougou,BF,5,32.8,27.3,38.4,56.6,,1008.3,15679.1,12.35,-1.5167
65503,Ouagadougou,BF,6,30.4,25.2,35.6,82.9,,1010.1,14757.6,12.35,-1.5167
65503,Ouagadougou,BF,7,28.0,23.4,32.7,194.8,,1011.2,13860.0,12.35,-1.5167
65503,Ouagadougou,BF,8,27.2,23.0,31.5,215.5,,1011.4,12033.6,12.35,-1.5167
65503,Ouagadougou,BF,9,28.0,23.2,32.8,142.7,,1011.1,13445.2,12.35,-1.5167
65503,Ouagadougou,BF,10,30.0,24.1,35.9,34.2,,1009.9,16291.2,12.35,-1.5167
65503,Ouagadougou,BF,11,28.6,20.6,36.7,0.8,,1010.0,17321.1,12.35,-1.5167
65503,Ouagadougou,BF,12,26.0,17.6,34.4,0.0,,1011.5,17296.2,12.35,-1.5167
65505,Dedougou,BF,1,25.9,17.7,34.1,0.1,,1011.6,17347.5,12.4667,-3.4833
65505,Dedougou,BF,2,28.7,20.6,36.8,0.0,,1009.8,15501.4,12.4667,-3.4833
65505,Dedougou,BF,3,32.5,24.8,40.2,6.1,,1007.6,15678.8,12.4667,-3.4833
65505,Dedougou,BF,4,33.8,27.0,40.7,32.2,,1006.7,14548.0,12.4667,-3.4833
65505,Dedougou,BF,5,32.8,26.7,38.9,51.2,,1008.1,15710.0,12.4667,-3.4833
65505,Dedougou,BF,6,30.2,24.5,35.8,112.5,,1010.2,14830.0,12.4667,-3.4833
65505,Dedougou,BF,7,27.6,22.9,32.4,199.7,,1011.2,13830.0,12.4667,-3.4833
65505,Dedougou,BF,8,26.8,22.3,31.2,254.0,,1011.3,12705.0,12.4667,-3.4833
65505,Dedougou,BF,9,27.6,22.3,32.9,149.1,,1011.1,14006.7,12.4667,-3.4833
65505,Dedougou,BF,10,29.8,23.0,36.5,40.3,,1009.8,16422.4,12.4667,-3.4833
65505,Dedougou,BF,11,29.1,20.7,37.5,1.6,,1009.6,17497.5,12.4667,-3.4833
65505,Dedougou,BF,12,26.6,18.2,35.0,0.0,,1011.1,17928.8,12.4667,-3.4833
65507,Fada N'Gourma,BF,1,26.0,18.2,33.9,0.0,,1011.4,16604.3,12.0333,0.3667
65507,Fada N'Gourma,BF,2,29.1,21.3,36.9,2.0,,1009.9,15000.0,12.0333,0.3667
65507,Fada N'Gourma,BF,3,32.5,24.9,40.1,7.8,,1007.8,15040.0,12.0333,0.3667
65507,Fada N'Gourma,BF,4,33.8,27.2,40.3,33.6,,1006.7,14334.5,12.0333,0.3667
65507,Fada N'Gourma,BF,5,32.0,26.3,37.7,67.3,,1008.5,15761.1,12.0333,0.3667
65507,Fada N'Gourma,BF,6,29.6,24.4,34.7,113.9,,1010.4,14861.7,12.0333,0.3667
65507,Fada N'Gourma,BF,7,27.4,23.1,31.8,175.3,,1011.1,13306.7,12.0333,0.3667
65507,Fada N'Gourma,BF,8,26.6,22.6,30.6,243.2,,1011.4,11991.8,12.0333,0.3667
65507,Fada N'Gourma,BF,9,27.4,22.7,32.0,149.0,,1011.0,13301.7,12.0333,0.3667
65507,Fada N'Gourma,BF,10,29.2,23.1,35.3,46.8,,1009.9,16102.5,12.0333,0.3667
65507,Fada N'Gourma,BF,11,28.8,20.6,37.1,0.7,,1009.8,17032.2,12.0333,0.3667
65507,Fada N'Gourma,BF,12,26.8,18.5,35.0,0.0,,1010.9,17424.0,12.0333,0.3667
65510,Bobo-Dioulasso,BF,1,26.2,19.3,33.1,0.9,,1011.1,15568.8,11.1667,-4.3167
65510,Bobo-Dioulasso,BF,2,28.8,22.0,35.7,0.6,,1009.6,13937.1,11.1667,-4.3167
65510,Bobo-Dioulasso,BF,3,31.4,24.8,37.9,17.0,,1007.7,13900.9,11.1667,-4.3167
65510,Bobo-Dioulasso,BF,4,31.4,25.3,37.4,53.4,,1007.4,12782.5,11.1667,-4.3167
65510,Bobo-Dioulasso,BF,5,29.8,24.2,35.5,98.7,,1009.1,14102.6,11.1667,-4.3167
65510,Bobo-Dioulasso,BF,6,27.8,22.7,32.9,130.8,,1010.9,12811.3,11.1667,-4.3167
65510,Bobo-Dioulasso,BF,7,26.2,21.8,30.6,200.3,,1011.7,11720.9,11.1667,-4.3167
65510,Bobo-Dioulasso,BF,8,25.6,21.5,29.7,267.5,,1011.8,10107.7,11.1667,-4.3167
65510,Bobo-Dioulasso,BF,9,26.1,21.4,30.8,182.8,,1011.5,11610.0,11.1667,-4.3167
65510,Bobo-Dioulasso,BF,10,27.8,22.1,33.4,71.3,,1010.3,14838.5,11.1667,-4.3167
65510,Bobo-Dioulasso,BF,11,28.2,21.5,35.0,6.1,,1009.8,16224.5,11.1667,-4.3167
65510,Bobo-Dioulasso,BF,12,26.5,19.4,33.6,0.6,,1010.9,15686.4,11.1667,-4.3167
65516,Boromo,BF,1,25.6,17.0,34.2,1.0,,1011.2,15812.5,11.75,-2.9333
65516,Boromo,BF,2,28.5,20.2,36.8,0.9,,1009.6,13948.7,11.75,-2.9333
65516,Boromo,BF,3,32.0,24.4,39.7,5.3,,1007.6,14240.8,11.75,-2.9333
65516,Boromo,BF,4,33.3,26.9,39.8,48.0,,1006.9,13270.4,11.75,-2.9333
65516,Boromo,BF,5,32.2,26.3,38.0,75.1,,1008.5,14105.5,11.75,-2.9333
65516,Boromo,BF,6,29.8,24.3,35.2,114.5,,1010.5,13135.2,11.75,-2.9333
65516,Boromo,BF,7,27.6,23.0,32.2,195.5,,1011.3,12062.6,11.75,-2.9333
65516,Boromo,BF,8,26.8,22.5,31.1,256.8,,1011.4,11323.8,11.75,-2.9333
65516,Boromo,BF,9,27.4,22.5,32.2,159.2,,1011.1,12821.5,11.75,-2.9333
65516,Boromo,BF,10,29.2,22.9,35.4,56.3,,1009.9,15576.0,11.75,-2.9333
65516,Boromo,BF,11,28.2,19.6,36.8,1.7,,1009.7,16290.0,11.75,-2.9333
65516,Boromo,BF,12,26.1,17.2,35.0,0.0,,1010.9,15962.5,11.75,-2.9333
65518,Po,BF,1,26.2,18.4,34.1,0.7,,1010.5,16641.4,11.15,-1.15
65518,Po,BF,2,29.2,21.6,36.7,4.5,,1008.8,14493.8,11.15,-1.15
65518,Po,BF,3,32.2,25.3,39.1,6.9,,1007.1,14846.7,11.15,-1.15
65518,Po,BF,4,32.4,26.2,38.6,62.5,,1006.5,14890.6,11.15,-1.15
65518,Po,BF,5,30.5,25.0,36.0,87.2,,1008.6,14905.7,11.15,-1.15
65518,Po,BF,6,28.2,23.3,33.2,130.5,,1010.2,13603.3,11.15,-1.15
65518,Po,BF,7,26.8,22.4,31.2,197.3,,1010.9,12803.3,11.15,-1.15
65518,Po,BF,8,26.0,21.9,30.2,282.3,,1011.4,10913.3,11.15,-1.15
65518,Po,BF,9,26.5,21.8,31.2,196.9,,1010.7,11943.3,11.15,-1.15
65518,Po,BF,10,28.3,22.3,34.3,51.2,,1009.4,15933.3,11.15,-1.15
65518,Po,BF,11,28.6,20.8,36.4,0.8,,1009.1,16556.0,11.15,-1.15
65518,Po,BF,12,26.7,18.5,34.9,0.0,,1010.2,17471.2,11.15,-1.15
65522,Gaoua,BF,1,25.5,16.5,34.5,3.2,,1010.7,16207.8,10.3333,-3.1833
65522,Gaoua,BF,2,28.2,19.7,36.7,5.8,,1009.4,14500.9,10.3333,-3.1833
65522,Gaoua,BF,3,31.0,24.0,38.1,26.3,,1007.7,14671.2,10.3333,-3.1833
65522,Gaoua,BF,4,31.2,25.6,36.7,68.0,,1007.7,14100.0,10.3333,-3.1833
65522,Gaoua,BF,5,29.7,24.7,34.7,119.6,,1009.4,15126.0,10.3333,-3.1833
65522,Gaoua,BF,6,28.0,23.5,32.5,140.3,,1011.1,14217.4,10.3333,-3.1833
65522,Gaoua,BF,7,26.8,22.8,30.8,181.5,,1011.9,12671.4,10.3333,-3.1833
65522,Gaoua,BF,8,26.2,22.4,29.9,231.8,,1011.8,10046.1,10.3333,-3.1833
65522,Gaoua,BF,9,26.6,22.2,31.1,186.5,,1011.6,11619.2,10.3333,-3.1833
65522,Gaoua,BF,10,28.1,22.3,33.9,97.2,,1010.4,15072.0,10.3333,-3.1833
65522,Gaoua,BF,11,27.8,19.7,35.9,14.1,,1009.7,16090.4,10.3333,-3.1833
65522,Gaoua,BF,12,25.7,16.4,35.0,0.2,,1010.5,16828.7,10.3333,-3.1833
65545,Bondoukou,CI,1,27.6,20.1,35.0,8.6,,1010.1,,8.05,-2.7833
65545,Bondoukou,CI,2,29.0,22.0,36.1,19.6,,1009.3,,8.05,-2.7833
65545,Bondoukou,CI,3,29.4,23.3,35.5,79.0,,1008.8,,8.05,-2.7833
65545,Bondoukou,CI,4,28.2,22.8,33.6,145.6,,1009.1,,8.05,-2.7833
65545,Bondoukou,CI,5,27.4,22.7,32.2,160.7,,1010.5,,8.05,-2.7833
65545,Bondoukou,CI,6,25.9,21.8,30.0,151.5,,1012.4,,8.05,-2.7833
65545,Bondoukou,CI,7,25.0,21.5,28.5,97.3,,1013.0,,8.05,-2.7833
65545,Bondoukou,CI,8,24.7,21.2,28.2,74.2,,1013.0,,8.05,-2.7833
65545,Bondoukou,CI,9,25.5,21.6,29.3,156.7,,1012.2,,8.05,-2.7833
65545,Bondoukou,CI,10,26.2,20.9,31.4,135.3,,1010.8,,8.05,-2.7833
65545,Bondoukou,CI,11,27.4,22.0,32.8,29.5,,1010.2,,8.05,-2.7833
65545,Bondoukou,CI,12,26.8,20.2,33.3,14.8,,1010.4,,8.05,-2.7833
65555,Bouake,CI,1,,,,10.5,,,,7.7333,-5.0667
65555,Bouake,CI,2,,,,31.2,,,,7.7333,-5.0667
65555,Bouake,CI,3,,,,70.1,,,,7.7333,-5.0667
65555,Bouake,CI,4,,,,124.3,,,,7.7333,-5.0667
65555,Bouake,CI,5,,,,121.5,,,,7.7333,-5.0667
65555,Bouake,CI,6,,,,131.0,,,,7.7333,-5.0667
65555,Bouake,CI,7,,,,112.5,,,,7.7333,-5.0667
65555,Bouake,CI,8,,,,128.3,,,,7.7333,-5.0667
65555,Bouake,CI,9,,,,168.0,,,,7.7333,-5.0667
65555,Bouake,CI,10,,,,103.5,,,,7.7333,-5.0667
65555,Bouake,CI,11,,,,25.4,,,,7.7333,-5.0667
65555,Bouake,CI,12,,,,21.9,,,,7.7333,-5.0667
65557,Gagnoa,CI,1,27.6,21.1,34.1,17.0,,1010.3,11956.4,6.1333,-5.95
65557,Gagnoa,CI,2,28.8,22.6,35.1,81.3,,1010.0,11552.7,6.1333,-5.95
65557,Gagnoa,CI,3,29.0,23.1,35.0,130.6,,1009.4,11424.0,6.1333,-5.95
65557,Gagnoa,CI,4,28.3,22.8,33.8,202.6,,1009.8,11730.0,6.1333,-5.95
65557,Gagnoa,CI,5,27.8,22.7,33.0,196.6,,1011.4,11136.0,6.1333,-5.95
65557,Gagnoa,CI,6,27.0,22.5,31.5,184.6,,1013.0,7953.3,6.1333,-5.95
65557,Gagnoa,CI,7,25.9,21.7,30.1,94.9,,1013.6,6550.9,6.1333,-5.95
65557,Gagnoa,CI,8,25.8,21.7,29.8,80.3,,1013.5,5502.9,6.1333,-5.95
65557,Gagnoa,CI,9,26.6,22.3,30.9,150.4,,1012.5,6702.9,6.1333,-5.95
65557,Gagnoa,CI,10,27.3,22.5,32.1,189.6,,1011.4,10358.2,6.1333,-5.95
65557,Gagnoa,CI,11,27.6,22.6,32.6,109.8,,1010.6,10389.2,6.1333,-5.95
65557,Gagnoa,CI,12,27.4,21.9,32.9,40.8,,1010.2,10786.2,6.1333,-5.95
65560,Daloa,CI,1,,,,10.6,,1010.0,,6.8667,-6.4667
65560,Daloa,CI,2,,,,45.8,,1009.5,,6.8667,-6.4667
65560,Daloa,CI,3,,,,106.0,,1009.2,,6.8667,-6.4667
65560,Daloa,CI,4,,,,111.1,,1009.5,,6.8667,-6.4667
65560,Daloa,CI,5,,,,141.7,,1010.7,,6.8667,-6.4667
65560,Daloa,CI,6,,,,147.3,,1013.4,,6.8667,-6.4667
65560,Daloa,CI,7,,,,120.0,,1013.4,,6.8667,-6.4667
65560,Daloa,CI,8,,,,126.4,,1013.0,,6.8667,-6.4667
65560,Daloa,CI,9,,,,179.2,,1012.3,,6.8667,-6.4667
65560,Daloa,CI,10,,,,161.0,,1011.2,,6.8667,-6.4667
65560,Daloa,CI,11,,,,44.7,,1010.4,,6.8667,-6.4667
65560,Daloa,CI,12,,,,31.4,,1010.6,,6.8667,-6.4667
65562,Dimbokro,CI,1,28.2,20.7,35.7,10.8,,,12540.0,6.65,-4.7
65562,Dimbokro,CI,2,30.0,22.9,37.1,41.0,,,12052.0,6.65,-4.7
65562,Dimbokro,CI,3,30.2,23.8,36.6,101.8,,,12341.5,6.65,-4.7
65562,Dimbokro,CI,4,29.5,23.5,35.5,141.5,,,13030.0,6.65,-4.7
65562,Dimbokro,CI,5,29.0,23.5,34.5,164.5,,,13072.5,6.65,-4.7
65562,Dimbokro,CI,6,27.8,22.9,32.6,178.5,,,9253.3,6.65,-4.7
65562,Dimbokro,CI,7,26.7,22.3,31.1,77.5,,,6380.0,6.65,-4.7
65562,Dimbokro,CI,8,26.5,22.0,31.0,61.3,,,5827.5,6.65,-4.7
65562,Dimbokro,CI,9,27.4,22.7,32.2,100.1,,,7026.7,6.65,-4.7
65562,Dimbokro,CI,10,27.9,22.7,33.1,153.3,,,12080.0,6.65,-4.7
65562,Dimbokro,CI,11,28.2,22.8,33.6,50.2,,,12520.0,6.65,-4.7
65562,Dimbokro,CI,12,27.8,21.5,34.0,16.9,,,11186.7,6.65,-4.7
65563,Yamoussoukro,CI,1,,,,7.5,,1009.8,,6.9,-5.35
65563,Yamoussoukro,CI,2,,,,37.3,,1009.5,,6.9,-5.35
65563,Yamoussoukro,CI,3,,,,93.8,,1008.9,,6.9,-5.35
65563,Yamoussoukro,CI,4,,,,134.9,,1009.4,,6.9,-5.35
65563,Yamoussoukro,CI,5,,,,172.0,,1010.6,,6.9,-5.35
65563,Yamoussoukro,CI,6,,,,173.8,,1012.2,,6.9,-5.35
65563,Yamoussoukro,CI,7,,,,122.7,,1013.1,,6.9,-5.35
65563,Yamoussoukro,CI,8,,,,86.9,,1012.7,,6.9,-5.35
65563,Yamoussoukro,CI,9,,,,139.9,,1012.1,,6.9,-5.35
65563,Yamoussoukro,CI,10,,,,157.1,,1010.9,,6.9,-5.35
65563,Yamoussoukro,CI,11,,,,46.6,,1010.2,,6.9,-5.35
65563,Yamoussoukro,CI,12,,,,14.6,,1010.4,,6.9,-5.35
65578,Abidjan,CI,1,28.3,24.8,31.8,24.3,,1010.3,12585.0,5.25,-3.9333
65578,Abidjan,CI,2,29.1,25.7,32.5,37.9,,1010.1,12552.9,5.25,-3.9333
65578,Abidjan,CI,3,29.2,25.8,32.5,79.3,,1009.7,12972.9,5.25,-3.9333
65578,Abidjan,CI,4,28.8,25.6,31.9,164.3,,1009.8,12813.8,5.25,-3.9333
65578,Abidjan,CI,5,28.4,25.2,31.5,266.6,,1010.9,11970.0,5.25,-3.9333
65578,Abidjan,CI,6,27.1,24.6,29.6,439.2,,1013.0,7905.0,5.25,-3.9333
65578,Abidjan,CI,7,26.0,23.7,28.4,130.2,,1013.9,9360.0,5.25,-3.9333
65578,Abidjan,CI,8,25.4,22.9,27.9,22.5,,1013.9,7252.5,5.25,-3.9333
65578,Abidjan,CI,9,26.0,23.3,28.8,63.7,,1013.0,7932.0,5.25,-3.9333
65578,Abidjan,CI,10,27.4,24.6,30.3,195.1,,1011.7,12041.5,5.25,-3.9333
65578,Abidjan,CI,11,28.2,25.1,31.4,168.0,,1010.7,13345.0,5.25,-3.9333
65578,Abidjan,CI,12,28.2,24.9,31.6,75.5,,1010.6,12790.0,5.25,-3.9333
65585,Adiake,CI,1,,,,30.5,,,,5.3,-3.3
65585,Adiake,CI,2,,,,56.7,,,,5.3,-3.3
65585,Adiake,CI,3,,,,101.3,,,,5.3,-3.3
65585,Adiake,CI,4,,,,132.5,,,,5.3,-3.3
65585,Adiake,CI,5,,,,236.6,,,,5.3,-3.3
65585,Adiake,CI,6,,,,398.3,,,,5.3,-3.3
65585,Adiake,CI,7,,,,117.1,,,,5.3,-3.3
65585,Adiake,CI,8,,,,39.2,,,,5.3,-3.3
65585,Adiake,CI,9,,,,100.4,,,,5.3,-3.3
65585,Adiake,CI,10,,,,233.8,,,,5.3,-3.3
65585,Adiake,CI,11,,,,133.3,,,,5.3,-3.3
65585,Adiake,CI,12,,,,56.8,,,,5.3,-3.3
65592,Tabou,CI,1,26.8,21.7,31.8,38.0,,1010.3,11844.0,4.4167,-7.3667
65592,Tabou,CI,2,27.2,22.2,32.1,50.4,,1010.3,11292.0,4.4167,-7.3667
65592,Tabou,CI,3,27.2,22.4,32.1,66.7,,1010.0,12055.4,4.4167,-7.3667
65592,Tabou,CI,4,27.2,22.4,31.9,129.0,,1010.2,11932.0,4.4167,-7.3667
65592,Tabou,CI,5,26.6,22.6,30.7,339.6,,1011.6,8820.0,4.4167,-7.3667
65592,Tabou,CI,6,25.7,22.5,28.9,448.8,,1013.3,5994.0,4.4167,-7.3667
65592,Tabou,CI,7,25.2,22.3,28.2,194.2,,1014.3,6386.7,4.4167,-7.3667
65592,Tabou,CI,8,24.8,22.1,27.6,153.5,,1014.0,4566.7,4.4167,-7.3667
65592,Tabou,CI,9,25.4,22.4,28.3,250.1,,1013.3,5061.8,4.4167,-7.3667
65592,Tabou,CI,10,25.9,22.3,29.5,203.7,,1012.0,11060.0,4.4167,-7.3667
65592,Tabou,CI,11,26.5,22.5,30.5,153.1,,1011.0,12515.0,4.4167,-7.3667
65592,Tabou,CI,12,26.4,21.9,30.9,104.0,,1010.7,11994.0,4.4167,-7.3667
65594,San Pedro,CI,1,,,,20.1,,,,4.75,-6.65
65594,San Pedro,CI,2,,,,37.4,,,,4.75,-6.65
65594,San Pedro,CI,3,,,,47.0,,,,4.75,-6.65
65594,San Pedro,CI,4,,,,126.6,,,,4.75,-6.65
65594,San Pedro,CI,5,,,,227.1,,,,4.75,-6.65
65594,San Pedro,CI,6,,,,310.4,,,,4.75,-6.65
65594,San Pedro,CI,7,,,,82.8,,,,4.75,-6.65
65594,San Pedro,CI,8,,,,48.9,,,,4.75,-6.65
65594,San Pedro,CI,9,,,,60.6,,,,4.75,-6.65
65594,San Pedro,CI,10,,,,138.6,,,,4.75,-6.65
65594,San Pedro,CI,11,,,,137.7,,,,4.75,-6.65
65594,San Pedro,CI,12,,,,56.4,,,,4.75,-6.65
65599,Sassandra,CI,1,27.5,23.5,31.5,23.7,,1009.9,11257.5,4.95,-6.0833
65599,Sassandra,CI,2,27.9,23.9,31.9,26.1,,1009.9,12010.0,4.95,-6.0833
65599,Sassandra,CI,3,28.1,24.2,32.0,48.3,,1009.5,12950.0,4.95,-6.0833
65599,Sassandra,CI,4,27.8,24.0,31.7,118.9,,1009.7,12552.9,4.95,-6.0833
65599,Sassandra,CI,5,27.2,23.5,30.8,239.1,,1011.1,11408.6,4.95,-6.0833
65599,Sassandra,CI,6,26.2,23.5,28.8,370.2,,1012.6,7254.5,4.95,-6.0833
65599,Sassandra,CI,7,25.5,22.8,28.2,103.6,,1013.7,7400.0,4.95,-6.0833
65599,Sassandra,CI,8,25.0,22.3,27.8,32.3,,1013.5,7752.0,4.95,-6.0833
65599,Sassandra,CI,9,25.6,22.8,28.3,49.6,,1012.7,8916.0,4.95,-6.0833
65599,Sassandra,CI,10,26.5,23.4,29.6,143.2,,1011.4,12545.0,4.95,-6.0833
65599,Sassandra,CI,11,27.1,23.7,30.5,143.5,,1009.8,12655.4,4.95,-6.0833
65599,Sassandra,CI,12,27.0,23.6,30.4,64.0,,1010.3,12425.5,4.95,-6.0833
67215,Pemba,MZ,1,,,,152.3,,1011.2,,-12.9833,40.5333
67215,Pemba,MZ,2,,,,184.8,,1010.7,,-12.9833,40.5333
67215,Pemba,MZ,3,,,,168.1,,1011.5,,-12.9833,40.5333
67215,Pemba,MZ,4,,,,105.1,,1013.3,,-12.9833,40.5333
67215,Pemba,MZ,5,,,,36.0,,1015.6,,-12.9833,40.5333
67215,Pemba,MZ,6,,,,19.9,,1018.3,,-12.9833,40.5333
67215,Pemba,MZ,7,,,,13.2,,1019.2,,-12.9833,40.5333
67215,Pemba,MZ,8,,,,6.4,,1018.8,,-12.9833,40.5333
67215,Pemba,MZ,9,,,,6.5,,1017.8,,-12.9833,40.5333
67215,Pemba,MZ,10,,,,8.5,,1015.2,,-12.9833,40.5333
67215,Pemba,MZ,11,,,,27.2,,1012.9,,-12.9833,40.5333
67215,Pemba,MZ,12,,,,108.2,,1011.6,,-12.9833,40.5333
67217,Lichinga,MZ,1,,,,307.0,,,,-13.3,35.2333
67217,Lichinga,MZ,2,,,,203.3,,,,-13.3,35.2333
67217,Lichinga,MZ,3,,,,193.7,,,,-13.3,35.2333
67217,Lichinga,MZ,4,,,,65.0,,,,-13.3,35.2333
67217,Lichinga,MZ,5,,,,22.8,,,,-13.3,35.2333
67217,Lichinga,MZ,6,,,,5.3,,,,-13.3,35.2333
67217,Lichinga,MZ,7,,,,2.4,,,,-13.3,35.2333
67217,Lichinga,MZ,8,,,,1.8,,,,-13.3,35.2333
67217,Lichinga,MZ,9,,,,2.3,,,,-13.3,35.2333
67217,Lichinga,MZ,10,,,,30.4,,,,-13.3,35.2333
67217,Lichinga,MZ,11,,,,75.2,,,,-13.3,35.2333
67217,Lichinga,MZ,12,,,,244.1,,,,-13.3,35.2333
67237,Nampula,MZ,1,,,,336.6,,1011.1,,-15.1,39.2833
67237,Nampula,MZ,2,,,,213.9,,1010.6,,-15.1,39.2833
67237,Nampula,MZ,3,,,,176.9,,1012.3,,-15.1,39.2833
67237,Nampula,MZ,4,,,,90.8,,1014.4,,-15.1,39.2833
67237,Nampula,MZ,5,,,,20.6,,1017.1,,-15.1,39.2833
67237,Nampula,MZ,6,,,,11.2,,1019.6,,-15.1,39.2833
67237,Nampula,MZ,7,,,,13.9,,1020.9,,-15.1,39.2833
67237,Nampula,MZ,8,,,,11.6,,1019.5,,-15.1,39.2833
67237,Nampula,MZ,9,,,,5.0,,1017.6,,-15.1,39.2833
67237,Nampula,MZ,10,,,,24.9,,1015.0,,-15.1,39.2833
67237,Nampula,MZ,11,,,,48.1,,1012.8,,-15.1,39.2833
67237,Nampula,MZ,12,,,,178.7,,1011.6,,-15.1,39.2833
67261,Tete,MZ,1,,,,230.8,,,,-16.1833,33.5833
67261,Tete,MZ,2,,,,114.3,,,,-16.1833,33.5833
67261,Tete,MZ,3,,,,54.2,,,,-16.1833,33.5833
67261,Tete,MZ,4,,,,10.9,,,,-16.1833,33.5833
67261,Tete,MZ,5,,,,4.2,,,,-16.1833,33.5833
67261,Tete,MZ,6,,,,3.8,,,,-16.1833,33.5833
67261,Tete,MZ,7,,,,5.2,,,,-16.1833,33.5833
67261,Tete,MZ,8,,,,1.4,,,,-16.1833,33.5833
67261,Tete,MZ,9,,,,0.7,,,,-16.1833,33.5833
67261,Tete,MZ,10,,,,11.6,,,,-16.1833,33.5833
67261,Tete,MZ,11,,,,36.8,,,,-16.1833,33.5833
67261,Tete,MZ,12,,,,177.7,,,,-16.1833,33.5833
67283,Quelimane,MZ,1,,,,293.1,,1009.9,,-17.8833,36.8833
67283,Quelimane,MZ,2,,,,253.3,,1010.4,,-17.8833,36.8833
67283,Quelimane,MZ,3,,,,201.7,,1012.4,,-17.8833,36.8833
67283,Quelimane,MZ,4,,,,116.5,,1015.5,,-17.8833,36.8833
67283,Quelimane,MZ,5,,,,59.3,,1017.9,,-17.8833,36.8833
67283,Quelimane,MZ,6,,,,42.8,,1020.7,,-17.8833,36.8833
67283,Quelimane,MZ,7,,,,67.6,,1021.8,,-17.8833,36.8833
67283,Quelimane,MZ,8,,,,18.4,,1020.0,,-17.8833,36.8833
67283,Quelimane,MZ,9,,,,13.3,,1017.8,,-17.8833,36.8833
67283,Quelimane,MZ,10,,,,26.5,,1015.0,,-17.8833,36.8833
67283,Quelimane,MZ,11,,,,54.9,,1012.7,,-17.8833,36.8833
67283,Quelimane,MZ,12,,,,156.9,,1011.4,,-17.8833,36.8833
67297,Beira,MZ,1,,,,332.8,,1010.0,,-19.8,34.9
67297,Beira,MZ,2,,,,257.6,,1010.1,,-19.8,34.9
67297,Beira,MZ,3,,,,266.4,,1012.2,,-19.8,34.9
67297,Beira,MZ,4,,,,118.0,,1015.4,,-19.8,34.9
67297,Beira,MZ,5,,,,45.2,,1017.7,,-19.8,34.9
67297,Beira,MZ,6,,,,37.8,,1020.6,,-19.8,34.9
67297,Beira,MZ,7,,,,53.8,,1021.6,,-19.8,34.9
67297,Beira,MZ,8,,,,26.1,,1019.8,,-19.8,34.9
67297,Beira,MZ,9,,,,19.9,,1017.3,,-19.8,34.9
67297,Beira,MZ,10,,,,42.4,,1014.8,,-19.8,34.9
67297,Beira,MZ,11,,,,76.3,,1012.7,,-19.8,34.9
67297,Beira,MZ,12,,,,279.1,,1011.6,,-19.8,34.9
67323,Inhambane,MZ,1,,,,202.4,,,,-23.8667,35.3833
67323,Inhambane,MZ,2,,,,109.2,,,,-23.8667,35.3833
67323,Inhambane,MZ,3,,,,132.3,,,,-23.8667,35.3833
67323,Inhambane,MZ,4,,,,69.6,,,,-23.8667,35.3833
67323,Inhambane,MZ,5,,,,25.1,,,,-23.8667,35.3833
67323,Inhambane,MZ,6,,,,40.4,,,,-23.8667,35.3833
67323,Inhambane,MZ,7,,,,30.4,,,,-23.8667,35.3833
67323,Inhambane,MZ,8,,,,18.0,,,,-23.8667,35.3833
67323,Inhambane,MZ,9,,,,12.8,,,,-23.8667,35.3833
67323,Inhambane,MZ,10,,,,23.9,,,,-23.8667,35.3833
67323,Inhambane,MZ,11,,,,70.5,,,,-23.8667,35.3833
67323,Inhambane,MZ,12,,,,163.5,,,,-23.8667,35.3833
67341,Maputo / Mavalane,MZ,1,,,,153.8,,1012.6,,-25.9167,32.5667
67341,Maputo / Mavalane,MZ,2,,,,88.8,,1013.0,,-25.9167,32.5667
67341,Maputo / Mavalane,MZ,3,,,,69.8,,1015.2,,-25.9167,32.5667
67341,Maputo / Mavalane,MZ,4,,,,46.8,,1017.9,,-25.9167,32.5667
67341,Maputo / Mavalane,MZ,5,,,,18.0,,1018.8,,-25.9167,32.5667
67341,Maputo / Mavalane,MZ,6,,,,18.1,,1021.8,,-25.9167,32.5667
67341,Maputo / Mavalane,MZ,7,,,,12.8,,1022.7,,-25.9167,32.5667
67341,Maputo / Mavalane,MZ,8,,,,12.7,,1020.0,,-25.9167,32.5667
67341,Maputo / Mavalane,MZ,9,,,,26.4,,1018.4,,-25.9167,32.5667
67341,Maputo / Mavalane,MZ,10,,,,54.4,,1017.2,,-25.9167,32.5667
67341,Maputo / Mavalane,MZ,11,,,,89.4,,1014.4,,-25.9167,32.5667
67341,Maputo / Mavalane,MZ,12,,,,128.4,,1013.6,,-25.9167,32.5667
67475,Kasama,ZM,1,,,,275.5,,,,-10.2167,31.1333
67475,Kasama,ZM,2,,,,240.1,,,,-10.2167,31.1333
67475,Kasama,ZM,3,,,,255.2,,,,-10.2167,31.1333
67475,Kasama,ZM,4,,,,92.3,,,,-10.2167,31.1333
67475,Kasama,ZM,5,,,,7.1,,,,-10.2167,31.1333
67475,Kasama,ZM,6,,,,0.0,,,,-10.2167,31.1333
67475,Kasama,ZM,7,,,,0.0,,,,-10.2167,31.1333
67475,Kasama,ZM,8,,,,0.4,,,,-10.2167,31.1333
67475,Kasama,ZM,9,,,,3.8,,,,-10.2167,31.1333
67475,Kasama,ZM,10,,,,37.2,,,,-10.2167,31.1333
67475,Kasama,ZM,11,,,,101.2,,,,-10.2167,31.1333
67475,Kasama,ZM,12,,,,229.8,,,,-10.2167,31.1333
67586,Lilongwe International Airport,MW,1,,,,224.7,,,,-13.7833,33.7667
67586,Lilongwe International Airport,MW,2,,,,182.4,,,,-13.7833,33.7667
67586,Lilongwe International Airport,MW,3,,,,127.9,,,,-13.7833,33.7667
67586,Lilongwe International Airport,MW,4,,,,62.3,,,,-13.7833,33.7667
67586,Lilongwe International Airport,MW,5,,,,2.1,,,,-13.7833,33.7667
67586,Lilongwe International Airport,MW,6,,,,1.3,,,,-13.7833,33.7667
67586,Lilongwe International Airport,MW,7,,,,0.8,,,,-13.7833,33.7667
67586,Lilongwe International Airport,MW,8,,,,2.2,,,,-13.7833,33.7667
67586,Lilongwe International Airport,MW,9,,,,2.5,,,,-13.7833,33.7667
67586,Lilongwe International Airport,MW,10,,,,7.5,,,,-13.7833,33.7667
67586,Lilongwe International Airport,MW,11,,,,59.3,,,,-13.7833,33.7667
67586,Lilongwe International Airport,MW,12,,,,180.3,,,,-13.7833,33.7667
67633,Mongu,ZM,1,,,,226.7,,,,-15.25,23.15
67633,Mongu,ZM,2,,,,208.2,,,,-15.25,23.15
67633,Mongu,ZM,3,,,,142.6,,,,-15.25,23.15
67633,Mongu,ZM,4,,,,40.5,,,,-15.25,23.15
67633,Mongu,ZM,5,,,,2.8,,,,-15.25,23.15
67633,Mongu,ZM,6,,,,0.0,,,,-15.25,23.15
67633,Mongu,ZM,7,,,,0.0,,,,-15.25,23.15
67633,Mongu,ZM,8,,,,0.0,,,,-15.25,23.15
67633,Mongu,ZM,9,,,,4.3,,,,-15.25,23.15
67633,Mongu,ZM,10,,,,29.0,,,,-15.25,23.15
67633,Mongu,ZM,11,,,,94.7,,,,-15.25,23.15
67633,Mongu,ZM,12,,,,175.5,,,,-15.25,23.15
67663,Kabwe,ZM,1,,18.1,,239.8,,,,-14.45,28.4667
67663,Kabwe,ZM,2,,17.9,,183.4,,,,-14.45,28.4667
67663,Kabwe,ZM,3,,17.5,,132.8,,,,-14.45,28.4667
67663,Kabwe,ZM,4,,14.3,,24.2,,,,-14.45,28.4667
67663,Kabwe,ZM,5,,11.8,,3.4,,,,-14.45,28.4667
67663,Kabwe,ZM,6,,10.6,,0.0,,,,-14.45,28.4667
67663,Kabwe,ZM,7,,9.2,,0.0,,,,-14.45,28.4667
67663,Kabwe,ZM,8,,11.6,,0.2,,,,-14.45,28.4667
67663,Kabwe,ZM,9,,15.3,,3.8,,,,-14.45,28.4667
67663,Kabwe,ZM,10,,17.9,,23.4,,,,-14.45,28.4667
67663,Kabwe,ZM,11,,18.6,,106.7,,,,-14.45,28.4667
67663,Kabwe,ZM,12,,18.1,,214.8,,,,-14.45,28.4667
67693,Chileka,MW,1,,,,219.9,,,,-15.6833,34.9667
67693,Chileka,MW,2,,,,162.3,,,,-15.6833,34.9667
67693,Chileka,MW,3,,,,107.2,,,,-15.6833,34.9667
67693,Chileka,MW,4,,,,29.6,,,,-15.6833,34.9667
67693,Chileka,MW,5,,,,4.7,,,,-15.6833,34.9667
67693,Chileka,MW,6,,,,1.6,,,,-15.6833,34.9667
67693,Chileka,MW,7,,,,2.0,,,,-15.6833,34.9667
67693,Chileka,MW,8,,,,1.0,,,,-15.6833,34.9667
67693,Chileka,MW,9,,,,5.2,,,,-15.6833,34.9667
67693,Chileka,MW,10,,,,20.6,,,,-15.6833,34.9667
67693,Chileka,MW,11,,,,119.0,,,,-15.6833,34.9667
67693,Chileka,MW,12,,,,129.3,,,,-15.6833,34.9667
67743,Livingstone,ZM,1,25.0,19.2,30.7,153.7,,,,-17.8167,25.8167
67743,Livingstone,ZM,2,24.8,18.8,30.7,119.8,,,,-17.8167,25.8167
67743,Livingstone,ZM,3,24.4,18.4,30.4,94.5,,,,-17.8167,25.8167
67743,Livingstone,ZM,4,22.9,15.3,30.5,11.5,,,,-17.8167,25.8167
67743,Livingstone,ZM,5,20.0,11.4,28.7,1.8,,,,-17.8167,25.8167
67743,Livingstone,ZM,6,17.8,9.2,26.3,0.0,,,,-17.8167,25.8167
67743,Livingstone,ZM,7,17.0,7.7,26.2,0.0,,,,-17.8167,25.8167
67743,Livingstone,ZM,8,20.8,11.8,29.9,0.0,,,,-17.8167,25.8167
67743,Livingstone,ZM,9,24.0,15.3,32.8,4.7,,,,-17.8167,25.8167
67743,Livingstone,ZM,10,26.9,19.1,34.7,27.1,,,,-17.8167,25.8167
67743,Livingstone,ZM,11,26.8,19.9,33.7,73.9,,,,-17.8167,25.8167
67743,Livingstone,ZM,12,25.6,19.7,31.5,116.0,,,,-17.8167,25.8167
67775,Harare Kutsaga,ZW,1,,,,186.5,,,12935.0,-17.9167,31.1333
67775,Harare Kutsaga,ZW,2,,,,128.5,,,13218.0,-17.9167,31.1333
67775,Harare Kutsaga,ZW,3,,,,94.8,,,15906.7,-17.9167,31.1333
67775,Harare Kutsaga,ZW,4,,,,25.2,,,15773.3,-17.9167,31.1333
67775,Harare Kutsaga,ZW,5,,,,10.7,,,17544.0,-17.9167,31.1333
67775,Harare Kutsaga,ZW,6,,,,4.6,,,16772.7,-17.9167,31.1333
67775,Harare Kutsaga,ZW,7,,,,0.6,,,16692.0,-17.9167,31.1333
67775,Harare Kutsaga,ZW,8,,,,2.8,,,18075.0,-17.9167,31.1333
67775,Harare Kutsaga,ZW,9,,,,5.1,,,17050.9,-17.9167,31.1333
67775,Harare Kutsaga,ZW,10,,,,31.8,,,17784.0,-17.9167,31.1333
67775,Harare Kutsaga,ZW,11,,,,83.0,,,15648.0,-17.9167,31.1333
67775,Harare Kutsaga,ZW,12,,,,183.0,,,15000.0,-17.9167,31.1333
67964,Bulawayo Goetz Obsy.,ZW,1,,,,137.9,,,14180.0,-20.15,28.6167
67964,Bulawayo Goetz Obsy.,ZW,2,,,,93.6,,,13596.7,-20.15,28.6167
67964,Bulawayo Goetz Obsy.,ZW,3,,,,59.7,,,15325.7,-20.15,28.6167
67964,Bulawayo Goetz Obsy.,ZW,4,,,,31.5,,,16040.0,-20.15,28.6167
67964,Bulawayo Goetz Obsy.,ZW,5,,,,5.3,,,17128.2,-20.15,28.6167
67964,Bulawayo Goetz Obsy.,ZW,6,,,,3.8,,,16298.8,-20.15,28.6167
67964,Bulawayo Goetz Obsy.,ZW,7,,,,1.2,,,16567.5,-20.15,28.6167
67964,Bulawayo Goetz Obsy.,ZW,8,,,,0.2,,,18540.0,-20.15,28.6167
67964,Bulawayo Goetz Obsy.,ZW,9,,,,8.7,,,17561.2,-20.15,28.6167
67964,Bulawayo Goetz Obsy.,ZW,10,,,,26.4,,,16898.8,-20.15,28.6167
67964,Bulawayo Goetz Obsy.,ZW,11,,,,96.6,,,13771.8,-20.15,28.6167
67964,Bulawayo Goetz Obsy.,ZW,12,,,,104.7,,,12987.7,-20.15,28.6167
67983,Chipinge,ZW,1,,,,257.6,,,,-20.2,32.6167
67983,Chipinge,ZW,2,,,,158.6,,,,-20.2,32.6167
67983,Chipinge,ZW,3,,,,83.9,,,,-20.2,32.6167
67983,Chipinge,ZW,4,,,,54.3,,,,-20.2,32.6167
67983,Chipinge,ZW,5,,,,22.5,,,,-20.2,32.6167
67983,Chipinge,ZW,6,,,,4.2,,,,-20.2,32.6167
67983,Chipinge,ZW,7,,,,27.5,,,,-20.2,32.6167
67983,Chipinge,ZW,8,,,,11.2,,,,-20.2,32.6167
67983,Chipinge,ZW,9,,,,21.5,,,,-20.2,32.6167
67983,Chipinge,ZW,10,,,,48.8,,,,-20.2,32.6167
67983,Chipinge,ZW,11,,,,103.0,,,,-20.2,32.6167
67983,Chipinge,ZW,12,,,,179.2,,,,-20.2,32.6167
68014,Grootfontein,,1,24.1,18.1,30.1,148.1,,,,-19.6,18.1167
68014,Grootfontein,,2,23.6,17.8,29.4,120.9,,,,-19.6,18.1167
68014,Grootfontein,,3,23.3,17.2,29.4,90.9,,,,-19.6,18.1167
68014,Grootfontein,,4,21.2,14.2,28.1,27.5,,,,-19.6,18.1167
68014,Grootfontein,,5,18.6,10.7,26.6,3.4,,,,-19.6,18.1167
68014,Grootfontein,,6,15.6,6.9,24.2,0.1,,,,-19.6,18.1167
68014,Grootfontein,,7,15.2,6.7,23.8,0.0,,,,-19.6,18.1167
68014,Grootfontein,,8,18.4,9.6,27.3,0.2,,,,-19.6,18.1167
68014,Grootfontein,,9,22.0,12.9,31.1,4.6,,,,-19.6,18.1167
68014,Grootfontein,,10,24.9,17.0,32.8,25.1,,,,-19.6,18.1167
68014,Grootfontein,,11,24.9,17.8,32.0,49.5,,,,-19.6,18.1167
68014,Grootfontein,,12,24.8,18.3,31.2,75.6,,,,-19.6,18.1167
68024,Ghanzi,BW,1,,,,102.7,,,,-21.7,21.65
68024,Ghanzi,BW,2,,,,79.2,,,,-21.7,21.65
68024,Ghanzi,BW,3,,,,54.9,,,,-21.7,21.65
68024,Ghanzi,BW,4,,,,26.4,,,,-21.7,21.65
68024,Ghanzi,BW,5,,,,6.0,,,,-21.7,21.65
68024,Ghanzi,BW,6,,,,0.2,,,,-21.7,21.65
68024,Ghanzi,BW,7,,,,0.0,,,,-21.7,21.65
68024,Ghanzi,BW,8,,,,0.4,,,,-21.7,21.65
68024,Ghanzi,BW,9,,,,2.4,,,,-21.7,21.65
68024,Ghanzi,BW,10,,,,16.7,,,,-21.7,21.65
68024,Ghanzi,BW,11,,,,86.4,,,,-21.7,21.65
68024,Ghanzi,BW,12,,,,68.8,,,,-21.7,21.65
68032,Maun,BW,1,,,,129.6,,,,-19.9833,23.4167
68032,Maun,BW,2,,,,93.9,,,,-19.9833,23.4167
68032,Maun,BW,3,,,,70.1,,,,-19.9833,23.4167
68032,Maun,BW,4,,,,29.4,,,,-19.9833,23.4167
68032,Maun,BW,5,,,,3.5,,,,-19.9833,23.4167
68032,Maun,BW,6,,,,0.1,,,,-19.9833,23.4167
68032,Maun,BW,7,,,,0.4,,,,-19.9833,23.4167
68032,Maun,BW,8,,,,0.4,,,,-19.9833,23.4167
68032,Maun,BW,9,,,,1.1,,,,-19.9833,23.4167
68032,Maun,BW,10,,,,12.4,,,,-19.9833,23.4167
68032,Maun,BW,11,,,,59.1,,,,-19.9833,23.4167
68032,Maun,BW,12,,,,69.7,,,,-19.9833,23.4167
68106,Gobabeb,,1,,,,3.3,,,,-23.5667,15.05
68106,Gobabeb,,2,,,,3.0,,,,-23.5667,15.05
68106,Gobabeb,,3,,,,9.1,,,,-23.5667,15.05
68106,Gobabeb,,4,,,,2.4,,,,-23.5667,15.05
68106,Gobabeb,,5,,,,3.2,,,,-23.5667,15.05
68106,Gobabeb,,6,,,,0.2,,,,-23.5667,15.05
68106,Gobabeb,,7,,,,0.1,,,,-23.5667,15.05
68106,Gobabeb,,8,,,,0.3,,,,-23.5667,15.05
68106,Gobabeb,,9,,,,0.2,,,,-23.5667,15.05
68106,Gobabeb,,10,,,,0.3,,,,-23.5667,15.05
68106,Gobabeb,,11,,,,1.0,,,,-23.5667,15.05
68106,Gobabeb,,12,,,,0.4,,,,-23.5667,15.05
68110,Windhoek,,1,24.5,17.6,31.3,86.6,,,,-22.5667,17.1
68110,Windhoek,,2,23.8,17.4,30.3,95.8,,,,-22.5667,17.1
68110,Windhoek,,3,22.8,16.4,29.1,74.6,,,,-22.5667,17.1
68110,Windhoek,,4,20.2,13.6,26.8,36.9,,,,-22.5667,17.1
68110,Windhoek,,5,18.0,10.9,25.0,6.5,,,,-22.5667,17.1
68110,Windhoek,,6,14.8,7.4,22.3,0.3,,,,-22.5667,17.1
68110,Windhoek,,7,14.7,7.2,22.2,0.5,,,,-22.5667,17.1
68110,Windhoek,,8,17.0,9.5,24.6,0.1,,,,-22.5667,17.1
68110,Windhoek,,9,21.0,13.2,28.7,3.2,,,,-22.5667,17.1
68110,Windhoek,,10,23.5,15.8,31.1,11.8,,,,-22.5667,17.1
68110,Windhoek,,11,24.0,16.5,31.5,19.9,,,,-22.5667,17.1
68110,Windhoek,,12,25.1,17.6,32.6,44.9,,,,-22.5667,17.1
68112,J. G. Strijdom,,1,,,,85.2,,,,-22.4833,17.4667
68112,J. G. Strijdom,,2,,,,94.1,,,,-22.4833,17.4667
68112,J. G. Strijdom,,3,,,,44.8,,,,-22.4833,17.4667
68112,J. G. Strijdom,,4,,,,21.8,,,,-22.4833,17.4667
68112,J. G. Strijdom,,5,,,,1.6,,,,-22.4833,17.4667
68112,J. G. Strijdom,,6,,,,0.3,,,,-22.4833,17.4667
68112,J. G. Strijdom,,7,,,,0.5,,,,-22.4833,17.4667
68112,J. G. Strijdom,,8,,,,0.1,,,,-22.4833,17.4667
68112,J. G. Strijdom,,9,,,,2.4,,,,-22.4833,17.4667
68112,J. G. Strijdom,,10,,,,11.8,,,,-22.4833,17.4667
68112,J. G. Strijdom,,11,,,,21.7,,,,-22.4833,17.4667
68112,J. G. Strijdom,,12,,,,42.5,,,,-22.4833,17.4667
68174,Pietersburg,ZA,1,22.8,17.3,28.3,90.6,,,14706.9,-23.8667,29.45
68174,Pietersburg,ZA,2,22.6,16.8,28.3,63.0,,,13615.4,-23.8667,29.45
68174,Pietersburg,ZA,3,21.4,15.5,27.2,53.8,,,13903.8,-23.8667,29.45
68174,Pietersburg,ZA,4,18.7,12.2,25.2,32.5,,,14529.2,-23.8667,29.45
68174,Pietersburg,ZA,5,15.8,8.2,23.5,10.2,,,16922.3,-23.8667,29.45
68174,Pietersburg,ZA,6,13.2,5.2,21.1,3.2,,,15984.0,-23.8667,29.45
68174,Pietersburg,ZA,7,12.6,4.4,20.8,2.3,,,16823.1,-23.8667,29.45
68174,Pietersburg,ZA,8,15.2,7.0,23.5,1.9,,,17372.3,-23.8667,29.45
68174,Pietersburg,ZA,9,18.6,10.6,26.5,4.1,,,16467.7,-23.8667,29.45
68174,Pietersburg,ZA,10,20.4,13.4,27.4,39.0,,,16063.8,-23.8667,29.45
68174,Pietersburg,ZA,11,21.4,15.4,27.4,92.5,,,13944.0,-23.8667,29.45
68174,Pietersburg,ZA,12,22.2,16.7,27.8,92.3,,,14110.0,-23.8667,29.45
68242,Mafikeng Intl. Ad,ZA,1,24.2,17.6,30.8,101.0,,,16996.7,-25.7833,25.5333
68242,Mafikeng Intl. Ad,ZA,2,23.8,17.4,30.3,82.1,,,15123.2,-25.7833,25.5333
68242,Mafikeng Intl. Ad,ZA,3,22.4,15.7,29.0,60.6,,,15821.1,-25.7833,25.5333
68242,Mafikeng Intl. Ad,ZA,4,19.0,12.1,26.0,46.6,,,15686.7,-25.7833,25.5333
68242,Mafikeng Intl. Ad,ZA,5,15.8,7.8,23.7,26.4,,,17744.2,-25.7833,25.5333
68242,Mafikeng Intl. Ad,ZA,6,12.9,4.6,21.2,4.6,,,16929.0,-25.7833,25.5333
68242,Mafikeng Intl. Ad,ZA,7,12.6,4.2,21.0,1.6,,,18225.9,-25.7833,25.5333
68242,Mafikeng Intl. Ad,ZA,8,15.4,6.8,24.0,3.8,,,18464.2,-25.7833,25.5333
68242,Mafikeng Intl. Ad,ZA,9,19.4,10.8,27.9,7.6,,,18126.3,-25.7833,25.5333
68242,Mafikeng Intl. Ad,ZA,10,22.2,14.4,30.1,34.5,,,18161.1,-25.7833,25.5333
68242,Mafikeng Intl. Ad,ZA,11,23.2,15.8,30.7,54.7,,,17220.0,-25.7833,25.5333
68242,Mafikeng Intl. Ad,ZA,12,24.0,17.2,30.7,97.5,,,17004.7,-25.7833,25.5333
68262,Pretoria,ZA,1,23.4,18.0,28.9,118.5,,,14908.4,-25.7333,28.1833
68262,Pretoria,ZA,2,23.5,17.9,29.1,109.5,,,14094.0,-25.7333,28.1833
68262,Pretoria,ZA,3,22.0,16.5,27.6,81.4,,,14826.0,-25.7333,28.1833
68262,Pretoria,ZA,4,19.0,13.0,25.1,32.5,,,15128.6,-25.7333,28.1833
68262,Pretoria,ZA,5,15.6,8.0,23.1,15.4,,,16980.0,-25.7333,28.1833
68262,Pretoria,ZA,6,12.9,5.1,20.7,5.8,,,16411.8,-25.7333,28.1833
68262,Pretoria,ZA,7,12.8,4.8,20.7,0.6,,,17253.8,-25.7333,28.1833
68262,Pretoria,ZA,8,15.9,8.1,23.7,4.2,,,17660.0,-25.7333,28.1833
68262,Pretoria,ZA,9,19.6,12.0,27.2,17.1,,,16595.3,-25.7333,28.1833
68262,Pretoria,ZA,10,21.7,14.8,28.6,63.9,,,16334.1,-25.7333,28.1833
68262,Pretoria,ZA,11,22.5,16.4,28.6,98.0,,,14475.8,-25.7333,28.1833
68262,Pretoria,ZA,12,23.1,17.3,28.9,115.2,,,15120.0,-25.7333,28.1833
68263,Pretoria Irene,ZA,1,22.6,16.6,28.5,124.2,,,,-25.9167,28.2167
68263,Pretoria Irene,ZA,2,22.4,16.5,28.4,144.5,,,,-25.9167,28.2167
68263,Pretoria Irene,ZA,3,21.0,14.9,27.0,125.3,,,,-25.9167,28.2167
68263,Pretoria Irene,ZA,4,18.2,11.7,24.6,47.3,,,,-25.9167,28.2167
68263,Pretoria Irene,ZA,5,15.6,8.3,22.8,15.2,,,,-25.9167,28.2167
68263,Pretoria Irene,ZA,6,13.0,5.6,20.4,2.3,,,,-25.9167,28.2167
68263,Pretoria Irene,ZA,7,12.6,5.0,20.2,1.1,,,,-25.9167,28.2167
68263,Pretoria Irene,ZA,8,15.7,7.8,23.6,1.9,,,,-25.9167,28.2167
68263,Pretoria Irene,ZA,9,19.3,11.4,27.2,14.2,,,,-25.9167,28.2167
68263,Pretoria Irene,ZA,10,20.8,13.6,27.9,66.7,,,,-25.9167,28.2167
68263,Pretoria Irene,ZA,11,21.4,15.0,27.9,143.8,,,,-25.9167,28.2167
68263,Pretoria Irene,ZA,12,22.2,16.1,28.3,147.3,,,,-25.9167,28.2167
68296,Skukuza,ZA,1,26.7,20.6,32.8,,,,,-24.9833,31.6
68296,Skukuza,ZA,2,26.8,20.8,32.9,,,,,-24.9833,31.6
68296,Skukuza,ZA,3,25.7,19.3,32.1,,,,,-24.9833,31.6
68296,Skukuza,ZA,4,22.9,15.7,30.1,,,,,-24.9833,31.6
68296,Skukuza,ZA,5,19.4,10.4,28.3,,,,,-24.9833,31.6
68296,Skukuza,ZA,6,16.2,5.8,26.7,,,,,-24.9833,31.6
68296,Skukuza,ZA,7,16.1,5.9,26.3,,,,,-24.9833,31.6
68296,Skukuza,ZA,8,18.6,8.9,28.2,,,,,-24.9833,31.6
68296,Skukuza,ZA,9,22.0,13.6,30.5,,,,,-24.9833,31.6
68296,Skukuza,ZA,10,23.4,16.5,30.4,,,,,-24.9833,31.6
68296,Skukuza,ZA,11,25.4,18.5,32.4,,,,,-24.9833,31.6
68296,Skukuza,ZA,12,26.4,19.9,32.8,,,,,-24.9833,31.6
68350,Potchefstroom Agric.,ZA,1,,16.5,,,,,,-26.7333,27.0667
68350,Potchefstroom Agric.,ZA,2,,16.0,,,,,,-26.7333,27.0667
68350,Potchefstroom Agric.,ZA,3,,14.1,,,,,,-26.7333,27.0667
68350,Potchefstroom Agric.,ZA,4,,9.9,,,,,,-26.7333,27.0667
68350,Potchefstroom Agric.,ZA,5,,4.3,,,,,,-26.7333,27.0667
68350,Potchefstroom Agric.,ZA,6,,0.8,,,,,,-26.7333,27.0667
68350,Potchefstroom Agric.,ZA,7,,0.3,,,,,,-26.7333,27.0667
68350,Potchefstroom Agric.,ZA,8,,3.2,,,,,,-26.7333,27.0667
68350,Potchefstroom Agric.,ZA,9,,7.7,,,,,,-26.7333,27.0667
68350,Potchefstroom Agric.,ZA,10,,12.2,,,,,,-26.7333,27.0667
68350,Potchefstroom Agric.,ZA,11,,14.1,,,,,,-26.7333,27.0667
68350,Potchefstroom Agric.,ZA,12,,16.0,,,,,,-26.7333,27.0667
68368,Johannesburg Airport,ZA,1,20.0,14.8,25.3,134.4,,,14023.2,-26.1333,28.2333
68368,Johannesburg Airport,ZA,2,20.0,14.6,25.4,107.6,,,12930.0,-26.1333,28.2333
68368,Johannesburg Airport,ZA,3,18.8,13.3,24.3,96.9,,,13315.0,-26.1333,28.2333
68368,Johannesburg Airport,ZA,4,16.2,10.4,21.9,43.7,,,14475.0,-26.1333,28.2333
68368,Johannesburg Airport,ZA,5,13.6,7.3,19.8,18.6,,,16560.0,-26.1333,28.2333
68368,Johannesburg Airport,ZA,6,10.9,4.4,17.3,7.2,,,15950.4,-26.1333,28.2333
68368,Johannesburg Airport,ZA,7,10.5,3.8,17.2,1.0,,,16932.5,-26.1333,28.2333
68368,Johannesburg Airport,ZA,8,13.2,6.4,20.0,6.2,,,17462.4,-26.1333,28.2333
68368,Johannesburg Airport,ZA,9,16.6,9.6,23.7,17.1,,,16292.5,-26.1333,28.2333
68368,Johannesburg Airport,ZA,10,18.4,11.7,25.1,71.2,,,15746.1,-26.1333,28.2333
68368,Johannesburg Airport,ZA,11,19.0,13.1,25.0,100.5,,,14487.5,-26.1333,28.2333
68368,Johannesburg Airport,ZA,12,19.9,14.3,25.5,135.4,,,14157.5,-26.1333,28.2333
68370,Bethal,ZA,1,,,25.8,,,,,-26.45,29.4833
68370,Bethal,ZA,2,,,25.9,,,,,-26.45,29.4833
68370,Bethal,ZA,3,,,24.8,,,,,-26.45,29.4833
68370,Bethal,ZA,4,,,22.8,,,,,-26.45,29.4833
68370,Bethal,ZA,5,,,20.2,,,,,-26.45,29.4833
68370,Bethal,ZA,6,,,18.4,,,,,-26.45,29.4833
68370,Bethal,ZA,7,,,18.0,,,,,-26.45,29.4833
68370,Bethal,ZA,8,,,20.6,,,,,-26.45,29.4833
68370,Bethal,ZA,9,,,24.3,,,,,-26.45,29.4833
68370,Bethal,ZA,10,,,24.5,,,,,-26.45,29.4833
68370,Bethal,ZA,11,,,24.5,,,,,-26.45,29.4833
68370,Bethal,ZA,12,,,25.4,,,,,-26.45,29.4833
68406,Alexander Bay,ZA,1,,,,0.5,,,,-28.5667,16.5333
68406,Alexander Bay,ZA,2,,,,1.9,,,,-28.5667,16.5333
68406,Alexander Bay,ZA,3,,,,1.7,,,,-28.5667,16.5333
68406,Alexander Bay,ZA,4,,,,3.6,,,,-28.5667,16.5333
68406,Alexander Bay,ZA,5,,,,3.9,,,,-28.5667,16.5333
68406,Alexander Bay,ZA,6,,,,5.0,,,,-28.5667,16.5333
68406,Alexander Bay,ZA,7,,,,6.0,,,,-28.5667,16.5333
68406,Alexander Bay,ZA,8,,,,4.6,,,,-28.5667,16.5333
68406,Alexander Bay,ZA,9,,,,4.1,,,,-28.5667,16.5333
68406,Alexander Bay,ZA,10,,,,2.6,,,,-28.5667,16.5333
68406,Alexander Bay,ZA,11,,,,2.8,,,,-28.5667,16.5333
68406,Alexander Bay,ZA,12,,,,0.7,,,,-28.5667,16.5333
68424,"Upington, Up-Apt",ZA,1,28.4,20.1,36.6,37.0,,,20884.8,-28.4,21.2667
68424,"Upington, Up-Apt",ZA,2,28.0,20.1,35.9,41.4,,,17406.9,-28.4,21.2667
68424,"Upington, Up-Apt",ZA,3,25.8,17.9,33.8,42.6,,,18000.0,-28.4,21.2667
68424,"Upington, Up-Apt",ZA,4,21.4,13.4,29.5,15.6,,,17111.5,-28.4,21.2667
68424,"Upington, Up-Apt",ZA,5,17.2,8.6,25.7,9.5,,,17063.1,-28.4,21.2667
68424,"Upington, Up-Apt",ZA,6,13.2,4.4,21.9,5.2,,,16236.0,-28.4,21.2667
68424,"Upington, Up-Apt",ZA,7,12.9,4.0,21.8,3.7,,,17199.2,-28.4,21.2667
68424,"Upington, Up-Apt",ZA,8,14.8,5.5,24.1,0.9,,,18331.2,-28.4,21.2667
68424,"Upington, Up-Apt",ZA,9,18.6,9.3,28.0,3.8,,,18117.7,-28.4,21.2667
68424,"Upington, Up-Apt",ZA,10,22.4,13.4,31.3,16.3,,,19654.6,-28.4,21.2667
68424,"Upington, Up-Apt",ZA,11,24.8,16.0,33.5,15.8,,,20239.2,-28.4,21.2667
68424,"Upington, Up-Apt",ZA,12,27.2,18.7,35.8,23.7,,,21290.4,-28.4,21.2667
68438,"Kimberley, Kim-Apt",ZA,1,25.0,17.2,32.8,76.5,,,17956.8,-28.8,24.7667
68438,"Kimberley, Kim-Apt",ZA,2,24.6,17.0,32.1,67.3,,,15667.5,-28.8,24.7667
68438,"Kimberley, Kim-Apt",ZA,3,22.2,14.6,29.8,66.0,,,15976.2,-28.8,24.7667
68438,"Kimberley, Kim-Apt",ZA,4,18.0,10.2,25.9,38.1,,,15844.8,-28.8,24.7667
68438,"Kimberley, Kim-Apt",ZA,5,14.2,5.5,22.8,17.1,,,16406.4,-28.8,24.7667
68438,"Kimberley, Kim-Apt",ZA,6,10.5,1.7,19.3,8.5,,,15790.0,-28.8,24.7667
68438,"Kimberley, Kim-Apt",ZA,7,10.4,1.4,19.5,2.6,,,16917.7,-28.8,24.7667
68438,"Kimberley, Kim-Apt",ZA,8,13.0,3.7,22.3,5.6,,,17921.5,-28.8,24.7667
68438,"Kimberley, Kim-Apt",ZA,9,17.2,7.6,26.7,9.8,,,17388.0,-28.8,24.7667
68438,"Kimberley, Kim-Apt",ZA,10,20.4,11.6,29.2,35.9,,,17812.5,-28.8,24.7667
68438,"Kimberley, Kim-Apt",ZA,11,22.5,13.8,31.1,47.7,,,18277.5,-28.8,24.7667
68438,"Kimberley, Kim-Apt",ZA,12,24.2,15.8,32.7,56.4,,,18606.9,-28.8,24.7667
68442,"Bloemfontein, Bloemfontein Airport",ZA,1,23.0,15.0,31.1,95.6,,,17316.9,-29.1,26.3
68442,"Bloemfontein, Bloemfontein Airport",ZA,2,22.4,14.7,30.1,83.9,,,14840.8,-29.1,26.3
68442,"Bloemfontein, Bloemfontein Airport",ZA,3,20.0,12.0,28.1,76.7,,,15500.8,-29.1,26.3
68442,"Bloemfontein, Bloemfontein Airport",ZA,4,15.6,7.1,24.1,43.8,,,15031.2,-29.1,26.3
68442,"Bloemfontein, Bloemfontein Airport",ZA,5,11.6,2.3,21.0,19.4,,,15519.2,-29.1,26.3
68442,"Bloemfontein, Bloemfontein Airport",ZA,6,8.3,-1.6,18.2,12.2,,,14441.5,-29.1,26.3
68442,"Bloemfontein, Bloemfontein Airport",ZA,7,8.0,-2.3,18.3,4.0,,,15967.2,-29.1,26.3
68442,"Bloemfontein, Bloemfontein Airport",ZA,8,10.6,0.2,21.0,10.9,,,16977.7,-29.1,26.3
68442,"Bloemfontein, Bloemfontein Airport",ZA,9,14.8,4.3,25.3,12.2,,,16659.2,-29.1,26.3
68442,"Bloemfontein, Bloemfontein Airport",ZA,10,18.4,9.1,27.7,46.8,,,17201.5,-29.1,26.3
68442,"Bloemfontein, Bloemfontein Airport",ZA,11,20.0,11.2,28.9,70.8,,,17382.5,-29.1,26.3
68442,"Bloemfontein, Bloemfontein Airport",ZA,12,22.2,13.7,30.6,78.8,,,17730.0,-29.1,26.3
68461,Bethlehem Airport,ZA,1,20.0,13.5,26.4,128.9,,,15787.2,-28.25,28.3333
68461,Bethlehem Airport,ZA,2,19.6,13.0,26.1,102.7,,,14224.6,-28.25,28.3333
68461,Bethlehem Airport,ZA,3,18.0,11.2,24.7,72.6,,,14646.9,-28.25,28.3333
68461,Bethlehem Airport,ZA,4,14.2,6.5,21.8,46.4,,,14696.8,-28.25,28.3333
68461,Bethlehem Airport,ZA,5,10.8,2.2,19.5,17.6,,,16063.8,-28.25,28.3333
68461,Bethlehem Airport,ZA,6,7.7,-1.4,16.9,12.3,,,15391.2,-28.25,28.3333
68461,Bethlehem Airport,ZA,7,7.4,-1.8,16.7,4.8,,,16599.2,-28.25,28.3333
68461,Bethlehem Airport,ZA,8,10.2,0.8,19.5,15.1,,,16980.0,-28.25,28.3333
68461,Bethlehem Airport,ZA,9,14.0,4.5,23.4,18.1,,,16363.8,-28.25,28.3333
68461,Bethlehem Airport,ZA,10,16.5,8.3,24.7,76.6,,,15879.2,-28.25,28.3333
68461,Bethlehem Airport,ZA,11,17.8,10.4,25.1,98.3,,,15978.5,-28.25,28.3333
68461,Bethlehem Airport,ZA,12,19.4,12.4,26.3,130.9,,,16126.2,-28.25,28.3333
68496,Cape Saint Lucia,ZA,1,,,,137.4,,,,-28.5,32.4
68496,Cape Saint Lucia,ZA,2,,,,163.8,,,,-28.5,32.4
68496,Cape Saint Lucia,ZA,3,,,,132.2,,,,-28.5,32.4
68496,Cape Saint Lucia,ZA,4,,,,114.4,,,,-28.5,32.4
68496,Cape Saint Lucia,ZA,5,,,,104.2,,,,-28.5,32.4
68496,Cape Saint Lucia,ZA,6,,,,60.0,,,,-28.5,32.4
68496,Cape Saint Lucia,ZA,7,,,,71.6,,,,-28.5,32.4
68496,Cape Saint Lucia,ZA,8,,,,56.3,,,,-28.5,32.4
68496,Cape Saint Lucia,ZA,9,,,,53.9,,,,-28.5,32.4
68496,Cape Saint Lucia,ZA,10,,,,121.4,,,,-28.5,32.4
68496,Cape Saint Lucia,ZA,11,,,,172.5,,,,-28.5,32.4
68496,Cape Saint Lucia,ZA,12,,,,87.1,,,,-28.5,32.4
68512,Springbok,ZA,1,23.0,16.1,29.9,8.8,,,22338.5,-29.6667,17.8667
68512,Springbok,ZA,2,23.8,17.2,30.4,8.0,,,19472.3,-29.6667,17.8667
68512,Springbok,ZA,3,22.8,16.6,29.1,14.3,,,19433.1,-29.6667,17.8667
68512,Springbok,ZA,4,20.0,14.4,25.5,15.8,,,17263.8,-29.6667,17.8667
68512,Springbok,ZA,5,16.5,11.7,21.4,28.0,,,15657.6,-29.6667,17.8667
68512,Springbok,ZA,6,13.2,8.8,17.6,38.5,,,13752.0,-29.6667,17.8667
68512,Springbok,ZA,7,12.9,8.3,17.5,33.8,,,15210.0,-29.6667,17.8667
68512,Springbok,ZA,8,12.8,7.7,18.0,31.5,,,16257.6,-29.6667,17.8667
68512,Springbok,ZA,9,15.2,9.5,21.0,16.8,,,17192.3,-29.6667,17.8667
68512,Springbok,ZA,10,17.7,11.2,24.2,11.4,,,19728.5,-29.6667,17.8667
68512,Springbok,ZA,11,19.3,12.6,26.0,12.7,,,20533.8,-29.6667,17.8667
68512,Springbok,ZA,12,21.2,14.4,28.0,4.1,,,22490.4,-29.6667,17.8667
68538,De Aar,ZA,1,24.4,16.5,32.4,42.2,,,20428.6,-30.6333,23.9167
68538,De Aar,ZA,2,24.1,16.4,31.8,52.3,,,17648.6,-30.6333,23.9167
68538,De Aar,ZA,3,21.8,14.3,29.3,45.1,,,18034.3,-30.6333,23.9167
68538,De Aar,ZA,4,17.2,10.3,24.2,35.2,,,16377.1,-30.6333,23.9167
68538,De Aar,ZA,5,13.6,6.8,20.5,18.0,,,15969.0,-30.6333,23.9167
68538,De Aar,ZA,6,10.2,3.2,17.2,11.0,,,15325.7,-30.6333,23.9167
68538,De Aar,ZA,7,10.0,2.7,17.2,12.1,,,16702.9,-30.6333,23.9167
68538,De Aar,ZA,8,11.9,4.1,19.7,8.9,,,17820.0,-30.6333,23.9167
68538,De Aar,ZA,9,15.4,7.2,23.5,12.8,,,17774.3,-30.6333,23.9167
68538,De Aar,ZA,10,18.8,10.5,27.2,16.0,,,19697.1,-30.6333,23.9167
68538,De Aar,ZA,11,21.0,12.7,29.2,32.7,,,20102.9,-30.6333,23.9167
68538,De Aar,ZA,12,23.2,15.0,31.4,44.4,,,21245.7,-30.6333,23.9167
68580,Cedara,ZA,1,20.5,15.3,25.7,143.4,,,,-29.5333,30.2833
68580,Cedara,ZA,2,20.6,15.4,25.9,113.1,,,,-29.5333,30.2833
68580,Cedara,ZA,3,19.8,13.9,25.6,97.3,,,,-29.5333,30.2833
68580,Cedara,ZA,4,16.9,10.6,23.2,44.1,,,,-29.5333,30.2833
68580,Cedara,ZA,5,14.3,6.8,21.8,24.2,,,,-29.5333,30.2833
68580,Cedara,ZA,6,11.9,3.6,20.1,11.9,,,,-29.5333,30.2833
68580,Cedara,ZA,7,11.6,3.5,19.6,19.1,,,,-29.5333,30.2833
68580,Cedara,ZA,8,13.6,5.8,21.5,15.6,,,,-29.5333,30.2833
68580,Cedara,ZA,9,15.9,9.1,22.7,27.5,,,,-29.5333,30.2833
68580,Cedara,ZA,10,16.6,11.0,22.2,93.4,,,,-29.5333,30.2833
68580,Cedara,ZA,11,18.2,12.6,23.8,114.1,,,,-29.5333,30.2833
68580,Cedara,ZA,12,19.8,14.4,25.1,163.7,,,,-29.5333,30.2833
68588,"Durban, Durban International Airport",ZA,1,24.8,21.2,28.3,131.1,,1013.3,11226.0,-29.9667,30.95
68588,"Durban, Durban International Airport",ZA,2,25.0,21.2,28.9,109.2,,1014.1,11310.0,-29.9667,30.95
68588,"Durban, Durban International Airport",ZA,3,24.3,20.4,28.2,94.4,,1015.7,12922.1,-29.9667,30.95
68588,"Durban, Durban International Airport",ZA,4,22.0,17.6,26.5,77.3,,1017.7,12828.0,-29.9667,30.95
68588,"Durban, Durban International Airport",ZA,5,19.8,14.3,25.2,34.4,,1018.7,14229.5,-29.9667,30.95
68588,"Durban, Durban International Airport",ZA,6,17.7,11.3,24.1,32.7,,1021.1,13556.7,-29.9667,30.95
68588,"Durban, Durban International Airport",ZA,7,17.2,10.9,23.4,44.4,,1022.6,14529.5,-29.9667,30.95
68588,"Durban, Durban International Airport",ZA,8,18.3,13.1,23.5,30.0,,1020.1,13620.0,-29.9667,30.95
68588,"Durban, Durban International Airport",ZA,9,19.6,15.2,24.0,69.8,,1018.6,11197.9,-29.9667,30.95
68588,"Durban, Durban International Airport",ZA,10,20.7,16.9,24.5,105.0,,1017.9,9675.8,-29.9667,30.95
68588,"Durban, Durban International Airport",ZA,11,22.0,18.4,25.7,120.5,,1015.2,9856.7,-29.9667,30.95
68588,"Durban, Durban International Airport",ZA,12,23.5,20.0,27.0,124.0,,1013.9,10906.7,-29.9667,30.95
68618,Calvinia,ZA,1,23.0,13.9,32.0,6.9,,,22463.1,-31.4667,19.7667
68618,Calvinia,ZA,2,23.0,14.1,32.0,16.4,,,19403.1,-31.4667,19.7667
68618,Calvinia,ZA,3,21.1,12.3,29.9,16.1,,,19072.8,-31.4667,19.7667
68618,Calvinia,ZA,4,17.4,9.4,25.5,19.0,,,16698.5,-31.4667,19.7667
68618,Calvinia,ZA,5,13.9,6.4,21.4,20.6,,,15295.4,-31.4667,19.7667
68618,Calvinia,ZA,6,10.8,3.8,17.7,25.0,,,13670.4,-31.4667,19.7667
68618,Calvinia,ZA,7,10.6,3.5,17.6,26.7,,,14873.1,-31.4667,19.7667
68618,Calvinia,ZA,8,10.8,3.2,18.5,21.4,,,15927.7,-31.4667,19.7667
68618,Calvinia,ZA,9,13.2,4.6,21.9,13.1,,,16901.5,-31.4667,19.7667
68618,Calvinia,ZA,10,16.5,7.7,25.3,12.4,,,19486.2,-31.4667,19.7667
68618,Calvinia,ZA,11,18.6,9.8,27.5,12.4,,,20522.3,-31.4667,19.7667
68618,Calvinia,ZA,12,21.1,12.1,30.1,11.4,,,22179.2,-31.4667,19.7667
68712,Cape Columbine,ZA,1,18.0,14.0,21.9,4.2,,,,-32.8333,17.85
68712,Cape Columbine,ZA,2,18.1,14.1,22.1,6.9,,,,-32.8333,17.85
68712,Cape Columbine,ZA,3,17.4,13.5,21.4,6.1,,,,-32.8333,17.85
68712,Cape Columbine,ZA,4,16.9,13.0,20.8,21.7,,,,-32.8333,17.85
68712,Cape Columbine,ZA,5,15.6,12.1,19.1,34.5,,,,-32.8333,17.85
68712,Cape Columbine,ZA,6,14.2,11.0,17.3,59.4,,,,-32.8333,17.85
68712,Cape Columbine,ZA,7,13.9,10.6,17.2,46.9,,,,-32.8333,17.85
68712,Cape Columbine,ZA,8,13.7,10.4,17.0,37.2,,,,-32.8333,17.85
68712,Cape Columbine,ZA,9,14.7,11.4,18.0,34.1,,,,-32.8333,17.85
68712,Cape Columbine,ZA,10,15.9,12.0,19.8,14.3,,,,-32.8333,17.85
68712,Cape Columbine,ZA,11,16.6,12.7,20.5,12.8,,,,-32.8333,17.85
68712,Cape Columbine,ZA,12,17.8,13.8,21.9,6.0,,,,-32.8333,17.85
68816,Cape Town Airport,ZA,1,21.8,16.6,27.1,9.8,,1013.3,21057.7,-33.9833,18.6
68816,Cape Town Airport,ZA,2,22.1,16.7,27.5,10.5,,1013.3,18159.2,-33.9833,18.6
68816,Cape Town Airport,ZA,3,20.6,15.0,26.1,13.2,,1014.7,17298.5,-33.9833,18.6
68816,Cape Town Airport,ZA,4,18.0,12.2,23.7,41.8,,1016.7,14208.5,-33.9833,18.6
68816,Cape Town Airport,ZA,5,15.4,10.1,20.8,65.3,,1017.8,11760.0,-33.9833,18.6
68816,Cape Town Airport,ZA,6,13.3,8.2,18.4,97.2,,1020.0,10661.5,-33.9833,18.6
68816,Cape Town Airport,ZA,7,12.7,7.4,18.0,89.4,,1021.5,11822.3,-33.9833,18.6
68816,Cape Town Airport,ZA,8,13.0,7.7,18.2,75.8,,1020.3,12387.7,-33.9833,18.6
68816,Cape Town Airport,ZA,9,14.4,9.3,19.6,47.3,,1018.6,13802.4,-33.9833,18.6
68816,Cape Town Airport,ZA,10,16.9,11.5,22.3,31.5,,1017.3,17072.3,-33.9833,18.6
68816,Cape Town Airport,ZA,11,18.6,13.5,23.8,26.5,,1015.2,18364.6,-33.9833,18.6
68816,Cape Town Airport,ZA,12,20.8,15.8,25.9,12.5,,1014.1,20238.5,-33.9833,18.6
68828,"George, George Airport",ZA,1,20.2,15.8,24.7,63.7,,1014.2,13696.2,-34.0,22.3833
68828,"George, George Airport",ZA,2,20.6,16.2,25.1,52.2,,1014.2,12161.5,-34.0,22.3833
68828,"George, George Airport",ZA,3,19.6,14.8,24.3,68.2,,1015.4,12690.0,-34.0,22.3833
68828,"George, George Airport",ZA,4,17.6,12.3,23.0,55.7,,1017.0,11990.8,-34.0,22.3833
68828,"George, George Airport",ZA,5,16.1,10.5,21.7,41.2,,1017.8,12205.4,-34.0,22.3833
68828,"George, George Airport",ZA,6,14.2,8.4,19.9,41.2,,1019.8,11584.6,-34.0,22.3833
68828,"George, George Airport",ZA,7,13.4,7.6,19.2,45.8,,1021.2,12572.3,-34.0,22.3833
68828,"George, George Airport",ZA,8,13.6,7.9,19.2,65.3,,1019.8,13363.8,-34.0,22.3833
68828,"George, George Airport",ZA,9,14.4,9.1,19.8,42.7,,1018.6,12717.5,-34.0,22.3833
68828,"George, George Airport",ZA,10,16.0,11.2,20.8,84.8,,1017.8,13012.8,-34.0,22.3833
68828,"George, George Airport",ZA,11,17.2,12.6,21.9,84.9,,1015.5,13520.8,-34.0,22.3833
68828,"George, George Airport",ZA,12,19.2,14.8,23.7,60.7,,1014.7,14065.4,-34.0,22.3833
68842,"Port Elizabeth, Port E Apt",ZA,1,21.5,17.4,25.7,35.4,,1013.7,15586.2,-33.9833,25.6
68842,"Port Elizabeth, Port E Apt",ZA,2,22.0,17.8,26.1,40.3,,1013.9,13245.6,-33.9833,25.6
68842,"Port Elizabeth, Port E Apt",ZA,3,20.6,16.2,25.1,47.7,,1015.4,14030.8,-33.9833,25.6
68842,"Port Elizabeth, Port E Apt",ZA,4,18.4,13.5,23.3,45.3,,1017.2,13020.0,-33.9833,25.6
68842,"Port Elizabeth, Port E Apt",ZA,5,16.6,11.0,22.2,50.5,,1017.8,12971.5,-33.9833,25.6
68842,"Port Elizabeth, Port E Apt",ZA,6,14.4,8.2,20.7,56.2,,1019.6,12552.0,-33.9833,25.6
68842,"Port Elizabeth, Port E Apt",ZA,7,14.1,7.9,20.3,48.9,,1021.2,13668.5,-33.9833,25.6
68842,"Port Elizabeth, Port E Apt",ZA,8,14.6,9.0,20.1,72.0,,1019.5,14198.4,-33.9833,25.6
68842,"Port Elizabeth, Port E Apt",ZA,9,15.6,10.7,20.4,47.6,,1018.4,13752.0,-33.9833,25.6
68842,"Port Elizabeth, Port E Apt",ZA,10,17.2,12.9,21.5,58.8,,1017.8,13792.8,-33.9833,25.6
68842,"Port Elizabeth, Port E Apt",ZA,11,18.6,14.3,22.8,55.3,,1015.3,14644.8,-33.9833,25.6
68842,"Port Elizabeth, Port E Apt",ZA,12,20.3,16.2,24.4,46.2,,1014.3,15506.4,-33.9833,25.6
68858,East London Airport,ZA,1,21.6,17.9,25.4,93.1,,1013.8,13160.8,-33.0333,27.8333
68858,East London Airport,ZA,2,22.0,18.2,25.7,76.0,,1014.5,12180.0,-33.0333,27.8333
68858,East London Airport,ZA,3,21.0,17.2,24.8,83.5,,1015.8,12734.4,-33.0333,27.8333
68858,East London Airport,ZA,4,19.5,15.2,23.8,89.1,,1017.5,12983.1,-33.0333,27.8333
68858,East London Airport,ZA,5,17.8,12.5,23.0,56.5,,1018.0,13442.4,-33.0333,27.8333
68858,East London Airport,ZA,6,15.8,10.2,21.3,66.7,,1020.6,13416.0,-33.0333,27.8333
68858,East London Airport,ZA,7,15.4,9.9,21.0,41.6,,1022.3,14152.5,-33.0333,27.8333
68858,East London Airport,ZA,8,15.6,10.6,20.5,76.6,,1020.0,14411.5,-33.0333,27.8333
68858,East London Airport,ZA,9,16.6,12.1,21.1,63.3,,1018.7,13490.8,-33.0333,27.8333
68858,East London Airport,ZA,10,17.2,13.3,21.2,88.7,,1017.6,12453.6,-33.0333,27.8333
68858,East London Airport,ZA,11,18.8,15.1,22.5,104.9,,1015.5,12822.5,-33.0333,27.8333
68858,East London Airport,ZA,12,20.5,16.8,24.2,103.3,,1014.6,12957.6,-33.0333,27.8333
68906,Gough Island,ZA,1,15.0,11.9,18.0,213.3,,1015.3,10663.2,-40.35,-9.8833
68906,Gough Island,ZA,2,15.2,12.1,18.2,193.5,,1015.7,9311.5,-40.35,-9.8833
68906,Gough Island,ZA,3,14.4,11.8,17.1,237.7,,1016.4,7218.7,-40.35,-9.8833
68906,Gough Island,ZA,4,13.2,10.7,15.6,288.1,,1014.6,5922.5,-40.35,-9.8833
68906,Gough Island,ZA,5,11.4,9.1,13.7,318.6,,1012.3,4927.8,-40.35,-9.8833
68906,Gough Island,ZA,6,10.3,8.0,12.6,330.3,,1013.5,4105.0,-40.35,-9.8833
68906,Gough Island,ZA,7,9.8,7.5,12.0,299.4,,1015.3,4317.6,-40.35,-9.8833
68906,Gough Island,ZA,8,9.3,6.9,11.7,294.2,,1015.9,5510.4,-40.35,-9.8833
68906,Gough Island,ZA,9,9.5,7.0,12.0,278.5,,1016.1,6120.0,-40.35,-9.8833
68906,Gough Island,ZA,10,10.8,8.2,13.4,274.1,,1017.4,7852.2,-40.35,-9.8833
68906,Gough Island,ZA,11,12.2,9.5,15.0,235.4,,1016.2,9453.6,-40.35,-9.8833
68906,Gough Island,ZA,12,14.2,11.2,17.2,244.2,,1014.2,10412.5,-40.35,-9.8833
68938,Cape Saint Francis,ZA,1,,,,28.4,,,,-34.2,24.8333
68938,Cape Saint Francis,ZA,2,,,,43.8,,,,-34.2,24.8333
68938,Cape Saint Francis,ZA,3,,,,41.7,,,,-34.2,24.8333
68938,Cape Saint Francis,ZA,4,,,,50.6,,,,-34.2,24.8333
68938,Cape Saint Francis,ZA,5,,,,39.6,,,,-34.2,24.8333
68938,Cape Saint Francis,ZA,6,,,,79.3,,,,-34.2,24.8333
68938,Cape Saint Francis,ZA,7,,,,88.3,,,,-34.2,24.8333
68938,Cape Saint Francis,ZA,8,,,,92.7,,,,-34.2,24.8333
68938,Cape Saint Francis,ZA,9,,,,66.5,,,,-34.2,24.8333
68938,Cape Saint Francis,ZA,10,,,,68.5,,,,-34.2,24.8333
68938,Cape Saint Francis,ZA,11,,,,58.7,,,,-34.2,24.8333
68938,Cape Saint Francis,ZA,12,,,,41.6,,,,-34.2,24.8333
68994,Marion Island,ZA,1,8.4,5.2,11.5,171.2,,1006.6,9626.4,-46.8833,37.8667
68994,Marion Island,ZA,2,8.9,5.8,12.0,157.6,,1009.2,8270.4,-46.8833,37.8667
68994,Marion Island,ZA,3,8.2,5.2,11.1,154.8,,1010.2,7473.9,-46.8833,37.8667
68994,Marion Island,ZA,4,7.2,4.3,10.0,169.9,,1010.4,6114.8,-46.8833,37.8667
68994,Marion Island,ZA,5,5.9,3.1,8.7,178.2,,1008.5,4936.8,-46.8833,37.8667
68994,Marion Island,ZA,6,4.8,2.3,7.4,161.8,,1007.3,3612.0,-46.8833,37.8667
68994,Marion Island,ZA,7,4.5,1.9,7.1,160.0,,1007.3,3984.0,-46.8833,37.8667
68994,Marion Island,ZA,8,4.2,1.5,6.8,149.3,,1009.2,5282.4,-46.8833,37.8667
68994,Marion Island,ZA,9,4.2,1.5,7.0,164.2,,1006.8,6573.9,-46.8833,37.8667
68994,Marion Island,ZA,10,5.4,2.5,8.2,151.8,,1010.4,8130.0,-46.8833,37.8667
68994,Marion Island,ZA,11,6.3,3.3,9.3,149.9,,1006.7,9146.1,-46.8833,37.8667
68994,Marion Island,ZA,12,7.4,4.2,10.5,156.1,,1005.4,9970.0,-46.8833,37.8667
